SET FOREIGN_KEY_CHECKS=0;
SET SQL_MODE='NO_AUTO_VALUE_ON_ZERO';
SET NAMES utf8mb4;

-- ============================================================
-- STUDENTS (user IDs 36–235)
-- ============================================================

-- Sem 1 students
INSERT IGNORE INTO users (id,email,password_hash,primary_role,status,last_used_role,created_at,updated_at) VALUES (36,'wei.chan@student.utem.edu.my','$2y$10$UxOTjCguXl9fcWWaNvvjtuxZfqHP2vM7Hba4BYob0n455/Hsv1s3y','student','active','student','2024-01-15 00:00:36','2024-01-15 00:00:36');
INSERT IGNORE INTO students (user_id,full_name,preferred_name,avatar_path,matric_no,university,phone,looking_for_housing,housing_pref_city,housing_pref_max_rent,housing_pref_move_in,housing_bio) VALUES (36,'Chan Wei','Wei',NULL,'B032410001','UTeM','011-4444412',1,'Durian Tunggal',350,'2024-02-01','Friendly and clean. Looking for affordable housing.');
INSERT IGNORE INTO users (id,email,password_hash,primary_role,status,last_used_role,created_at,updated_at) VALUES (37,'zi.yang.khor@student.utem.edu.my','$2y$10$UxOTjCguXl9fcWWaNvvjtuxZfqHP2vM7Hba4BYob0n455/Hsv1s3y','student','active','student','2024-01-18 00:00:37','2024-01-18 00:00:37');
INSERT IGNORE INTO students (user_id,full_name,preferred_name,avatar_path,matric_no,university,phone,looking_for_housing,housing_pref_city,housing_pref_max_rent,housing_pref_move_in,housing_bio) VALUES (37,'Khor Zi Yang','Zi',NULL,'B032410002','UTeM','012-5678979',1,'Ayer Keroh',400,'2024-02-01','Prefer female-only housing near campus.');
INSERT IGNORE INTO users (id,email,password_hash,primary_role,status,last_used_role,created_at,updated_at) VALUES (38,'priya.umar@student.utem.edu.my','$2y$10$UxOTjCguXl9fcWWaNvvjtuxZfqHP2vM7Hba4BYob0n455/Hsv1s3y','student','active','student','2024-01-21 00:00:38','2024-01-21 00:00:38');
INSERT IGNORE INTO students (user_id,full_name,preferred_name,avatar_path,matric_no,university,phone,looking_for_housing,housing_pref_city,housing_pref_max_rent,housing_pref_move_in,housing_bio) VALUES (38,'Priya a/l Kumar','Priya',NULL,'B032410003','UTeM','013-6913546',1,'Melaka Tengah',450,'2024-02-01','Engineering student, need study space.');
INSERT IGNORE INTO users (id,email,password_hash,primary_role,status,last_used_role,created_at,updated_at) VALUES (39,'kavitha.rishnan@student.utem.edu.my','$2y$10$UxOTjCguXl9fcWWaNvvjtuxZfqHP2vM7Hba4BYob0n455/Hsv1s3y','student','active','student','2024-01-24 00:00:39','2024-01-24 00:00:39');
INSERT IGNORE INTO students (user_id,full_name,preferred_name,avatar_path,matric_no,university,phone,looking_for_housing,housing_pref_city,housing_pref_max_rent,housing_pref_move_in,housing_bio) VALUES (39,'Kavitha a/l Krishnan','Kavitha',NULL,'B032410004','UTeM','014-8148113',1,'Bukit Beruang',500,'2024-02-01','Part-time worker, flexible on move-in date.');
INSERT IGNORE INTO users (id,email,password_hash,primary_role,status,last_used_role,created_at,updated_at) VALUES (40,'farhana.usof@student.utem.edu.my','$2y$10$UxOTjCguXl9fcWWaNvvjtuxZfqHP2vM7Hba4BYob0n455/Hsv1s3y','student','suspended','student','2024-01-27 00:00:40','2024-01-27 00:00:40');
INSERT IGNORE INTO students (user_id,full_name,preferred_name,avatar_path,matric_no,university,phone,looking_for_housing,housing_pref_city,housing_pref_max_rent,housing_pref_move_in,housing_bio) VALUES (40,'Farhana binti Yusof','Farhana',NULL,'B032410005','UTeM','015-9382680',1,'Ayer Keroh',300,'2024-02-01','Looking for a quiet room near UTeM campus.');
INSERT IGNORE INTO users (id,email,password_hash,primary_role,status,last_used_role,created_at,updated_at) VALUES (41,'nurul.hmad@student.utem.edu.my','$2y$10$UxOTjCguXl9fcWWaNvvjtuxZfqHP2vM7Hba4BYob0n455/Hsv1s3y','student','active','student','2024-01-30 00:00:41','2024-01-30 00:00:41');
INSERT IGNORE INTO students (user_id,full_name,preferred_name,avatar_path,matric_no,university,phone,looking_for_housing,housing_pref_city,housing_pref_max_rent,housing_pref_move_in,housing_bio) VALUES (41,'Nurul binti Ahmad','Nurul',NULL,'B032410006','UTeM','016-0617247',1,'Durian Tunggal',350,'2024-02-01','Prefer house-sharing with other students.');
INSERT IGNORE INTO users (id,email,password_hash,primary_role,status,last_used_role,created_at,updated_at) VALUES (42,'siti.ainudin@student.utem.edu.my','$2y$10$UxOTjCguXl9fcWWaNvvjtuxZfqHP2vM7Hba4BYob0n455/Hsv1s3y','student','active','student','2024-02-02 00:00:42','2024-02-02 00:00:42');
INSERT IGNORE INTO students (user_id,full_name,preferred_name,avatar_path,matric_no,university,phone,looking_for_housing,housing_pref_city,housing_pref_max_rent,housing_pref_move_in,housing_bio) VALUES (42,'Siti bin Zainudin','Siti',NULL,'B032410007','UTeM','017-1851814',1,'Durian Tunggal',400,'2024-02-01','Need WiFi and air conditioning. Budget-conscious.');
INSERT IGNORE INTO users (id,email,password_hash,primary_role,status,last_used_role,created_at,updated_at) VALUES (43,'aini.amaruddin@student.utem.edu.my','$2y$10$UxOTjCguXl9fcWWaNvvjtuxZfqHP2vM7Hba4BYob0n455/Hsv1s3y','student','active','student','2024-02-05 00:00:43','2024-02-05 00:00:43');
INSERT IGNORE INTO students (user_id,full_name,preferred_name,avatar_path,matric_no,university,phone,looking_for_housing,housing_pref_city,housing_pref_max_rent,housing_pref_move_in,housing_bio) VALUES (43,'Aini bin Kamaruddin','Aini',NULL,'B032410008','UTeM','018-3086381',1,'Ayer Keroh',450,'2024-02-01','Final year student, need stable accommodation.');
INSERT IGNORE INTO users (id,email,password_hash,primary_role,status,last_used_role,created_at,updated_at) VALUES (44,'zulaikha.amid@student.utem.edu.my','$2y$10$UxOTjCguXl9fcWWaNvvjtuxZfqHP2vM7Hba4BYob0n455/Hsv1s3y','student','active','student','2024-02-08 00:00:44','2024-02-08 00:00:44');
INSERT IGNORE INTO students (user_id,full_name,preferred_name,avatar_path,matric_no,university,phone,looking_for_housing,housing_pref_city,housing_pref_max_rent,housing_pref_move_in,housing_bio) VALUES (44,'Zulaikha binti Hamid','Zulaikha',NULL,'B032410009','UTeM','019-4320948',1,'Melaka Tengah',500,'2024-02-01','Friendly and clean. Looking for affordable housing.');
INSERT IGNORE INTO users (id,email,password_hash,primary_role,status,last_used_role,created_at,updated_at) VALUES (45,'rui.lee@student.utem.edu.my','$2y$10$UxOTjCguXl9fcWWaNvvjtuxZfqHP2vM7Hba4BYob0n455/Hsv1s3y','student','active','student','2024-02-11 00:00:45','2024-02-11 00:00:45');
INSERT IGNORE INTO students (user_id,full_name,preferred_name,avatar_path,matric_no,university,phone,looking_for_housing,housing_pref_city,housing_pref_max_rent,housing_pref_move_in,housing_bio) VALUES (45,'Lee Rui','Rui',NULL,'B032410010','UTeM','011-5555515',1,'Bukit Beruang',300,'2024-02-01','Prefer female-only housing near campus.');
INSERT IGNORE INTO users (id,email,password_hash,primary_role,status,last_used_role,created_at,updated_at) VALUES (46,'wan.ting.yap@student.utem.edu.my','$2y$10$UxOTjCguXl9fcWWaNvvjtuxZfqHP2vM7Hba4BYob0n455/Hsv1s3y','student','active','student','2024-02-14 00:00:46','2024-02-14 00:00:46');
INSERT IGNORE INTO students (user_id,full_name,preferred_name,avatar_path,matric_no,university,phone,looking_for_housing,housing_pref_city,housing_pref_max_rent,housing_pref_move_in,housing_bio) VALUES (46,'Yap Wan Ting','Wan',NULL,'B032410011','UTeM','012-6790082',1,'Ayer Keroh',350,'2024-02-01','Engineering student, need study space.');
INSERT IGNORE INTO users (id,email,password_hash,primary_role,status,last_used_role,created_at,updated_at) VALUES (47,'su.lin.ng@student.utem.edu.my','$2y$10$UxOTjCguXl9fcWWaNvvjtuxZfqHP2vM7Hba4BYob0n455/Hsv1s3y','student','active','student','2024-02-17 00:00:47','2024-02-17 00:00:47');
INSERT IGNORE INTO students (user_id,full_name,preferred_name,avatar_path,matric_no,university,phone,looking_for_housing,housing_pref_city,housing_pref_max_rent,housing_pref_move_in,housing_bio) VALUES (47,'Ng Su Lin','Su',NULL,'B032410012','UTeM','013-8024649',1,'Durian Tunggal',400,'2024-02-01','Part-time worker, flexible on move-in date.');
INSERT IGNORE INTO users (id,email,password_hash,primary_role,status,last_used_role,created_at,updated_at) VALUES (48,'rajan.umar@student.utem.edu.my','$2y$10$UxOTjCguXl9fcWWaNvvjtuxZfqHP2vM7Hba4BYob0n455/Hsv1s3y','student','active','student','2024-02-20 00:00:48','2024-02-20 00:00:48');
INSERT IGNORE INTO students (user_id,full_name,preferred_name,avatar_path,matric_no,university,phone,looking_for_housing,housing_pref_city,housing_pref_max_rent,housing_pref_move_in,housing_bio) VALUES (48,'Rajan a/l Kumar','Rajan',NULL,'B032410013','UTeM','014-9259216',1,'Durian Tunggal',450,'2024-02-01','Looking for a quiet room near UTeM campus.');
INSERT IGNORE INTO users (id,email,password_hash,primary_role,status,last_used_role,created_at,updated_at) VALUES (49,'suresh.rishnan@student.utem.edu.my','$2y$10$UxOTjCguXl9fcWWaNvvjtuxZfqHP2vM7Hba4BYob0n455/Hsv1s3y','student','active','student','2024-02-23 00:00:49','2024-02-23 00:00:49');
INSERT IGNORE INTO students (user_id,full_name,preferred_name,avatar_path,matric_no,university,phone,looking_for_housing,housing_pref_city,housing_pref_max_rent,housing_pref_move_in,housing_bio) VALUES (49,'Suresh a/l Krishnan','Suresh',NULL,'B032410014','UTeM','015-0493783',1,'Ayer Keroh',500,'2024-02-01','Prefer house-sharing with other students.');
INSERT IGNORE INTO users (id,email,password_hash,primary_role,status,last_used_role,created_at,updated_at) VALUES (50,'arif.ainal@student.utem.edu.my','$2y$10$UxOTjCguXl9fcWWaNvvjtuxZfqHP2vM7Hba4BYob0n455/Hsv1s3y','student','active','student','2024-02-26 00:00:50','2024-02-26 00:00:50');
INSERT IGNORE INTO students (user_id,full_name,preferred_name,avatar_path,matric_no,university,phone,looking_for_housing,housing_pref_city,housing_pref_max_rent,housing_pref_move_in,housing_bio) VALUES (50,'Arif bin Zainal','Arif',NULL,'B032410015','UTeM','016-1728350',1,'Melaka Tengah',300,'2024-02-01','Need WiFi and air conditioning. Budget-conscious.');
INSERT IGNORE INTO users (id,email,password_hash,primary_role,status,last_used_role,created_at,updated_at) VALUES (51,'zikri.dris@student.utem.edu.my','$2y$10$UxOTjCguXl9fcWWaNvvjtuxZfqHP2vM7Hba4BYob0n455/Hsv1s3y','student','active','student','2024-02-29 00:00:51','2024-02-29 00:00:51');
INSERT IGNORE INTO students (user_id,full_name,preferred_name,avatar_path,matric_no,university,phone,looking_for_housing,housing_pref_city,housing_pref_max_rent,housing_pref_move_in,housing_bio) VALUES (51,'Zikri binti Idris','Zikri',NULL,'B032410016','UTeM','017-2962917',1,'Bukit Beruang',350,'2024-02-01','Final year student, need stable accommodation.');
INSERT IGNORE INTO users (id,email,password_hash,primary_role,status,last_used_role,created_at,updated_at) VALUES (52,'irfan.ansor@student.utem.edu.my','$2y$10$UxOTjCguXl9fcWWaNvvjtuxZfqHP2vM7Hba4BYob0n455/Hsv1s3y','student','active','student','2024-03-03 00:00:52','2024-03-03 00:00:52');
INSERT IGNORE INTO students (user_id,full_name,preferred_name,avatar_path,matric_no,university,phone,looking_for_housing,housing_pref_city,housing_pref_max_rent,housing_pref_move_in,housing_bio) VALUES (52,'Irfan bin Mansor','Irfan',NULL,'B032410017','UTeM','018-4197484',1,'Ayer Keroh',400,'2024-02-01','Friendly and clean. Looking for affordable housing.');
INSERT IGNORE INTO users (id,email,password_hash,primary_role,status,last_used_role,created_at,updated_at) VALUES (53,'ridhwan.atif@student.utem.edu.my','$2y$10$UxOTjCguXl9fcWWaNvvjtuxZfqHP2vM7Hba4BYob0n455/Hsv1s3y','student','active','student','2024-03-06 00:00:53','2024-03-06 00:00:53');
INSERT IGNORE INTO students (user_id,full_name,preferred_name,avatar_path,matric_no,university,phone,looking_for_housing,housing_pref_city,housing_pref_max_rent,housing_pref_move_in,housing_bio) VALUES (53,'Ridhwan binti Latif','Ridhwan',NULL,'B032410018','UTeM','019-5432051',1,'Durian Tunggal',450,'2024-02-01','Prefer female-only housing near campus.');
INSERT IGNORE INTO users (id,email,password_hash,primary_role,status,last_used_role,created_at,updated_at) VALUES (54,'nadzmi.bdullah@student.utem.edu.my','$2y$10$UxOTjCguXl9fcWWaNvvjtuxZfqHP2vM7Hba4BYob0n455/Hsv1s3y','student','active','student','2024-03-09 00:00:54','2024-03-09 00:00:54');
INSERT IGNORE INTO students (user_id,full_name,preferred_name,avatar_path,matric_no,university,phone,looking_for_housing,housing_pref_city,housing_pref_max_rent,housing_pref_move_in,housing_bio) VALUES (54,'Nadzmi bin Abdullah','Nadzmi',NULL,'B032410019','UTeM','011-6666618',1,'Durian Tunggal',500,'2024-02-01','Engineering student, need study space.');
INSERT IGNORE INTO users (id,email,password_hash,primary_role,status,last_used_role,created_at,updated_at) VALUES (55,'zi.yang.goh@student.utem.edu.my','$2y$10$UxOTjCguXl9fcWWaNvvjtuxZfqHP2vM7Hba4BYob0n455/Hsv1s3y','student','active','student','2024-03-12 00:00:55','2024-03-12 00:00:55');
INSERT IGNORE INTO students (user_id,full_name,preferred_name,avatar_path,matric_no,university,phone,looking_for_housing,housing_pref_city,housing_pref_max_rent,housing_pref_move_in,housing_bio) VALUES (55,'Goh Zi Yang','Zi',NULL,'B032410020','UTeM','012-7901185',1,'Ayer Keroh',300,'2024-02-01','Part-time worker, flexible on move-in date.');
INSERT IGNORE INTO users (id,email,password_hash,primary_role,status,last_used_role,created_at,updated_at) VALUES (56,'jing.yi.wong@student.utem.edu.my','$2y$10$UxOTjCguXl9fcWWaNvvjtuxZfqHP2vM7Hba4BYob0n455/Hsv1s3y','student','active','student','2024-03-15 00:00:56','2024-03-15 00:00:56');
INSERT IGNORE INTO students (user_id,full_name,preferred_name,avatar_path,matric_no,university,phone,looking_for_housing,housing_pref_city,housing_pref_max_rent,housing_pref_move_in,housing_bio) VALUES (56,'Wong Jing Yi','Jing',NULL,'B032410021','UTeM','013-9135752',1,'Melaka Tengah',350,'2024-02-01','Looking for a quiet room near UTeM campus.');
INSERT IGNORE INTO users (id,email,password_hash,primary_role,status,last_used_role,created_at,updated_at) VALUES (57,'rui.chong@student.utem.edu.my','$2y$10$UxOTjCguXl9fcWWaNvvjtuxZfqHP2vM7Hba4BYob0n455/Hsv1s3y','student','active','student','2024-03-18 00:00:57','2024-03-18 00:00:57');
INSERT IGNORE INTO students (user_id,full_name,preferred_name,avatar_path,matric_no,university,phone,looking_for_housing,housing_pref_city,housing_pref_max_rent,housing_pref_move_in,housing_bio) VALUES (57,'Chong Rui','Rui',NULL,'B032410022','UTeM','014-0370319',1,'Bukit Beruang',400,'2024-02-01','Prefer house-sharing with other students.');
INSERT IGNORE INTO users (id,email,password_hash,primary_role,status,last_used_role,created_at,updated_at) VALUES (58,'lakshmi.umar@student.utem.edu.my','$2y$10$UxOTjCguXl9fcWWaNvvjtuxZfqHP2vM7Hba4BYob0n455/Hsv1s3y','student','active','student','2024-03-21 00:00:58','2024-03-21 00:00:58');
INSERT IGNORE INTO students (user_id,full_name,preferred_name,avatar_path,matric_no,university,phone,looking_for_housing,housing_pref_city,housing_pref_max_rent,housing_pref_move_in,housing_bio) VALUES (58,'Lakshmi a/l Kumar','Lakshmi',NULL,'B032410023','UTeM','015-1604886',1,'Ayer Keroh',450,'2024-02-01','Need WiFi and air conditioning. Budget-conscious.');
INSERT IGNORE INTO users (id,email,password_hash,primary_role,status,last_used_role,created_at,updated_at) VALUES (59,'nisha.rishnan@student.utem.edu.my','$2y$10$UxOTjCguXl9fcWWaNvvjtuxZfqHP2vM7Hba4BYob0n455/Hsv1s3y','student','active','student','2024-03-24 00:00:59','2024-03-24 00:00:59');
INSERT IGNORE INTO students (user_id,full_name,preferred_name,avatar_path,matric_no,university,phone,looking_for_housing,housing_pref_city,housing_pref_max_rent,housing_pref_move_in,housing_bio) VALUES (59,'Nisha a/l Krishnan','Nisha',NULL,'B032410024','UTeM','016-2839453',1,'Durian Tunggal',500,'2024-02-01','Final year student, need stable accommodation.');
INSERT IGNORE INTO users (id,email,password_hash,primary_role,status,last_used_role,created_at,updated_at) VALUES (60,'ahmad.ainudin@student.utem.edu.my','$2y$10$UxOTjCguXl9fcWWaNvvjtuxZfqHP2vM7Hba4BYob0n455/Hsv1s3y','student','suspended','student','2024-03-27 00:01:00','2024-03-27 00:01:00');
INSERT IGNORE INTO students (user_id,full_name,preferred_name,avatar_path,matric_no,university,phone,looking_for_housing,housing_pref_city,housing_pref_max_rent,housing_pref_move_in,housing_bio) VALUES (60,'Ahmad bin Zainudin','Ahmad',NULL,'B032410025','UTeM','017-4074020',1,'Durian Tunggal',300,'2024-02-01','Friendly and clean. Looking for affordable housing.');
INSERT IGNORE INTO users (id,email,password_hash,primary_role,status,last_used_role,created_at,updated_at) VALUES (61,'muhammad.amaruddin@student.utem.edu.my','$2y$10$UxOTjCguXl9fcWWaNvvjtuxZfqHP2vM7Hba4BYob0n455/Hsv1s3y','student','active','student','2024-03-30 00:01:01','2024-03-30 00:01:01');
INSERT IGNORE INTO students (user_id,full_name,preferred_name,avatar_path,matric_no,university,phone,looking_for_housing,housing_pref_city,housing_pref_max_rent,housing_pref_move_in,housing_bio) VALUES (61,'Muhammad bin Kamaruddin','Muhammad',NULL,'B032410026','UTeM','018-5308587',1,'Ayer Keroh',350,'2024-02-01','Prefer female-only housing near campus.');
INSERT IGNORE INTO users (id,email,password_hash,primary_role,status,last_used_role,created_at,updated_at) VALUES (62,'mohd.amid@student.utem.edu.my','$2y$10$UxOTjCguXl9fcWWaNvvjtuxZfqHP2vM7Hba4BYob0n455/Hsv1s3y','student','active','student','2024-04-02 00:01:02','2024-04-02 00:01:02');
INSERT IGNORE INTO students (user_id,full_name,preferred_name,avatar_path,matric_no,university,phone,looking_for_housing,housing_pref_city,housing_pref_max_rent,housing_pref_move_in,housing_bio) VALUES (62,'Mohd binti Hamid','Mohd',NULL,'B032410027','UTeM','019-6543154',1,'Melaka Tengah',400,'2024-02-01','Engineering student, need study space.');
INSERT IGNORE INTO users (id,email,password_hash,primary_role,status,last_used_role,created_at,updated_at) VALUES (63,'amirul.aad@student.utem.edu.my','$2y$10$UxOTjCguXl9fcWWaNvvjtuxZfqHP2vM7Hba4BYob0n455/Hsv1s3y','student','active','student','2024-04-05 00:01:03','2024-04-05 00:01:03');
INSERT IGNORE INTO students (user_id,full_name,preferred_name,avatar_path,matric_no,university,phone,looking_for_housing,housing_pref_city,housing_pref_max_rent,housing_pref_move_in,housing_bio) VALUES (63,'Amirul bin Saad','Amirul',NULL,'B032410028','UTeM','011-7777721',1,'Bukit Beruang',450,'2024-02-01','Part-time worker, flexible on move-in date.');
INSERT IGNORE INTO users (id,email,password_hash,primary_role,status,last_used_role,created_at,updated_at) VALUES (64,'hafiz.ahim@student.utem.edu.my','$2y$10$UxOTjCguXl9fcWWaNvvjtuxZfqHP2vM7Hba4BYob0n455/Hsv1s3y','student','active','student','2024-04-08 00:01:04','2024-04-08 00:01:04');
INSERT IGNORE INTO students (user_id,full_name,preferred_name,avatar_path,matric_no,university,phone,looking_for_housing,housing_pref_city,housing_pref_max_rent,housing_pref_move_in,housing_bio) VALUES (64,'Hafiz bin Rahim','Hafiz',NULL,'B032410029','UTeM','012-9012288',1,'Ayer Keroh',500,'2024-02-01','Looking for a quiet room near UTeM campus.');
INSERT IGNORE INTO users (id,email,password_hash,primary_role,status,last_used_role,created_at,updated_at) VALUES (65,'su.lin.tan@student.utem.edu.my','$2y$10$UxOTjCguXl9fcWWaNvvjtuxZfqHP2vM7Hba4BYob0n455/Hsv1s3y','student','active','student','2024-04-11 00:01:05','2024-04-11 00:01:05');
INSERT IGNORE INTO students (user_id,full_name,preferred_name,avatar_path,matric_no,university,phone,looking_for_housing,housing_pref_city,housing_pref_max_rent,housing_pref_move_in,housing_bio) VALUES (65,'Tan Su Lin','Su',NULL,'B032410030','UTeM','013-0246855',1,'Durian Tunggal',300,'2024-02-01','Prefer house-sharing with other students.');
INSERT IGNORE INTO users (id,email,password_hash,primary_role,status,last_used_role,created_at,updated_at) VALUES (66,'wei.ong@student.utem.edu.my','$2y$10$UxOTjCguXl9fcWWaNvvjtuxZfqHP2vM7Hba4BYob0n455/Hsv1s3y','student','active','student','2024-04-14 00:01:06','2024-04-14 00:01:06');
INSERT IGNORE INTO students (user_id,full_name,preferred_name,avatar_path,matric_no,university,phone,looking_for_housing,housing_pref_city,housing_pref_max_rent,housing_pref_move_in,housing_bio) VALUES (66,'Ong Wei','Wei',NULL,'B032410031','UTeM','014-1481422',1,'Durian Tunggal',350,'2024-02-01','Need WiFi and air conditioning. Budget-conscious.');
INSERT IGNORE INTO users (id,email,password_hash,primary_role,status,last_used_role,created_at,updated_at) VALUES (67,'zi.yang.lim@student.utem.edu.my','$2y$10$UxOTjCguXl9fcWWaNvvjtuxZfqHP2vM7Hba4BYob0n455/Hsv1s3y','student','active','student','2024-04-17 00:01:07','2024-04-17 00:01:07');
INSERT IGNORE INTO students (user_id,full_name,preferred_name,avatar_path,matric_no,university,phone,looking_for_housing,housing_pref_city,housing_pref_max_rent,housing_pref_move_in,housing_bio) VALUES (67,'Lim Zi Yang','Zi',NULL,'B032410032','UTeM','015-2715989',1,'Ayer Keroh',400,'2024-02-01','Final year student, need stable accommodation.');
INSERT IGNORE INTO users (id,email,password_hash,primary_role,status,last_used_role,created_at,updated_at) VALUES (68,'priya.umar1@student.utem.edu.my','$2y$10$UxOTjCguXl9fcWWaNvvjtuxZfqHP2vM7Hba4BYob0n455/Hsv1s3y','student','active','student','2024-04-20 00:01:08','2024-04-20 00:01:08');
INSERT IGNORE INTO students (user_id,full_name,preferred_name,avatar_path,matric_no,university,phone,looking_for_housing,housing_pref_city,housing_pref_max_rent,housing_pref_move_in,housing_bio) VALUES (68,'Priya a/l Kumar','Priya',NULL,'B032410033','UTeM','016-3950556',1,'Melaka Tengah',450,'2024-02-01','Friendly and clean. Looking for affordable housing.');
INSERT IGNORE INTO users (id,email,password_hash,primary_role,status,last_used_role,created_at,updated_at) VALUES (69,'kavitha.rishnan1@student.utem.edu.my','$2y$10$UxOTjCguXl9fcWWaNvvjtuxZfqHP2vM7Hba4BYob0n455/Hsv1s3y','student','active','student','2024-04-23 00:01:09','2024-04-23 00:01:09');
INSERT IGNORE INTO students (user_id,full_name,preferred_name,avatar_path,matric_no,university,phone,looking_for_housing,housing_pref_city,housing_pref_max_rent,housing_pref_move_in,housing_bio) VALUES (69,'Kavitha a/l Krishnan','Kavitha',NULL,'B032410034','UTeM','017-5185123',1,'Bukit Beruang',500,'2024-02-01','Prefer female-only housing near campus.');
INSERT IGNORE INTO users (id,email,password_hash,primary_role,status,last_used_role,created_at,updated_at) VALUES (70,'farhana.ansor@student.utem.edu.my','$2y$10$UxOTjCguXl9fcWWaNvvjtuxZfqHP2vM7Hba4BYob0n455/Hsv1s3y','student','active','student','2024-04-26 00:01:10','2024-04-26 00:01:10');
INSERT IGNORE INTO students (user_id,full_name,preferred_name,avatar_path,matric_no,university,phone,looking_for_housing,housing_pref_city,housing_pref_max_rent,housing_pref_move_in,housing_bio) VALUES (70,'Farhana bin Mansor','Farhana',NULL,'B032410035','UTeM','018-6419690',1,'Ayer Keroh',300,'2024-02-01','Engineering student, need study space.');
INSERT IGNORE INTO users (id,email,password_hash,primary_role,status,last_used_role,created_at,updated_at) VALUES (71,'nurul.atif@student.utem.edu.my','$2y$10$UxOTjCguXl9fcWWaNvvjtuxZfqHP2vM7Hba4BYob0n455/Hsv1s3y','student','active','student','2024-04-29 00:01:11','2024-04-29 00:01:11');
INSERT IGNORE INTO students (user_id,full_name,preferred_name,avatar_path,matric_no,university,phone,looking_for_housing,housing_pref_city,housing_pref_max_rent,housing_pref_move_in,housing_bio) VALUES (71,'Nurul binti Latif','Nurul',NULL,'B032410036','UTeM','019-7654257',1,'Durian Tunggal',350,'2024-02-01','Part-time worker, flexible on move-in date.');
INSERT IGNORE INTO users (id,email,password_hash,primary_role,status,last_used_role,created_at,updated_at) VALUES (72,'siti.bdullah@student.utem.edu.my','$2y$10$UxOTjCguXl9fcWWaNvvjtuxZfqHP2vM7Hba4BYob0n455/Hsv1s3y','student','active','student','2024-05-02 00:01:12','2024-05-02 00:01:12');
INSERT IGNORE INTO students (user_id,full_name,preferred_name,avatar_path,matric_no,university,phone,looking_for_housing,housing_pref_city,housing_pref_max_rent,housing_pref_move_in,housing_bio) VALUES (72,'Siti bin Abdullah','Siti',NULL,'B032410037','UTeM','011-8888824',1,'Durian Tunggal',400,'2024-02-01','Looking for a quiet room near UTeM campus.');
INSERT IGNORE INTO users (id,email,password_hash,primary_role,status,last_used_role,created_at,updated_at) VALUES (73,'aini.azak@student.utem.edu.my','$2y$10$UxOTjCguXl9fcWWaNvvjtuxZfqHP2vM7Hba4BYob0n455/Hsv1s3y','student','active','student','2024-05-05 00:01:13','2024-05-05 00:01:13');
INSERT IGNORE INTO students (user_id,full_name,preferred_name,avatar_path,matric_no,university,phone,looking_for_housing,housing_pref_city,housing_pref_max_rent,housing_pref_move_in,housing_bio) VALUES (73,'Aini bin Razak','Aini',NULL,'B032410038','UTeM','012-0123391',1,'Ayer Keroh',450,'2024-02-01','Prefer house-sharing with other students.');
INSERT IGNORE INTO users (id,email,password_hash,primary_role,status,last_used_role,created_at,updated_at) VALUES (74,'zulaikha.assan@student.utem.edu.my','$2y$10$UxOTjCguXl9fcWWaNvvjtuxZfqHP2vM7Hba4BYob0n455/Hsv1s3y','student','active','student','2024-05-08 00:01:14','2024-05-08 00:01:14');
INSERT IGNORE INTO students (user_id,full_name,preferred_name,avatar_path,matric_no,university,phone,looking_for_housing,housing_pref_city,housing_pref_max_rent,housing_pref_move_in,housing_bio) VALUES (74,'Zulaikha bin Hassan','Zulaikha',NULL,'B032410039','UTeM','013-1357958',1,'Melaka Tengah',500,'2024-02-01','Need WiFi and air conditioning. Budget-conscious.');
INSERT IGNORE INTO users (id,email,password_hash,primary_role,status,last_used_role,created_at,updated_at) VALUES (75,'rui.chan@student.utem.edu.my','$2y$10$UxOTjCguXl9fcWWaNvvjtuxZfqHP2vM7Hba4BYob0n455/Hsv1s3y','student','active','student','2024-05-11 00:01:15','2024-05-11 00:01:15');
INSERT IGNORE INTO students (user_id,full_name,preferred_name,avatar_path,matric_no,university,phone,looking_for_housing,housing_pref_city,housing_pref_max_rent,housing_pref_move_in,housing_bio) VALUES (75,'Chan Rui','Rui',NULL,'B032410040','UTeM','014-2592525',1,'Bukit Beruang',300,'2024-02-01','Final year student, need stable accommodation.');
INSERT IGNORE INTO users (id,email,password_hash,primary_role,status,last_used_role,created_at,updated_at) VALUES (76,'wan.ting.khor@student.utem.edu.my','$2y$10$UxOTjCguXl9fcWWaNvvjtuxZfqHP2vM7Hba4BYob0n455/Hsv1s3y','student','active','student','2024-05-14 00:01:16','2024-05-14 00:01:16');
INSERT IGNORE INTO students (user_id,full_name,preferred_name,avatar_path,matric_no,university,phone,looking_for_housing,housing_pref_city,housing_pref_max_rent,housing_pref_move_in,housing_bio) VALUES (76,'Khor Wan Ting','Wan',NULL,'B032410041','UTeM','015-3827092',1,'Ayer Keroh',350,'2024-02-01','Friendly and clean. Looking for affordable housing.');
INSERT IGNORE INTO users (id,email,password_hash,primary_role,status,last_used_role,created_at,updated_at) VALUES (77,'su.lin.loh@student.utem.edu.my','$2y$10$UxOTjCguXl9fcWWaNvvjtuxZfqHP2vM7Hba4BYob0n455/Hsv1s3y','student','active','student','2024-05-17 00:01:17','2024-05-17 00:01:17');
INSERT IGNORE INTO students (user_id,full_name,preferred_name,avatar_path,matric_no,university,phone,looking_for_housing,housing_pref_city,housing_pref_max_rent,housing_pref_move_in,housing_bio) VALUES (77,'Loh Su Lin','Su',NULL,'B032410042','UTeM','016-5061659',1,'Durian Tunggal',400,'2024-02-01','Prefer female-only housing near campus.');
INSERT IGNORE INTO users (id,email,password_hash,primary_role,status,last_used_role,created_at,updated_at) VALUES (78,'rajan.umar1@student.utem.edu.my','$2y$10$UxOTjCguXl9fcWWaNvvjtuxZfqHP2vM7Hba4BYob0n455/Hsv1s3y','student','active','student','2024-05-20 00:01:18','2024-05-20 00:01:18');
INSERT IGNORE INTO students (user_id,full_name,preferred_name,avatar_path,matric_no,university,phone,looking_for_housing,housing_pref_city,housing_pref_max_rent,housing_pref_move_in,housing_bio) VALUES (78,'Rajan a/l Kumar','Rajan',NULL,'B032410043','UTeM','017-6296226',1,'Durian Tunggal',450,'2024-02-01','Engineering student, need study space.');
INSERT IGNORE INTO users (id,email,password_hash,primary_role,status,last_used_role,created_at,updated_at) VALUES (79,'suresh.rishnan1@student.utem.edu.my','$2y$10$UxOTjCguXl9fcWWaNvvjtuxZfqHP2vM7Hba4BYob0n455/Hsv1s3y','student','active','student','2024-05-23 00:01:19','2024-05-23 00:01:19');
INSERT IGNORE INTO students (user_id,full_name,preferred_name,avatar_path,matric_no,university,phone,looking_for_housing,housing_pref_city,housing_pref_max_rent,housing_pref_move_in,housing_bio) VALUES (79,'Suresh a/l Krishnan','Suresh',NULL,'B032410044','UTeM','018-7530793',1,'Ayer Keroh',500,'2024-02-01','Part-time worker, flexible on move-in date.');
INSERT IGNORE INTO users (id,email,password_hash,primary_role,status,last_used_role,created_at,updated_at) VALUES (80,'arif.amid@student.utem.edu.my','$2y$10$UxOTjCguXl9fcWWaNvvjtuxZfqHP2vM7Hba4BYob0n455/Hsv1s3y','student','suspended','student','2024-05-26 00:01:20','2024-05-26 00:01:20');
INSERT IGNORE INTO students (user_id,full_name,preferred_name,avatar_path,matric_no,university,phone,looking_for_housing,housing_pref_city,housing_pref_max_rent,housing_pref_move_in,housing_bio) VALUES (80,'Arif binti Hamid','Arif',NULL,'B032410045','UTeM','019-8765360',1,'Melaka Tengah',300,'2024-02-01','Looking for a quiet room near UTeM campus.');
INSERT IGNORE INTO users (id,email,password_hash,primary_role,status,last_used_role,created_at,updated_at) VALUES (81,'zikri.aad@student.utem.edu.my','$2y$10$UxOTjCguXl9fcWWaNvvjtuxZfqHP2vM7Hba4BYob0n455/Hsv1s3y','student','active','student','2024-05-29 00:01:21','2024-05-29 00:01:21');
INSERT IGNORE INTO students (user_id,full_name,preferred_name,avatar_path,matric_no,university,phone,looking_for_housing,housing_pref_city,housing_pref_max_rent,housing_pref_move_in,housing_bio) VALUES (81,'Zikri bin Saad','Zikri',NULL,'B032410046','UTeM','011-9999927',1,'Bukit Beruang',350,'2024-02-01','Prefer house-sharing with other students.');
INSERT IGNORE INTO users (id,email,password_hash,primary_role,status,last_used_role,created_at,updated_at) VALUES (82,'irfan.ahim@student.utem.edu.my','$2y$10$UxOTjCguXl9fcWWaNvvjtuxZfqHP2vM7Hba4BYob0n455/Hsv1s3y','student','active','student','2024-06-01 00:01:22','2024-06-01 00:01:22');
INSERT IGNORE INTO students (user_id,full_name,preferred_name,avatar_path,matric_no,university,phone,looking_for_housing,housing_pref_city,housing_pref_max_rent,housing_pref_move_in,housing_bio) VALUES (82,'Irfan bin Rahim','Irfan',NULL,'B032410047','UTeM','012-1234494',1,'Ayer Keroh',400,'2024-02-01','Need WiFi and air conditioning. Budget-conscious.');
INSERT IGNORE INTO users (id,email,password_hash,primary_role,status,last_used_role,created_at,updated_at) VALUES (83,'ridhwan.smail@student.utem.edu.my','$2y$10$UxOTjCguXl9fcWWaNvvjtuxZfqHP2vM7Hba4BYob0n455/Hsv1s3y','student','active','student','2024-06-04 00:01:23','2024-06-04 00:01:23');
INSERT IGNORE INTO students (user_id,full_name,preferred_name,avatar_path,matric_no,university,phone,looking_for_housing,housing_pref_city,housing_pref_max_rent,housing_pref_move_in,housing_bio) VALUES (83,'Ridhwan binti Ismail','Ridhwan',NULL,'B032410048','UTeM','013-2469061',1,'Durian Tunggal',450,'2024-02-01','Final year student, need stable accommodation.');
INSERT IGNORE INTO users (id,email,password_hash,primary_role,status,last_used_role,created_at,updated_at) VALUES (84,'nadzmi.thman@student.utem.edu.my','$2y$10$UxOTjCguXl9fcWWaNvvjtuxZfqHP2vM7Hba4BYob0n455/Hsv1s3y','student','active','student','2024-06-07 00:01:24','2024-06-07 00:01:24');
INSERT IGNORE INTO students (user_id,full_name,preferred_name,avatar_path,matric_no,university,phone,looking_for_housing,housing_pref_city,housing_pref_max_rent,housing_pref_move_in,housing_bio) VALUES (84,'Nadzmi bin Othman','Nadzmi',NULL,'B032410049','UTeM','014-3703628',1,'Durian Tunggal',500,'2024-02-01','Friendly and clean. Looking for affordable housing.');
INSERT IGNORE INTO users (id,email,password_hash,primary_role,status,last_used_role,created_at,updated_at) VALUES (85,'zi.yang.yap@student.utem.edu.my','$2y$10$UxOTjCguXl9fcWWaNvvjtuxZfqHP2vM7Hba4BYob0n455/Hsv1s3y','student','active','student','2024-06-10 00:01:25','2024-06-10 00:01:25');
INSERT IGNORE INTO students (user_id,full_name,preferred_name,avatar_path,matric_no,university,phone,looking_for_housing,housing_pref_city,housing_pref_max_rent,housing_pref_move_in,housing_bio) VALUES (85,'Yap Zi Yang','Zi',NULL,'B032410050','UTeM','015-4938195',1,'Ayer Keroh',300,'2024-02-01','Prefer female-only housing near campus.');

-- Sem 2 students
INSERT IGNORE INTO users (id,email,password_hash,primary_role,status,last_used_role,created_at,updated_at) VALUES (86,'jing.yi.ng@student.utem.edu.my','$2y$10$UxOTjCguXl9fcWWaNvvjtuxZfqHP2vM7Hba4BYob0n455/Hsv1s3y','student','active','student','2024-08-01 00:01:26','2024-08-01 00:01:26');
INSERT IGNORE INTO students (user_id,full_name,preferred_name,avatar_path,matric_no,university,phone,looking_for_housing,housing_pref_city,housing_pref_max_rent,housing_pref_move_in,housing_bio) VALUES (86,'Ng Jing Yi','Jing',NULL,'B032420001','UTeM','016-6172762',1,'Melaka Tengah',350,'2024-09-01','Engineering student, need study space.');
INSERT IGNORE INTO users (id,email,password_hash,primary_role,status,last_used_role,created_at,updated_at) VALUES (87,'rui.chin@student.utem.edu.my','$2y$10$UxOTjCguXl9fcWWaNvvjtuxZfqHP2vM7Hba4BYob0n455/Hsv1s3y','student','active','student','2024-08-04 00:01:27','2024-08-04 00:01:27');
INSERT IGNORE INTO students (user_id,full_name,preferred_name,avatar_path,matric_no,university,phone,looking_for_housing,housing_pref_city,housing_pref_max_rent,housing_pref_move_in,housing_bio) VALUES (87,'Chin Rui','Rui',NULL,'B032420002','UTeM','017-7407329',1,'Bukit Beruang',400,'2024-09-01','Part-time worker, flexible on move-in date.');
INSERT IGNORE INTO users (id,email,password_hash,primary_role,status,last_used_role,created_at,updated_at) VALUES (88,'lakshmi.umar1@student.utem.edu.my','$2y$10$UxOTjCguXl9fcWWaNvvjtuxZfqHP2vM7Hba4BYob0n455/Hsv1s3y','student','active','student','2024-08-07 00:01:28','2024-08-07 00:01:28');
INSERT IGNORE INTO students (user_id,full_name,preferred_name,avatar_path,matric_no,university,phone,looking_for_housing,housing_pref_city,housing_pref_max_rent,housing_pref_move_in,housing_bio) VALUES (88,'Lakshmi a/l Kumar','Lakshmi',NULL,'B032420003','UTeM','018-8641896',1,'Ayer Keroh',450,'2024-09-01','Looking for a quiet room near UTeM campus.');
INSERT IGNORE INTO users (id,email,password_hash,primary_role,status,last_used_role,created_at,updated_at) VALUES (89,'nisha.rishnan1@student.utem.edu.my','$2y$10$UxOTjCguXl9fcWWaNvvjtuxZfqHP2vM7Hba4BYob0n455/Hsv1s3y','student','active','student','2024-08-10 00:01:29','2024-08-10 00:01:29');
INSERT IGNORE INTO students (user_id,full_name,preferred_name,avatar_path,matric_no,university,phone,looking_for_housing,housing_pref_city,housing_pref_max_rent,housing_pref_move_in,housing_bio) VALUES (89,'Nisha a/l Krishnan','Nisha',NULL,'B032420004','UTeM','019-9876463',1,'Durian Tunggal',500,'2024-09-01','Prefer house-sharing with other students.');
INSERT IGNORE INTO users (id,email,password_hash,primary_role,status,last_used_role,created_at,updated_at) VALUES (90,'ahmad.bdullah@student.utem.edu.my','$2y$10$UxOTjCguXl9fcWWaNvvjtuxZfqHP2vM7Hba4BYob0n455/Hsv1s3y','student','active','student','2024-08-13 00:01:30','2024-08-13 00:01:30');
INSERT IGNORE INTO students (user_id,full_name,preferred_name,avatar_path,matric_no,university,phone,looking_for_housing,housing_pref_city,housing_pref_max_rent,housing_pref_move_in,housing_bio) VALUES (90,'Ahmad bin Abdullah','Ahmad',NULL,'B032420005','UTeM','011-1111030',1,'Durian Tunggal',300,'2024-09-01','Need WiFi and air conditioning. Budget-conscious.');
INSERT IGNORE INTO users (id,email,password_hash,primary_role,status,last_used_role,created_at,updated_at) VALUES (91,'muhammad.azak@student.utem.edu.my','$2y$10$UxOTjCguXl9fcWWaNvvjtuxZfqHP2vM7Hba4BYob0n455/Hsv1s3y','student','active','student','2024-08-16 00:01:31','2024-08-16 00:01:31');
INSERT IGNORE INTO students (user_id,full_name,preferred_name,avatar_path,matric_no,university,phone,looking_for_housing,housing_pref_city,housing_pref_max_rent,housing_pref_move_in,housing_bio) VALUES (91,'Muhammad bin Razak','Muhammad',NULL,'B032420006','UTeM','012-2345597',1,'Ayer Keroh',350,'2024-09-01','Final year student, need stable accommodation.');
INSERT IGNORE INTO users (id,email,password_hash,primary_role,status,last_used_role,created_at,updated_at) VALUES (92,'mohd.assan@student.utem.edu.my','$2y$10$UxOTjCguXl9fcWWaNvvjtuxZfqHP2vM7Hba4BYob0n455/Hsv1s3y','student','active','student','2024-08-19 00:01:32','2024-08-19 00:01:32');
INSERT IGNORE INTO students (user_id,full_name,preferred_name,avatar_path,matric_no,university,phone,looking_for_housing,housing_pref_city,housing_pref_max_rent,housing_pref_move_in,housing_bio) VALUES (92,'Mohd bin Hassan','Mohd',NULL,'B032420007','UTeM','013-3580164',1,'Melaka Tengah',400,'2024-09-01','Friendly and clean. Looking for affordable housing.');
INSERT IGNORE INTO users (id,email,password_hash,primary_role,status,last_used_role,created_at,updated_at) VALUES (93,'amirul.brahim@student.utem.edu.my','$2y$10$UxOTjCguXl9fcWWaNvvjtuxZfqHP2vM7Hba4BYob0n455/Hsv1s3y','student','active','student','2024-08-22 00:01:33','2024-08-22 00:01:33');
INSERT IGNORE INTO students (user_id,full_name,preferred_name,avatar_path,matric_no,university,phone,looking_for_housing,housing_pref_city,housing_pref_max_rent,housing_pref_move_in,housing_bio) VALUES (93,'Amirul bin Ibrahim','Amirul',NULL,'B032420008','UTeM','014-4814731',1,'Bukit Beruang',450,'2024-09-01','Prefer female-only housing near campus.');
INSERT IGNORE INTO users (id,email,password_hash,primary_role,status,last_used_role,created_at,updated_at) VALUES (94,'hafiz.usof@student.utem.edu.my','$2y$10$UxOTjCguXl9fcWWaNvvjtuxZfqHP2vM7Hba4BYob0n455/Hsv1s3y','student','active','student','2024-08-25 00:01:34','2024-08-25 00:01:34');
INSERT IGNORE INTO students (user_id,full_name,preferred_name,avatar_path,matric_no,university,phone,looking_for_housing,housing_pref_city,housing_pref_max_rent,housing_pref_move_in,housing_bio) VALUES (94,'Hafiz binti Yusof','Hafiz',NULL,'B032420009','UTeM','015-6049298',1,'Ayer Keroh',500,'2024-09-01','Engineering student, need study space.');
INSERT IGNORE INTO users (id,email,password_hash,primary_role,status,last_used_role,created_at,updated_at) VALUES (95,'su.lin.wong@student.utem.edu.my','$2y$10$UxOTjCguXl9fcWWaNvvjtuxZfqHP2vM7Hba4BYob0n455/Hsv1s3y','student','active','student','2024-08-28 00:01:35','2024-08-28 00:01:35');
INSERT IGNORE INTO students (user_id,full_name,preferred_name,avatar_path,matric_no,university,phone,looking_for_housing,housing_pref_city,housing_pref_max_rent,housing_pref_move_in,housing_bio) VALUES (95,'Wong Su Lin','Su',NULL,'B032420010','UTeM','016-7283865',1,'Durian Tunggal',300,'2024-09-01','Part-time worker, flexible on move-in date.');
INSERT IGNORE INTO users (id,email,password_hash,primary_role,status,last_used_role,created_at,updated_at) VALUES (96,'wei.chong@student.utem.edu.my','$2y$10$UxOTjCguXl9fcWWaNvvjtuxZfqHP2vM7Hba4BYob0n455/Hsv1s3y','student','active','student','2024-08-31 00:01:36','2024-08-31 00:01:36');
INSERT IGNORE INTO students (user_id,full_name,preferred_name,avatar_path,matric_no,university,phone,looking_for_housing,housing_pref_city,housing_pref_max_rent,housing_pref_move_in,housing_bio) VALUES (96,'Chong Wei','Wei',NULL,'B032420011','UTeM','017-8518432',1,'Durian Tunggal',350,'2024-09-01','Looking for a quiet room near UTeM campus.');
INSERT IGNORE INTO users (id,email,password_hash,primary_role,status,last_used_role,created_at,updated_at) VALUES (97,'zi.yang.lee@student.utem.edu.my','$2y$10$UxOTjCguXl9fcWWaNvvjtuxZfqHP2vM7Hba4BYob0n455/Hsv1s3y','student','active','student','2024-09-03 00:01:37','2024-09-03 00:01:37');
INSERT IGNORE INTO students (user_id,full_name,preferred_name,avatar_path,matric_no,university,phone,looking_for_housing,housing_pref_city,housing_pref_max_rent,housing_pref_move_in,housing_bio) VALUES (97,'Lee Zi Yang','Zi',NULL,'B032420012','UTeM','018-9752999',1,'Ayer Keroh',400,'2024-09-01','Prefer house-sharing with other students.');
INSERT IGNORE INTO users (id,email,password_hash,primary_role,status,last_used_role,created_at,updated_at) VALUES (98,'priya.umar2@student.utem.edu.my','$2y$10$UxOTjCguXl9fcWWaNvvjtuxZfqHP2vM7Hba4BYob0n455/Hsv1s3y','student','active','student','2024-09-06 00:01:38','2024-09-06 00:01:38');
INSERT IGNORE INTO students (user_id,full_name,preferred_name,avatar_path,matric_no,university,phone,looking_for_housing,housing_pref_city,housing_pref_max_rent,housing_pref_move_in,housing_bio) VALUES (98,'Priya a/l Kumar','Priya',NULL,'B032420013','UTeM','019-0987566',1,'Melaka Tengah',450,'2024-09-01','Need WiFi and air conditioning. Budget-conscious.');
INSERT IGNORE INTO users (id,email,password_hash,primary_role,status,last_used_role,created_at,updated_at) VALUES (99,'kavitha.rishnan2@student.utem.edu.my','$2y$10$UxOTjCguXl9fcWWaNvvjtuxZfqHP2vM7Hba4BYob0n455/Hsv1s3y','student','active','student','2024-09-09 00:01:39','2024-09-09 00:01:39');
INSERT IGNORE INTO students (user_id,full_name,preferred_name,avatar_path,matric_no,university,phone,looking_for_housing,housing_pref_city,housing_pref_max_rent,housing_pref_move_in,housing_bio) VALUES (99,'Kavitha a/l Krishnan','Kavitha',NULL,'B032420014','UTeM','011-2222133',1,'Bukit Beruang',500,'2024-09-01','Final year student, need stable accommodation.');
INSERT IGNORE INTO users (id,email,password_hash,primary_role,status,last_used_role,created_at,updated_at) VALUES (100,'farhana.ahim@student.utem.edu.my','$2y$10$UxOTjCguXl9fcWWaNvvjtuxZfqHP2vM7Hba4BYob0n455/Hsv1s3y','student','suspended','student','2024-09-12 00:01:40','2024-09-12 00:01:40');
INSERT IGNORE INTO students (user_id,full_name,preferred_name,avatar_path,matric_no,university,phone,looking_for_housing,housing_pref_city,housing_pref_max_rent,housing_pref_move_in,housing_bio) VALUES (100,'Farhana bin Rahim','Farhana',NULL,'B032420015','UTeM','012-3456700',1,'Ayer Keroh',300,'2024-09-01','Friendly and clean. Looking for affordable housing.');
INSERT IGNORE INTO users (id,email,password_hash,primary_role,status,last_used_role,created_at,updated_at) VALUES (101,'nurul.smail@student.utem.edu.my','$2y$10$UxOTjCguXl9fcWWaNvvjtuxZfqHP2vM7Hba4BYob0n455/Hsv1s3y','student','active','student','2024-09-15 00:01:41','2024-09-15 00:01:41');
INSERT IGNORE INTO students (user_id,full_name,preferred_name,avatar_path,matric_no,university,phone,looking_for_housing,housing_pref_city,housing_pref_max_rent,housing_pref_move_in,housing_bio) VALUES (101,'Nurul binti Ismail','Nurul',NULL,'B032420016','UTeM','013-4691267',1,'Durian Tunggal',350,'2024-09-01','Prefer female-only housing near campus.');
INSERT IGNORE INTO users (id,email,password_hash,primary_role,status,last_used_role,created_at,updated_at) VALUES (102,'siti.thman@student.utem.edu.my','$2y$10$UxOTjCguXl9fcWWaNvvjtuxZfqHP2vM7Hba4BYob0n455/Hsv1s3y','student','active','student','2024-09-18 00:01:42','2024-09-18 00:01:42');
INSERT IGNORE INTO students (user_id,full_name,preferred_name,avatar_path,matric_no,university,phone,looking_for_housing,housing_pref_city,housing_pref_max_rent,housing_pref_move_in,housing_bio) VALUES (102,'Siti bin Othman','Siti',NULL,'B032420017','UTeM','014-5925834',1,'Durian Tunggal',400,'2024-09-01','Engineering student, need study space.');
INSERT IGNORE INTO users (id,email,password_hash,primary_role,status,last_used_role,created_at,updated_at) VALUES (103,'aini.ordin@student.utem.edu.my','$2y$10$UxOTjCguXl9fcWWaNvvjtuxZfqHP2vM7Hba4BYob0n455/Hsv1s3y','student','active','student','2024-09-21 00:01:43','2024-09-21 00:01:43');
INSERT IGNORE INTO students (user_id,full_name,preferred_name,avatar_path,matric_no,university,phone,looking_for_housing,housing_pref_city,housing_pref_max_rent,housing_pref_move_in,housing_bio) VALUES (103,'Aini binti Nordin','Aini',NULL,'B032420018','UTeM','015-7160401',1,'Ayer Keroh',450,'2024-09-01','Part-time worker, flexible on move-in date.');
INSERT IGNORE INTO users (id,email,password_hash,primary_role,status,last_used_role,created_at,updated_at) VALUES (104,'zulaikha.ainal@student.utem.edu.my','$2y$10$UxOTjCguXl9fcWWaNvvjtuxZfqHP2vM7Hba4BYob0n455/Hsv1s3y','student','active','student','2024-09-24 00:01:44','2024-09-24 00:01:44');
INSERT IGNORE INTO students (user_id,full_name,preferred_name,avatar_path,matric_no,university,phone,looking_for_housing,housing_pref_city,housing_pref_max_rent,housing_pref_move_in,housing_bio) VALUES (104,'Zulaikha bin Zainal','Zulaikha',NULL,'B032420019','UTeM','016-8394968',1,'Melaka Tengah',500,'2024-09-01','Looking for a quiet room near UTeM campus.');
INSERT IGNORE INTO users (id,email,password_hash,primary_role,status,last_used_role,created_at,updated_at) VALUES (105,'rui.ong@student.utem.edu.my','$2y$10$UxOTjCguXl9fcWWaNvvjtuxZfqHP2vM7Hba4BYob0n455/Hsv1s3y','student','suspended','student','2024-09-27 00:01:45','2024-09-27 00:01:45');
INSERT IGNORE INTO students (user_id,full_name,preferred_name,avatar_path,matric_no,university,phone,looking_for_housing,housing_pref_city,housing_pref_max_rent,housing_pref_move_in,housing_bio) VALUES (105,'Ong Rui','Rui',NULL,'B032420020','UTeM','017-9629535',1,'Bukit Beruang',300,'2024-09-01','Prefer house-sharing with other students.');
INSERT IGNORE INTO users (id,email,password_hash,primary_role,status,last_used_role,created_at,updated_at) VALUES (106,'wan.ting.lim@student.utem.edu.my','$2y$10$UxOTjCguXl9fcWWaNvvjtuxZfqHP2vM7Hba4BYob0n455/Hsv1s3y','student','active','student','2024-09-30 00:01:46','2024-09-30 00:01:46');
INSERT IGNORE INTO students (user_id,full_name,preferred_name,avatar_path,matric_no,university,phone,looking_for_housing,housing_pref_city,housing_pref_max_rent,housing_pref_move_in,housing_bio) VALUES (106,'Lim Wan Ting','Wan',NULL,'B032420021','UTeM','018-0864102',1,'Ayer Keroh',350,'2024-09-01','Need WiFi and air conditioning. Budget-conscious.');
INSERT IGNORE INTO users (id,email,password_hash,primary_role,status,last_used_role,created_at,updated_at) VALUES (107,'su.lin.goh@student.utem.edu.my','$2y$10$UxOTjCguXl9fcWWaNvvjtuxZfqHP2vM7Hba4BYob0n455/Hsv1s3y','student','active','student','2024-10-03 00:01:47','2024-10-03 00:01:47');
INSERT IGNORE INTO students (user_id,full_name,preferred_name,avatar_path,matric_no,university,phone,looking_for_housing,housing_pref_city,housing_pref_max_rent,housing_pref_move_in,housing_bio) VALUES (107,'Goh Su Lin','Su',NULL,'B032420022','UTeM','019-2098669',1,'Durian Tunggal',400,'2024-09-01','Final year student, need stable accommodation.');
INSERT IGNORE INTO users (id,email,password_hash,primary_role,status,last_used_role,created_at,updated_at) VALUES (108,'rajan.umar2@student.utem.edu.my','$2y$10$UxOTjCguXl9fcWWaNvvjtuxZfqHP2vM7Hba4BYob0n455/Hsv1s3y','student','active','student','2024-10-06 00:01:48','2024-10-06 00:01:48');
INSERT IGNORE INTO students (user_id,full_name,preferred_name,avatar_path,matric_no,university,phone,looking_for_housing,housing_pref_city,housing_pref_max_rent,housing_pref_move_in,housing_bio) VALUES (108,'Rajan a/l Kumar','Rajan',NULL,'B032420023','UTeM','011-3333236',1,'Durian Tunggal',450,'2024-09-01','Friendly and clean. Looking for affordable housing.');
INSERT IGNORE INTO users (id,email,password_hash,primary_role,status,last_used_role,created_at,updated_at) VALUES (109,'suresh.rishnan2@student.utem.edu.my','$2y$10$UxOTjCguXl9fcWWaNvvjtuxZfqHP2vM7Hba4BYob0n455/Hsv1s3y','student','active','student','2024-10-09 00:01:49','2024-10-09 00:01:49');
INSERT IGNORE INTO students (user_id,full_name,preferred_name,avatar_path,matric_no,university,phone,looking_for_housing,housing_pref_city,housing_pref_max_rent,housing_pref_move_in,housing_bio) VALUES (109,'Suresh a/l Krishnan','Suresh',NULL,'B032420024','UTeM','012-4567803',1,'Ayer Keroh',500,'2024-09-01','Prefer female-only housing near campus.');
INSERT IGNORE INTO users (id,email,password_hash,primary_role,status,last_used_role,created_at,updated_at) VALUES (110,'arif.assan@student.utem.edu.my','$2y$10$UxOTjCguXl9fcWWaNvvjtuxZfqHP2vM7Hba4BYob0n455/Hsv1s3y','student','active','student','2024-10-12 00:01:50','2024-10-12 00:01:50');
INSERT IGNORE INTO students (user_id,full_name,preferred_name,avatar_path,matric_no,university,phone,looking_for_housing,housing_pref_city,housing_pref_max_rent,housing_pref_move_in,housing_bio) VALUES (110,'Arif bin Hassan','Arif',NULL,'B032420025','UTeM','013-5802370',1,'Melaka Tengah',300,'2024-09-01','Engineering student, need study space.');
INSERT IGNORE INTO users (id,email,password_hash,primary_role,status,last_used_role,created_at,updated_at) VALUES (111,'zikri.brahim@student.utem.edu.my','$2y$10$UxOTjCguXl9fcWWaNvvjtuxZfqHP2vM7Hba4BYob0n455/Hsv1s3y','student','active','student','2024-10-15 00:01:51','2024-10-15 00:01:51');
INSERT IGNORE INTO students (user_id,full_name,preferred_name,avatar_path,matric_no,university,phone,looking_for_housing,housing_pref_city,housing_pref_max_rent,housing_pref_move_in,housing_bio) VALUES (111,'Zikri bin Ibrahim','Zikri',NULL,'B032420026','UTeM','014-7036937',1,'Bukit Beruang',350,'2024-09-01','Part-time worker, flexible on move-in date.');
INSERT IGNORE INTO users (id,email,password_hash,primary_role,status,last_used_role,created_at,updated_at) VALUES (112,'irfan.usof@student.utem.edu.my','$2y$10$UxOTjCguXl9fcWWaNvvjtuxZfqHP2vM7Hba4BYob0n455/Hsv1s3y','student','active','student','2024-10-18 00:01:52','2024-10-18 00:01:52');
INSERT IGNORE INTO students (user_id,full_name,preferred_name,avatar_path,matric_no,university,phone,looking_for_housing,housing_pref_city,housing_pref_max_rent,housing_pref_move_in,housing_bio) VALUES (112,'Irfan binti Yusof','Irfan',NULL,'B032420027','UTeM','015-8271504',1,'Ayer Keroh',400,'2024-09-01','Looking for a quiet room near UTeM campus.');
INSERT IGNORE INTO users (id,email,password_hash,primary_role,status,last_used_role,created_at,updated_at) VALUES (113,'ridhwan.hmad@student.utem.edu.my','$2y$10$UxOTjCguXl9fcWWaNvvjtuxZfqHP2vM7Hba4BYob0n455/Hsv1s3y','student','active','student','2024-10-21 00:01:53','2024-10-21 00:01:53');
INSERT IGNORE INTO students (user_id,full_name,preferred_name,avatar_path,matric_no,university,phone,looking_for_housing,housing_pref_city,housing_pref_max_rent,housing_pref_move_in,housing_bio) VALUES (113,'Ridhwan binti Ahmad','Ridhwan',NULL,'B032420028','UTeM','016-9506071',1,'Durian Tunggal',450,'2024-09-01','Prefer house-sharing with other students.');
INSERT IGNORE INTO users (id,email,password_hash,primary_role,status,last_used_role,created_at,updated_at) VALUES (114,'nadzmi.ainudin@student.utem.edu.my','$2y$10$UxOTjCguXl9fcWWaNvvjtuxZfqHP2vM7Hba4BYob0n455/Hsv1s3y','student','active','student','2024-10-24 00:01:54','2024-10-24 00:01:54');
INSERT IGNORE INTO students (user_id,full_name,preferred_name,avatar_path,matric_no,university,phone,looking_for_housing,housing_pref_city,housing_pref_max_rent,housing_pref_move_in,housing_bio) VALUES (114,'Nadzmi bin Zainudin','Nadzmi',NULL,'B032420029','UTeM','017-0740638',1,'Durian Tunggal',500,'2024-09-01','Need WiFi and air conditioning. Budget-conscious.');
INSERT IGNORE INTO users (id,email,password_hash,primary_role,status,last_used_role,created_at,updated_at) VALUES (115,'zi.yang.khor1@student.utem.edu.my','$2y$10$UxOTjCguXl9fcWWaNvvjtuxZfqHP2vM7Hba4BYob0n455/Hsv1s3y','student','active','student','2024-10-27 00:01:55','2024-10-27 00:01:55');
INSERT IGNORE INTO students (user_id,full_name,preferred_name,avatar_path,matric_no,university,phone,looking_for_housing,housing_pref_city,housing_pref_max_rent,housing_pref_move_in,housing_bio) VALUES (115,'Khor Zi Yang','Zi',NULL,'B032420030','UTeM','018-1975205',1,'Ayer Keroh',300,'2024-09-01','Final year student, need stable accommodation.');
INSERT IGNORE INTO users (id,email,password_hash,primary_role,status,last_used_role,created_at,updated_at) VALUES (116,'jing.yi.loh@student.utem.edu.my','$2y$10$UxOTjCguXl9fcWWaNvvjtuxZfqHP2vM7Hba4BYob0n455/Hsv1s3y','student','active','student','2024-10-30 00:01:56','2024-10-30 00:01:56');
INSERT IGNORE INTO students (user_id,full_name,preferred_name,avatar_path,matric_no,university,phone,looking_for_housing,housing_pref_city,housing_pref_max_rent,housing_pref_move_in,housing_bio) VALUES (116,'Loh Jing Yi','Jing',NULL,'B032420031','UTeM','019-3209772',1,'Melaka Tengah',350,'2024-09-01','Friendly and clean. Looking for affordable housing.');
INSERT IGNORE INTO users (id,email,password_hash,primary_role,status,last_used_role,created_at,updated_at) VALUES (117,'rui.tan@student.utem.edu.my','$2y$10$UxOTjCguXl9fcWWaNvvjtuxZfqHP2vM7Hba4BYob0n455/Hsv1s3y','student','active','student','2024-11-02 00:01:57','2024-11-02 00:01:57');
INSERT IGNORE INTO students (user_id,full_name,preferred_name,avatar_path,matric_no,university,phone,looking_for_housing,housing_pref_city,housing_pref_max_rent,housing_pref_move_in,housing_bio) VALUES (117,'Tan Rui','Rui',NULL,'B032420032','UTeM','011-4444339',1,'Bukit Beruang',400,'2024-09-01','Prefer female-only housing near campus.');
INSERT IGNORE INTO users (id,email,password_hash,primary_role,status,last_used_role,created_at,updated_at) VALUES (118,'lakshmi.umar2@student.utem.edu.my','$2y$10$UxOTjCguXl9fcWWaNvvjtuxZfqHP2vM7Hba4BYob0n455/Hsv1s3y','student','active','student','2024-11-05 00:01:58','2024-11-05 00:01:58');
INSERT IGNORE INTO students (user_id,full_name,preferred_name,avatar_path,matric_no,university,phone,looking_for_housing,housing_pref_city,housing_pref_max_rent,housing_pref_move_in,housing_bio) VALUES (118,'Lakshmi a/l Kumar','Lakshmi',NULL,'B032420033','UTeM','012-5678906',1,'Ayer Keroh',450,'2024-09-01','Engineering student, need study space.');
INSERT IGNORE INTO users (id,email,password_hash,primary_role,status,last_used_role,created_at,updated_at) VALUES (119,'nisha.rishnan2@student.utem.edu.my','$2y$10$UxOTjCguXl9fcWWaNvvjtuxZfqHP2vM7Hba4BYob0n455/Hsv1s3y','student','active','student','2024-11-08 00:01:59','2024-11-08 00:01:59');
INSERT IGNORE INTO students (user_id,full_name,preferred_name,avatar_path,matric_no,university,phone,looking_for_housing,housing_pref_city,housing_pref_max_rent,housing_pref_move_in,housing_bio) VALUES (119,'Nisha a/l Krishnan','Nisha',NULL,'B032420034','UTeM','013-6913473',1,'Durian Tunggal',500,'2024-09-01','Part-time worker, flexible on move-in date.');
INSERT IGNORE INTO users (id,email,password_hash,primary_role,status,last_used_role,created_at,updated_at) VALUES (120,'ahmad.thman@student.utem.edu.my','$2y$10$UxOTjCguXl9fcWWaNvvjtuxZfqHP2vM7Hba4BYob0n455/Hsv1s3y','student','suspended','student','2024-11-11 00:02:00','2024-11-11 00:02:00');
INSERT IGNORE INTO students (user_id,full_name,preferred_name,avatar_path,matric_no,university,phone,looking_for_housing,housing_pref_city,housing_pref_max_rent,housing_pref_move_in,housing_bio) VALUES (120,'Ahmad bin Othman','Ahmad',NULL,'B032420035','UTeM','014-8148040',1,'Durian Tunggal',300,'2024-09-01','Looking for a quiet room near UTeM campus.');
INSERT IGNORE INTO users (id,email,password_hash,primary_role,status,last_used_role,created_at,updated_at) VALUES (121,'muhammad.ordin@student.utem.edu.my','$2y$10$UxOTjCguXl9fcWWaNvvjtuxZfqHP2vM7Hba4BYob0n455/Hsv1s3y','student','active','student','2024-11-14 00:02:01','2024-11-14 00:02:01');
INSERT IGNORE INTO students (user_id,full_name,preferred_name,avatar_path,matric_no,university,phone,looking_for_housing,housing_pref_city,housing_pref_max_rent,housing_pref_move_in,housing_bio) VALUES (121,'Muhammad binti Nordin','Muhammad',NULL,'B032420036','UTeM','015-9382607',1,'Ayer Keroh',350,'2024-09-01','Prefer house-sharing with other students.');
INSERT IGNORE INTO users (id,email,password_hash,primary_role,status,last_used_role,created_at,updated_at) VALUES (122,'mohd.ainal@student.utem.edu.my','$2y$10$UxOTjCguXl9fcWWaNvvjtuxZfqHP2vM7Hba4BYob0n455/Hsv1s3y','student','active','student','2024-11-17 00:02:02','2024-11-17 00:02:02');
INSERT IGNORE INTO students (user_id,full_name,preferred_name,avatar_path,matric_no,university,phone,looking_for_housing,housing_pref_city,housing_pref_max_rent,housing_pref_move_in,housing_bio) VALUES (122,'Mohd bin Zainal','Mohd',NULL,'B032420037','UTeM','016-0617174',1,'Melaka Tengah',400,'2024-09-01','Need WiFi and air conditioning. Budget-conscious.');
INSERT IGNORE INTO users (id,email,password_hash,primary_role,status,last_used_role,created_at,updated_at) VALUES (123,'amirul.dris@student.utem.edu.my','$2y$10$UxOTjCguXl9fcWWaNvvjtuxZfqHP2vM7Hba4BYob0n455/Hsv1s3y','student','active','student','2024-11-20 00:02:03','2024-11-20 00:02:03');
INSERT IGNORE INTO students (user_id,full_name,preferred_name,avatar_path,matric_no,university,phone,looking_for_housing,housing_pref_city,housing_pref_max_rent,housing_pref_move_in,housing_bio) VALUES (123,'Amirul binti Idris','Amirul',NULL,'B032420038','UTeM','017-1851741',1,'Bukit Beruang',450,'2024-09-01','Final year student, need stable accommodation.');
INSERT IGNORE INTO users (id,email,password_hash,primary_role,status,last_used_role,created_at,updated_at) VALUES (124,'hafiz.ansor@student.utem.edu.my','$2y$10$UxOTjCguXl9fcWWaNvvjtuxZfqHP2vM7Hba4BYob0n455/Hsv1s3y','student','active','student','2024-11-23 00:02:04','2024-11-23 00:02:04');
INSERT IGNORE INTO students (user_id,full_name,preferred_name,avatar_path,matric_no,university,phone,looking_for_housing,housing_pref_city,housing_pref_max_rent,housing_pref_move_in,housing_bio) VALUES (124,'Hafiz bin Mansor','Hafiz',NULL,'B032420039','UTeM','018-3086308',1,'Ayer Keroh',500,'2024-09-01','Friendly and clean. Looking for affordable housing.');
INSERT IGNORE INTO users (id,email,password_hash,primary_role,status,last_used_role,created_at,updated_at) VALUES (125,'su.lin.ng1@student.utem.edu.my','$2y$10$UxOTjCguXl9fcWWaNvvjtuxZfqHP2vM7Hba4BYob0n455/Hsv1s3y','student','active','student','2024-11-26 00:02:05','2024-11-26 00:02:05');
INSERT IGNORE INTO students (user_id,full_name,preferred_name,avatar_path,matric_no,university,phone,looking_for_housing,housing_pref_city,housing_pref_max_rent,housing_pref_move_in,housing_bio) VALUES (125,'Ng Su Lin','Su',NULL,'B032420040','UTeM','019-4320875',1,'Durian Tunggal',300,'2024-09-01','Prefer female-only housing near campus.');
INSERT IGNORE INTO users (id,email,password_hash,primary_role,status,last_used_role,created_at,updated_at) VALUES (126,'wei.chin@student.utem.edu.my','$2y$10$UxOTjCguXl9fcWWaNvvjtuxZfqHP2vM7Hba4BYob0n455/Hsv1s3y','student','active','student','2024-11-29 00:02:06','2024-11-29 00:02:06');
INSERT IGNORE INTO students (user_id,full_name,preferred_name,avatar_path,matric_no,university,phone,looking_for_housing,housing_pref_city,housing_pref_max_rent,housing_pref_move_in,housing_bio) VALUES (126,'Chin Wei','Wei',NULL,'B032420041','UTeM','011-5555442',1,'Durian Tunggal',350,'2024-09-01','Engineering student, need study space.');
INSERT IGNORE INTO users (id,email,password_hash,primary_role,status,last_used_role,created_at,updated_at) VALUES (127,'zi.yang.chan@student.utem.edu.my','$2y$10$UxOTjCguXl9fcWWaNvvjtuxZfqHP2vM7Hba4BYob0n455/Hsv1s3y','student','active','student','2024-12-02 00:02:07','2024-12-02 00:02:07');
INSERT IGNORE INTO students (user_id,full_name,preferred_name,avatar_path,matric_no,university,phone,looking_for_housing,housing_pref_city,housing_pref_max_rent,housing_pref_move_in,housing_bio) VALUES (127,'Chan Zi Yang','Zi',NULL,'B032420042','UTeM','012-6790009',1,'Ayer Keroh',400,'2024-09-01','Part-time worker, flexible on move-in date.');
INSERT IGNORE INTO users (id,email,password_hash,primary_role,status,last_used_role,created_at,updated_at) VALUES (128,'priya.umar3@student.utem.edu.my','$2y$10$UxOTjCguXl9fcWWaNvvjtuxZfqHP2vM7Hba4BYob0n455/Hsv1s3y','student','active','student','2024-12-05 00:02:08','2024-12-05 00:02:08');
INSERT IGNORE INTO students (user_id,full_name,preferred_name,avatar_path,matric_no,university,phone,looking_for_housing,housing_pref_city,housing_pref_max_rent,housing_pref_move_in,housing_bio) VALUES (128,'Priya a/l Kumar','Priya',NULL,'B032420043','UTeM','013-8024576',1,'Melaka Tengah',450,'2024-09-01','Looking for a quiet room near UTeM campus.');
INSERT IGNORE INTO users (id,email,password_hash,primary_role,status,last_used_role,created_at,updated_at) VALUES (129,'kavitha.rishnan3@student.utem.edu.my','$2y$10$UxOTjCguXl9fcWWaNvvjtuxZfqHP2vM7Hba4BYob0n455/Hsv1s3y','student','active','student','2024-12-08 00:02:09','2024-12-08 00:02:09');
INSERT IGNORE INTO students (user_id,full_name,preferred_name,avatar_path,matric_no,university,phone,looking_for_housing,housing_pref_city,housing_pref_max_rent,housing_pref_move_in,housing_bio) VALUES (129,'Kavitha a/l Krishnan','Kavitha',NULL,'B032420044','UTeM','014-9259143',1,'Bukit Beruang',500,'2024-09-01','Prefer house-sharing with other students.');
INSERT IGNORE INTO users (id,email,password_hash,primary_role,status,last_used_role,created_at,updated_at) VALUES (130,'farhana.usof1@student.utem.edu.my','$2y$10$UxOTjCguXl9fcWWaNvvjtuxZfqHP2vM7Hba4BYob0n455/Hsv1s3y','student','active','student','2024-12-11 00:02:10','2024-12-11 00:02:10');
INSERT IGNORE INTO students (user_id,full_name,preferred_name,avatar_path,matric_no,university,phone,looking_for_housing,housing_pref_city,housing_pref_max_rent,housing_pref_move_in,housing_bio) VALUES (130,'Farhana binti Yusof','Farhana',NULL,'B032420045','UTeM','015-0493710',1,'Ayer Keroh',300,'2024-09-01','Need WiFi and air conditioning. Budget-conscious.');
INSERT IGNORE INTO users (id,email,password_hash,primary_role,status,last_used_role,created_at,updated_at) VALUES (131,'nurul.hmad1@student.utem.edu.my','$2y$10$UxOTjCguXl9fcWWaNvvjtuxZfqHP2vM7Hba4BYob0n455/Hsv1s3y','student','active','student','2024-12-14 00:02:11','2024-12-14 00:02:11');
INSERT IGNORE INTO students (user_id,full_name,preferred_name,avatar_path,matric_no,university,phone,looking_for_housing,housing_pref_city,housing_pref_max_rent,housing_pref_move_in,housing_bio) VALUES (131,'Nurul binti Ahmad','Nurul',NULL,'B032420046','UTeM','016-1728277',1,'Durian Tunggal',350,'2024-09-01','Final year student, need stable accommodation.');
INSERT IGNORE INTO users (id,email,password_hash,primary_role,status,last_used_role,created_at,updated_at) VALUES (132,'siti.ainudin1@student.utem.edu.my','$2y$10$UxOTjCguXl9fcWWaNvvjtuxZfqHP2vM7Hba4BYob0n455/Hsv1s3y','student','active','student','2024-12-17 00:02:12','2024-12-17 00:02:12');
INSERT IGNORE INTO students (user_id,full_name,preferred_name,avatar_path,matric_no,university,phone,looking_for_housing,housing_pref_city,housing_pref_max_rent,housing_pref_move_in,housing_bio) VALUES (132,'Siti bin Zainudin','Siti',NULL,'B032420047','UTeM','017-2962844',1,'Durian Tunggal',400,'2024-09-01','Friendly and clean. Looking for affordable housing.');
INSERT IGNORE INTO users (id,email,password_hash,primary_role,status,last_used_role,created_at,updated_at) VALUES (133,'aini.amaruddin1@student.utem.edu.my','$2y$10$UxOTjCguXl9fcWWaNvvjtuxZfqHP2vM7Hba4BYob0n455/Hsv1s3y','student','active','student','2024-12-20 00:02:13','2024-12-20 00:02:13');
INSERT IGNORE INTO students (user_id,full_name,preferred_name,avatar_path,matric_no,university,phone,looking_for_housing,housing_pref_city,housing_pref_max_rent,housing_pref_move_in,housing_bio) VALUES (133,'Aini bin Kamaruddin','Aini',NULL,'B032420048','UTeM','018-4197411',1,'Ayer Keroh',450,'2024-09-01','Prefer female-only housing near campus.');
INSERT IGNORE INTO users (id,email,password_hash,primary_role,status,last_used_role,created_at,updated_at) VALUES (134,'zulaikha.amid1@student.utem.edu.my','$2y$10$UxOTjCguXl9fcWWaNvvjtuxZfqHP2vM7Hba4BYob0n455/Hsv1s3y','student','active','student','2024-12-23 00:02:14','2024-12-23 00:02:14');
INSERT IGNORE INTO students (user_id,full_name,preferred_name,avatar_path,matric_no,university,phone,looking_for_housing,housing_pref_city,housing_pref_max_rent,housing_pref_move_in,housing_bio) VALUES (134,'Zulaikha binti Hamid','Zulaikha',NULL,'B032420049','UTeM','019-5431978',1,'Melaka Tengah',500,'2024-09-01','Engineering student, need study space.');
INSERT IGNORE INTO users (id,email,password_hash,primary_role,status,last_used_role,created_at,updated_at) VALUES (135,'rui.chong1@student.utem.edu.my','$2y$10$UxOTjCguXl9fcWWaNvvjtuxZfqHP2vM7Hba4BYob0n455/Hsv1s3y','student','active','student','2024-12-26 00:02:15','2024-12-26 00:02:15');
INSERT IGNORE INTO students (user_id,full_name,preferred_name,avatar_path,matric_no,university,phone,looking_for_housing,housing_pref_city,housing_pref_max_rent,housing_pref_move_in,housing_bio) VALUES (135,'Chong Rui','Rui',NULL,'B032420050','UTeM','011-6666545',1,'Bukit Beruang',300,'2024-09-01','Part-time worker, flexible on move-in date.');
INSERT IGNORE INTO users (id,email,password_hash,primary_role,status,last_used_role,created_at,updated_at) VALUES (136,'wan.ting.lee@student.utem.edu.my','$2y$10$UxOTjCguXl9fcWWaNvvjtuxZfqHP2vM7Hba4BYob0n455/Hsv1s3y','student','active','student','2024-12-29 00:02:16','2024-12-29 00:02:16');
INSERT IGNORE INTO students (user_id,full_name,preferred_name,avatar_path,matric_no,university,phone,looking_for_housing,housing_pref_city,housing_pref_max_rent,housing_pref_move_in,housing_bio) VALUES (136,'Lee Wan Ting','Wan',NULL,'B032420051','UTeM','012-7901112',1,'Ayer Keroh',350,'2024-09-01','Looking for a quiet room near UTeM campus.');
INSERT IGNORE INTO users (id,email,password_hash,primary_role,status,last_used_role,created_at,updated_at) VALUES (137,'su.lin.yap@student.utem.edu.my','$2y$10$UxOTjCguXl9fcWWaNvvjtuxZfqHP2vM7Hba4BYob0n455/Hsv1s3y','student','active','student','2025-01-01 00:02:17','2025-01-01 00:02:17');
INSERT IGNORE INTO students (user_id,full_name,preferred_name,avatar_path,matric_no,university,phone,looking_for_housing,housing_pref_city,housing_pref_max_rent,housing_pref_move_in,housing_bio) VALUES (137,'Yap Su Lin','Su',NULL,'B032420052','UTeM','013-9135679',1,'Durian Tunggal',400,'2024-09-01','Prefer house-sharing with other students.');
INSERT IGNORE INTO users (id,email,password_hash,primary_role,status,last_used_role,created_at,updated_at) VALUES (138,'rajan.umar3@student.utem.edu.my','$2y$10$UxOTjCguXl9fcWWaNvvjtuxZfqHP2vM7Hba4BYob0n455/Hsv1s3y','student','active','student','2025-01-04 00:02:18','2025-01-04 00:02:18');
INSERT IGNORE INTO students (user_id,full_name,preferred_name,avatar_path,matric_no,university,phone,looking_for_housing,housing_pref_city,housing_pref_max_rent,housing_pref_move_in,housing_bio) VALUES (138,'Rajan a/l Kumar','Rajan',NULL,'B032420053','UTeM','014-0370246',1,'Durian Tunggal',450,'2024-09-01','Need WiFi and air conditioning. Budget-conscious.');
INSERT IGNORE INTO users (id,email,password_hash,primary_role,status,last_used_role,created_at,updated_at) VALUES (139,'suresh.rishnan3@student.utem.edu.my','$2y$10$UxOTjCguXl9fcWWaNvvjtuxZfqHP2vM7Hba4BYob0n455/Hsv1s3y','student','active','student','2025-01-07 00:02:19','2025-01-07 00:02:19');
INSERT IGNORE INTO students (user_id,full_name,preferred_name,avatar_path,matric_no,university,phone,looking_for_housing,housing_pref_city,housing_pref_max_rent,housing_pref_move_in,housing_bio) VALUES (139,'Suresh a/l Krishnan','Suresh',NULL,'B032420054','UTeM','015-1604813',1,'Ayer Keroh',500,'2024-09-01','Final year student, need stable accommodation.');
INSERT IGNORE INTO users (id,email,password_hash,primary_role,status,last_used_role,created_at,updated_at) VALUES (140,'arif.ainal1@student.utem.edu.my','$2y$10$UxOTjCguXl9fcWWaNvvjtuxZfqHP2vM7Hba4BYob0n455/Hsv1s3y','student','suspended','student','2025-01-10 00:02:20','2025-01-10 00:02:20');
INSERT IGNORE INTO students (user_id,full_name,preferred_name,avatar_path,matric_no,university,phone,looking_for_housing,housing_pref_city,housing_pref_max_rent,housing_pref_move_in,housing_bio) VALUES (140,'Arif bin Zainal','Arif',NULL,'B032420055','UTeM','016-2839380',1,'Melaka Tengah',300,'2024-09-01','Friendly and clean. Looking for affordable housing.');
INSERT IGNORE INTO users (id,email,password_hash,primary_role,status,last_used_role,created_at,updated_at) VALUES (141,'zikri.dris1@student.utem.edu.my','$2y$10$UxOTjCguXl9fcWWaNvvjtuxZfqHP2vM7Hba4BYob0n455/Hsv1s3y','student','active','student','2025-01-13 00:02:21','2025-01-13 00:02:21');
INSERT IGNORE INTO students (user_id,full_name,preferred_name,avatar_path,matric_no,university,phone,looking_for_housing,housing_pref_city,housing_pref_max_rent,housing_pref_move_in,housing_bio) VALUES (141,'Zikri binti Idris','Zikri',NULL,'B032420056','UTeM','017-4073947',1,'Bukit Beruang',350,'2024-09-01','Prefer female-only housing near campus.');
INSERT IGNORE INTO users (id,email,password_hash,primary_role,status,last_used_role,created_at,updated_at) VALUES (142,'irfan.ansor1@student.utem.edu.my','$2y$10$UxOTjCguXl9fcWWaNvvjtuxZfqHP2vM7Hba4BYob0n455/Hsv1s3y','student','active','student','2025-01-16 00:02:22','2025-01-16 00:02:22');
INSERT IGNORE INTO students (user_id,full_name,preferred_name,avatar_path,matric_no,university,phone,looking_for_housing,housing_pref_city,housing_pref_max_rent,housing_pref_move_in,housing_bio) VALUES (142,'Irfan bin Mansor','Irfan',NULL,'B032420057','UTeM','018-5308514',1,'Ayer Keroh',400,'2024-09-01','Engineering student, need study space.');
INSERT IGNORE INTO users (id,email,password_hash,primary_role,status,last_used_role,created_at,updated_at) VALUES (143,'ridhwan.atif1@student.utem.edu.my','$2y$10$UxOTjCguXl9fcWWaNvvjtuxZfqHP2vM7Hba4BYob0n455/Hsv1s3y','student','active','student','2025-01-19 00:02:23','2025-01-19 00:02:23');
INSERT IGNORE INTO students (user_id,full_name,preferred_name,avatar_path,matric_no,university,phone,looking_for_housing,housing_pref_city,housing_pref_max_rent,housing_pref_move_in,housing_bio) VALUES (143,'Ridhwan binti Latif','Ridhwan',NULL,'B032420058','UTeM','019-6543081',1,'Durian Tunggal',450,'2024-09-01','Part-time worker, flexible on move-in date.');
INSERT IGNORE INTO users (id,email,password_hash,primary_role,status,last_used_role,created_at,updated_at) VALUES (144,'nadzmi.bdullah1@student.utem.edu.my','$2y$10$UxOTjCguXl9fcWWaNvvjtuxZfqHP2vM7Hba4BYob0n455/Hsv1s3y','student','active','student','2025-01-22 00:02:24','2025-01-22 00:02:24');
INSERT IGNORE INTO students (user_id,full_name,preferred_name,avatar_path,matric_no,university,phone,looking_for_housing,housing_pref_city,housing_pref_max_rent,housing_pref_move_in,housing_bio) VALUES (144,'Nadzmi bin Abdullah','Nadzmi',NULL,'B032420059','UTeM','011-7777648',1,'Durian Tunggal',500,'2024-09-01','Looking for a quiet room near UTeM campus.');
INSERT IGNORE INTO users (id,email,password_hash,primary_role,status,last_used_role,created_at,updated_at) VALUES (145,'zi.yang.lim1@student.utem.edu.my','$2y$10$UxOTjCguXl9fcWWaNvvjtuxZfqHP2vM7Hba4BYob0n455/Hsv1s3y','student','active','student','2025-01-25 00:02:25','2025-01-25 00:02:25');
INSERT IGNORE INTO students (user_id,full_name,preferred_name,avatar_path,matric_no,university,phone,looking_for_housing,housing_pref_city,housing_pref_max_rent,housing_pref_move_in,housing_bio) VALUES (145,'Lim Zi Yang','Zi',NULL,'B032420060','UTeM','012-9012215',1,'Ayer Keroh',300,'2024-09-01','Prefer house-sharing with other students.');
INSERT IGNORE INTO users (id,email,password_hash,primary_role,status,last_used_role,created_at,updated_at) VALUES (146,'jing.yi.goh@student.utem.edu.my','$2y$10$UxOTjCguXl9fcWWaNvvjtuxZfqHP2vM7Hba4BYob0n455/Hsv1s3y','student','active','student','2025-01-28 00:02:26','2025-01-28 00:02:26');
INSERT IGNORE INTO students (user_id,full_name,preferred_name,avatar_path,matric_no,university,phone,looking_for_housing,housing_pref_city,housing_pref_max_rent,housing_pref_move_in,housing_bio) VALUES (146,'Goh Jing Yi','Jing',NULL,'B032420061','UTeM','013-0246782',1,'Melaka Tengah',350,'2024-09-01','Need WiFi and air conditioning. Budget-conscious.');
INSERT IGNORE INTO users (id,email,password_hash,primary_role,status,last_used_role,created_at,updated_at) VALUES (147,'rui.wong@student.utem.edu.my','$2y$10$UxOTjCguXl9fcWWaNvvjtuxZfqHP2vM7Hba4BYob0n455/Hsv1s3y','student','active','student','2024-08-01 00:02:27','2024-08-01 00:02:27');
INSERT IGNORE INTO students (user_id,full_name,preferred_name,avatar_path,matric_no,university,phone,looking_for_housing,housing_pref_city,housing_pref_max_rent,housing_pref_move_in,housing_bio) VALUES (147,'Wong Rui','Rui',NULL,'B032420062','UTeM','014-1481349',1,'Bukit Beruang',400,'2024-09-01','Final year student, need stable accommodation.');
INSERT IGNORE INTO users (id,email,password_hash,primary_role,status,last_used_role,created_at,updated_at) VALUES (148,'lakshmi.umar3@student.utem.edu.my','$2y$10$UxOTjCguXl9fcWWaNvvjtuxZfqHP2vM7Hba4BYob0n455/Hsv1s3y','student','active','student','2024-08-04 00:02:28','2024-08-04 00:02:28');
INSERT IGNORE INTO students (user_id,full_name,preferred_name,avatar_path,matric_no,university,phone,looking_for_housing,housing_pref_city,housing_pref_max_rent,housing_pref_move_in,housing_bio) VALUES (148,'Lakshmi a/l Kumar','Lakshmi',NULL,'B032420063','UTeM','015-2715916',1,'Ayer Keroh',450,'2024-09-01','Friendly and clean. Looking for affordable housing.');
INSERT IGNORE INTO users (id,email,password_hash,primary_role,status,last_used_role,created_at,updated_at) VALUES (149,'nisha.rishnan3@student.utem.edu.my','$2y$10$UxOTjCguXl9fcWWaNvvjtuxZfqHP2vM7Hba4BYob0n455/Hsv1s3y','student','active','student','2024-08-07 00:02:29','2024-08-07 00:02:29');
INSERT IGNORE INTO students (user_id,full_name,preferred_name,avatar_path,matric_no,university,phone,looking_for_housing,housing_pref_city,housing_pref_max_rent,housing_pref_move_in,housing_bio) VALUES (149,'Nisha a/l Krishnan','Nisha',NULL,'B032420064','UTeM','016-3950483',1,'Durian Tunggal',500,'2024-09-01','Prefer female-only housing near campus.');
INSERT IGNORE INTO users (id,email,password_hash,primary_role,status,last_used_role,created_at,updated_at) VALUES (150,'ahmad.ainudin1@student.utem.edu.my','$2y$10$UxOTjCguXl9fcWWaNvvjtuxZfqHP2vM7Hba4BYob0n455/Hsv1s3y','student','active','student','2024-08-10 00:02:30','2024-08-10 00:02:30');
INSERT IGNORE INTO students (user_id,full_name,preferred_name,avatar_path,matric_no,university,phone,looking_for_housing,housing_pref_city,housing_pref_max_rent,housing_pref_move_in,housing_bio) VALUES (150,'Ahmad bin Zainudin','Ahmad',NULL,'B032420065','UTeM','017-5185050',1,'Durian Tunggal',300,'2024-09-01','Engineering student, need study space.');
INSERT IGNORE INTO users (id,email,password_hash,primary_role,status,last_used_role,created_at,updated_at) VALUES (151,'muhammad.amaruddin1@student.utem.edu.my','$2y$10$UxOTjCguXl9fcWWaNvvjtuxZfqHP2vM7Hba4BYob0n455/Hsv1s3y','student','active','student','2024-08-13 00:02:31','2024-08-13 00:02:31');
INSERT IGNORE INTO students (user_id,full_name,preferred_name,avatar_path,matric_no,university,phone,looking_for_housing,housing_pref_city,housing_pref_max_rent,housing_pref_move_in,housing_bio) VALUES (151,'Muhammad bin Kamaruddin','Muhammad',NULL,'B032420066','UTeM','018-6419617',1,'Ayer Keroh',350,'2024-09-01','Part-time worker, flexible on move-in date.');
INSERT IGNORE INTO users (id,email,password_hash,primary_role,status,last_used_role,created_at,updated_at) VALUES (152,'mohd.amid1@student.utem.edu.my','$2y$10$UxOTjCguXl9fcWWaNvvjtuxZfqHP2vM7Hba4BYob0n455/Hsv1s3y','student','active','student','2024-08-16 00:02:32','2024-08-16 00:02:32');
INSERT IGNORE INTO students (user_id,full_name,preferred_name,avatar_path,matric_no,university,phone,looking_for_housing,housing_pref_city,housing_pref_max_rent,housing_pref_move_in,housing_bio) VALUES (152,'Mohd binti Hamid','Mohd',NULL,'B032420067','UTeM','019-7654184',1,'Melaka Tengah',400,'2024-09-01','Looking for a quiet room near UTeM campus.');
INSERT IGNORE INTO users (id,email,password_hash,primary_role,status,last_used_role,created_at,updated_at) VALUES (153,'amirul.aad1@student.utem.edu.my','$2y$10$UxOTjCguXl9fcWWaNvvjtuxZfqHP2vM7Hba4BYob0n455/Hsv1s3y','student','active','student','2024-08-19 00:02:33','2024-08-19 00:02:33');
INSERT IGNORE INTO students (user_id,full_name,preferred_name,avatar_path,matric_no,university,phone,looking_for_housing,housing_pref_city,housing_pref_max_rent,housing_pref_move_in,housing_bio) VALUES (153,'Amirul bin Saad','Amirul',NULL,'B032420068','UTeM','011-8888751',1,'Bukit Beruang',450,'2024-09-01','Prefer house-sharing with other students.');
INSERT IGNORE INTO users (id,email,password_hash,primary_role,status,last_used_role,created_at,updated_at) VALUES (154,'hafiz.ahim1@student.utem.edu.my','$2y$10$UxOTjCguXl9fcWWaNvvjtuxZfqHP2vM7Hba4BYob0n455/Hsv1s3y','student','active','student','2024-08-22 00:02:34','2024-08-22 00:02:34');
INSERT IGNORE INTO students (user_id,full_name,preferred_name,avatar_path,matric_no,university,phone,looking_for_housing,housing_pref_city,housing_pref_max_rent,housing_pref_move_in,housing_bio) VALUES (154,'Hafiz bin Rahim','Hafiz',NULL,'B032420069','UTeM','012-0123318',1,'Ayer Keroh',500,'2024-09-01','Need WiFi and air conditioning. Budget-conscious.');
INSERT IGNORE INTO users (id,email,password_hash,primary_role,status,last_used_role,created_at,updated_at) VALUES (155,'su.lin.loh1@student.utem.edu.my','$2y$10$UxOTjCguXl9fcWWaNvvjtuxZfqHP2vM7Hba4BYob0n455/Hsv1s3y','student','active','student','2024-08-25 00:02:35','2024-08-25 00:02:35');
INSERT IGNORE INTO students (user_id,full_name,preferred_name,avatar_path,matric_no,university,phone,looking_for_housing,housing_pref_city,housing_pref_max_rent,housing_pref_move_in,housing_bio) VALUES (155,'Loh Su Lin','Su',NULL,'B032420070','UTeM','013-1357885',1,'Durian Tunggal',300,'2024-09-01','Final year student, need stable accommodation.');

-- Sem 3 students
INSERT IGNORE INTO users (id,email,password_hash,primary_role,status,last_used_role,created_at,updated_at) VALUES (156,'wei.tan@student.utem.edu.my','$2y$10$UxOTjCguXl9fcWWaNvvjtuxZfqHP2vM7Hba4BYob0n455/Hsv1s3y','student','active','student','2025-02-01 00:02:36','2025-02-01 00:02:36');
INSERT IGNORE INTO students (user_id,full_name,preferred_name,avatar_path,matric_no,university,phone,looking_for_housing,housing_pref_city,housing_pref_max_rent,housing_pref_move_in,housing_bio) VALUES (156,'Tan Wei','Wei',NULL,'B032430001','UTeM','014-2592452',1,'Durian Tunggal',350,'2025-02-01','Friendly and clean. Looking for affordable housing.');
INSERT IGNORE INTO users (id,email,password_hash,primary_role,status,last_used_role,created_at,updated_at) VALUES (157,'zi.yang.ong@student.utem.edu.my','$2y$10$UxOTjCguXl9fcWWaNvvjtuxZfqHP2vM7Hba4BYob0n455/Hsv1s3y','student','active','student','2025-02-04 00:02:37','2025-02-04 00:02:37');
INSERT IGNORE INTO students (user_id,full_name,preferred_name,avatar_path,matric_no,university,phone,looking_for_housing,housing_pref_city,housing_pref_max_rent,housing_pref_move_in,housing_bio) VALUES (157,'Ong Zi Yang','Zi',NULL,'B032430002','UTeM','015-3827019',1,'Ayer Keroh',400,'2025-02-01','Prefer female-only housing near campus.');
INSERT IGNORE INTO users (id,email,password_hash,primary_role,status,last_used_role,created_at,updated_at) VALUES (158,'priya.umar4@student.utem.edu.my','$2y$10$UxOTjCguXl9fcWWaNvvjtuxZfqHP2vM7Hba4BYob0n455/Hsv1s3y','student','active','student','2025-02-07 00:02:38','2025-02-07 00:02:38');
INSERT IGNORE INTO students (user_id,full_name,preferred_name,avatar_path,matric_no,university,phone,looking_for_housing,housing_pref_city,housing_pref_max_rent,housing_pref_move_in,housing_bio) VALUES (158,'Priya a/l Kumar','Priya',NULL,'B032430003','UTeM','016-5061586',1,'Melaka Tengah',450,'2025-02-01','Engineering student, need study space.');
INSERT IGNORE INTO users (id,email,password_hash,primary_role,status,last_used_role,created_at,updated_at) VALUES (159,'kavitha.rishnan4@student.utem.edu.my','$2y$10$UxOTjCguXl9fcWWaNvvjtuxZfqHP2vM7Hba4BYob0n455/Hsv1s3y','student','active','student','2025-02-10 00:02:39','2025-02-10 00:02:39');
INSERT IGNORE INTO students (user_id,full_name,preferred_name,avatar_path,matric_no,university,phone,looking_for_housing,housing_pref_city,housing_pref_max_rent,housing_pref_move_in,housing_bio) VALUES (159,'Kavitha a/l Krishnan','Kavitha',NULL,'B032430004','UTeM','017-6296153',1,'Bukit Beruang',500,'2025-02-01','Part-time worker, flexible on move-in date.');
INSERT IGNORE INTO users (id,email,password_hash,primary_role,status,last_used_role,created_at,updated_at) VALUES (160,'farhana.ansor1@student.utem.edu.my','$2y$10$UxOTjCguXl9fcWWaNvvjtuxZfqHP2vM7Hba4BYob0n455/Hsv1s3y','student','suspended','student','2025-02-13 00:02:40','2025-02-13 00:02:40');
INSERT IGNORE INTO students (user_id,full_name,preferred_name,avatar_path,matric_no,university,phone,looking_for_housing,housing_pref_city,housing_pref_max_rent,housing_pref_move_in,housing_bio) VALUES (160,'Farhana bin Mansor','Farhana',NULL,'B032430005','UTeM','018-7530720',1,'Ayer Keroh',300,'2025-02-01','Looking for a quiet room near UTeM campus.');
INSERT IGNORE INTO users (id,email,password_hash,primary_role,status,last_used_role,created_at,updated_at) VALUES (161,'nurul.atif1@student.utem.edu.my','$2y$10$UxOTjCguXl9fcWWaNvvjtuxZfqHP2vM7Hba4BYob0n455/Hsv1s3y','student','active','student','2025-02-16 00:02:41','2025-02-16 00:02:41');
INSERT IGNORE INTO students (user_id,full_name,preferred_name,avatar_path,matric_no,university,phone,looking_for_housing,housing_pref_city,housing_pref_max_rent,housing_pref_move_in,housing_bio) VALUES (161,'Nurul binti Latif','Nurul',NULL,'B032430006','UTeM','019-8765287',1,'Durian Tunggal',350,'2025-02-01','Prefer house-sharing with other students.');
INSERT IGNORE INTO users (id,email,password_hash,primary_role,status,last_used_role,created_at,updated_at) VALUES (162,'siti.bdullah1@student.utem.edu.my','$2y$10$UxOTjCguXl9fcWWaNvvjtuxZfqHP2vM7Hba4BYob0n455/Hsv1s3y','student','active','student','2025-02-19 00:02:42','2025-02-19 00:02:42');
INSERT IGNORE INTO students (user_id,full_name,preferred_name,avatar_path,matric_no,university,phone,looking_for_housing,housing_pref_city,housing_pref_max_rent,housing_pref_move_in,housing_bio) VALUES (162,'Siti bin Abdullah','Siti',NULL,'B032430007','UTeM','011-9999854',1,'Durian Tunggal',400,'2025-02-01','Need WiFi and air conditioning. Budget-conscious.');
INSERT IGNORE INTO users (id,email,password_hash,primary_role,status,last_used_role,created_at,updated_at) VALUES (163,'aini.azak1@student.utem.edu.my','$2y$10$UxOTjCguXl9fcWWaNvvjtuxZfqHP2vM7Hba4BYob0n455/Hsv1s3y','student','active','student','2025-02-22 00:02:43','2025-02-22 00:02:43');
INSERT IGNORE INTO students (user_id,full_name,preferred_name,avatar_path,matric_no,university,phone,looking_for_housing,housing_pref_city,housing_pref_max_rent,housing_pref_move_in,housing_bio) VALUES (163,'Aini bin Razak','Aini',NULL,'B032430008','UTeM','012-1234421',1,'Ayer Keroh',450,'2025-02-01','Final year student, need stable accommodation.');
INSERT IGNORE INTO users (id,email,password_hash,primary_role,status,last_used_role,created_at,updated_at) VALUES (164,'zulaikha.assan1@student.utem.edu.my','$2y$10$UxOTjCguXl9fcWWaNvvjtuxZfqHP2vM7Hba4BYob0n455/Hsv1s3y','student','active','student','2025-02-25 00:02:44','2025-02-25 00:02:44');
INSERT IGNORE INTO students (user_id,full_name,preferred_name,avatar_path,matric_no,university,phone,looking_for_housing,housing_pref_city,housing_pref_max_rent,housing_pref_move_in,housing_bio) VALUES (164,'Zulaikha bin Hassan','Zulaikha',NULL,'B032430009','UTeM','013-2468988',1,'Melaka Tengah',500,'2025-02-01','Friendly and clean. Looking for affordable housing.');
INSERT IGNORE INTO users (id,email,password_hash,primary_role,status,last_used_role,created_at,updated_at) VALUES (165,'rui.chin1@student.utem.edu.my','$2y$10$UxOTjCguXl9fcWWaNvvjtuxZfqHP2vM7Hba4BYob0n455/Hsv1s3y','student','active','student','2025-02-28 00:02:45','2025-02-28 00:02:45');
INSERT IGNORE INTO students (user_id,full_name,preferred_name,avatar_path,matric_no,university,phone,looking_for_housing,housing_pref_city,housing_pref_max_rent,housing_pref_move_in,housing_bio) VALUES (165,'Chin Rui','Rui',NULL,'B032430010','UTeM','014-3703555',1,'Bukit Beruang',300,'2025-02-01','Prefer female-only housing near campus.');
INSERT IGNORE INTO users (id,email,password_hash,primary_role,status,last_used_role,created_at,updated_at) VALUES (166,'wan.ting.chan@student.utem.edu.my','$2y$10$UxOTjCguXl9fcWWaNvvjtuxZfqHP2vM7Hba4BYob0n455/Hsv1s3y','student','active','student','2025-03-03 00:02:46','2025-03-03 00:02:46');
INSERT IGNORE INTO students (user_id,full_name,preferred_name,avatar_path,matric_no,university,phone,looking_for_housing,housing_pref_city,housing_pref_max_rent,housing_pref_move_in,housing_bio) VALUES (166,'Chan Wan Ting','Wan',NULL,'B032430011','UTeM','015-4938122',1,'Ayer Keroh',350,'2025-02-01','Engineering student, need study space.');
INSERT IGNORE INTO users (id,email,password_hash,primary_role,status,last_used_role,created_at,updated_at) VALUES (167,'su.lin.khor@student.utem.edu.my','$2y$10$UxOTjCguXl9fcWWaNvvjtuxZfqHP2vM7Hba4BYob0n455/Hsv1s3y','student','active','student','2025-03-06 00:02:47','2025-03-06 00:02:47');
INSERT IGNORE INTO students (user_id,full_name,preferred_name,avatar_path,matric_no,university,phone,looking_for_housing,housing_pref_city,housing_pref_max_rent,housing_pref_move_in,housing_bio) VALUES (167,'Khor Su Lin','Su',NULL,'B032430012','UTeM','016-6172689',1,'Durian Tunggal',400,'2025-02-01','Part-time worker, flexible on move-in date.');
INSERT IGNORE INTO users (id,email,password_hash,primary_role,status,last_used_role,created_at,updated_at) VALUES (168,'rajan.umar4@student.utem.edu.my','$2y$10$UxOTjCguXl9fcWWaNvvjtuxZfqHP2vM7Hba4BYob0n455/Hsv1s3y','student','active','student','2025-03-09 00:02:48','2025-03-09 00:02:48');
INSERT IGNORE INTO students (user_id,full_name,preferred_name,avatar_path,matric_no,university,phone,looking_for_housing,housing_pref_city,housing_pref_max_rent,housing_pref_move_in,housing_bio) VALUES (168,'Rajan a/l Kumar','Rajan',NULL,'B032430013','UTeM','017-7407256',1,'Durian Tunggal',450,'2025-02-01','Looking for a quiet room near UTeM campus.');
INSERT IGNORE INTO users (id,email,password_hash,primary_role,status,last_used_role,created_at,updated_at) VALUES (169,'suresh.rishnan4@student.utem.edu.my','$2y$10$UxOTjCguXl9fcWWaNvvjtuxZfqHP2vM7Hba4BYob0n455/Hsv1s3y','student','active','student','2025-03-12 00:02:49','2025-03-12 00:02:49');
INSERT IGNORE INTO students (user_id,full_name,preferred_name,avatar_path,matric_no,university,phone,looking_for_housing,housing_pref_city,housing_pref_max_rent,housing_pref_move_in,housing_bio) VALUES (169,'Suresh a/l Krishnan','Suresh',NULL,'B032430014','UTeM','018-8641823',1,'Ayer Keroh',500,'2025-02-01','Prefer house-sharing with other students.');
INSERT IGNORE INTO users (id,email,password_hash,primary_role,status,last_used_role,created_at,updated_at) VALUES (170,'arif.amid1@student.utem.edu.my','$2y$10$UxOTjCguXl9fcWWaNvvjtuxZfqHP2vM7Hba4BYob0n455/Hsv1s3y','student','active','student','2025-03-15 00:02:50','2025-03-15 00:02:50');
INSERT IGNORE INTO students (user_id,full_name,preferred_name,avatar_path,matric_no,university,phone,looking_for_housing,housing_pref_city,housing_pref_max_rent,housing_pref_move_in,housing_bio) VALUES (170,'Arif binti Hamid','Arif',NULL,'B032430015','UTeM','019-9876390',1,'Melaka Tengah',300,'2025-02-01','Need WiFi and air conditioning. Budget-conscious.');
INSERT IGNORE INTO users (id,email,password_hash,primary_role,status,last_used_role,created_at,updated_at) VALUES (171,'zikri.aad1@student.utem.edu.my','$2y$10$UxOTjCguXl9fcWWaNvvjtuxZfqHP2vM7Hba4BYob0n455/Hsv1s3y','student','active','student','2025-03-18 00:02:51','2025-03-18 00:02:51');
INSERT IGNORE INTO students (user_id,full_name,preferred_name,avatar_path,matric_no,university,phone,looking_for_housing,housing_pref_city,housing_pref_max_rent,housing_pref_move_in,housing_bio) VALUES (171,'Zikri bin Saad','Zikri',NULL,'B032430016','UTeM','011-1110957',1,'Bukit Beruang',350,'2025-02-01','Final year student, need stable accommodation.');
INSERT IGNORE INTO users (id,email,password_hash,primary_role,status,last_used_role,created_at,updated_at) VALUES (172,'irfan.ahim1@student.utem.edu.my','$2y$10$UxOTjCguXl9fcWWaNvvjtuxZfqHP2vM7Hba4BYob0n455/Hsv1s3y','student','active','student','2025-03-21 00:02:52','2025-03-21 00:02:52');
INSERT IGNORE INTO students (user_id,full_name,preferred_name,avatar_path,matric_no,university,phone,looking_for_housing,housing_pref_city,housing_pref_max_rent,housing_pref_move_in,housing_bio) VALUES (172,'Irfan bin Rahim','Irfan',NULL,'B032430017','UTeM','012-2345524',1,'Ayer Keroh',400,'2025-02-01','Friendly and clean. Looking for affordable housing.');
INSERT IGNORE INTO users (id,email,password_hash,primary_role,status,last_used_role,created_at,updated_at) VALUES (173,'ridhwan.smail1@student.utem.edu.my','$2y$10$UxOTjCguXl9fcWWaNvvjtuxZfqHP2vM7Hba4BYob0n455/Hsv1s3y','student','active','student','2025-03-24 00:02:53','2025-03-24 00:02:53');
INSERT IGNORE INTO students (user_id,full_name,preferred_name,avatar_path,matric_no,university,phone,looking_for_housing,housing_pref_city,housing_pref_max_rent,housing_pref_move_in,housing_bio) VALUES (173,'Ridhwan binti Ismail','Ridhwan',NULL,'B032430018','UTeM','013-3580091',1,'Durian Tunggal',450,'2025-02-01','Prefer female-only housing near campus.');
INSERT IGNORE INTO users (id,email,password_hash,primary_role,status,last_used_role,created_at,updated_at) VALUES (174,'nadzmi.thman1@student.utem.edu.my','$2y$10$UxOTjCguXl9fcWWaNvvjtuxZfqHP2vM7Hba4BYob0n455/Hsv1s3y','student','active','student','2025-03-27 00:02:54','2025-03-27 00:02:54');
INSERT IGNORE INTO students (user_id,full_name,preferred_name,avatar_path,matric_no,university,phone,looking_for_housing,housing_pref_city,housing_pref_max_rent,housing_pref_move_in,housing_bio) VALUES (174,'Nadzmi bin Othman','Nadzmi',NULL,'B032430019','UTeM','014-4814658',1,'Durian Tunggal',500,'2025-02-01','Engineering student, need study space.');
INSERT IGNORE INTO users (id,email,password_hash,primary_role,status,last_used_role,created_at,updated_at) VALUES (175,'zi.yang.lee1@student.utem.edu.my','$2y$10$UxOTjCguXl9fcWWaNvvjtuxZfqHP2vM7Hba4BYob0n455/Hsv1s3y','student','active','student','2025-03-30 00:02:55','2025-03-30 00:02:55');
INSERT IGNORE INTO students (user_id,full_name,preferred_name,avatar_path,matric_no,university,phone,looking_for_housing,housing_pref_city,housing_pref_max_rent,housing_pref_move_in,housing_bio) VALUES (175,'Lee Zi Yang','Zi',NULL,'B032430020','UTeM','015-6049225',1,'Ayer Keroh',300,'2025-02-01','Part-time worker, flexible on move-in date.');
INSERT IGNORE INTO users (id,email,password_hash,primary_role,status,last_used_role,created_at,updated_at) VALUES (176,'jing.yi.yap@student.utem.edu.my','$2y$10$UxOTjCguXl9fcWWaNvvjtuxZfqHP2vM7Hba4BYob0n455/Hsv1s3y','student','active','student','2025-04-02 00:02:56','2025-04-02 00:02:56');
INSERT IGNORE INTO students (user_id,full_name,preferred_name,avatar_path,matric_no,university,phone,looking_for_housing,housing_pref_city,housing_pref_max_rent,housing_pref_move_in,housing_bio) VALUES (176,'Yap Jing Yi','Jing',NULL,'B032430021','UTeM','016-7283792',1,'Melaka Tengah',350,'2025-02-01','Looking for a quiet room near UTeM campus.');
INSERT IGNORE INTO users (id,email,password_hash,primary_role,status,last_used_role,created_at,updated_at) VALUES (177,'rui.ng@student.utem.edu.my','$2y$10$UxOTjCguXl9fcWWaNvvjtuxZfqHP2vM7Hba4BYob0n455/Hsv1s3y','student','active','student','2025-04-05 00:02:57','2025-04-05 00:02:57');
INSERT IGNORE INTO students (user_id,full_name,preferred_name,avatar_path,matric_no,university,phone,looking_for_housing,housing_pref_city,housing_pref_max_rent,housing_pref_move_in,housing_bio) VALUES (177,'Ng Rui','Rui',NULL,'B032430022','UTeM','017-8518359',1,'Bukit Beruang',400,'2025-02-01','Prefer house-sharing with other students.');
INSERT IGNORE INTO users (id,email,password_hash,primary_role,status,last_used_role,created_at,updated_at) VALUES (178,'lakshmi.umar4@student.utem.edu.my','$2y$10$UxOTjCguXl9fcWWaNvvjtuxZfqHP2vM7Hba4BYob0n455/Hsv1s3y','student','active','student','2025-04-08 00:02:58','2025-04-08 00:02:58');
INSERT IGNORE INTO students (user_id,full_name,preferred_name,avatar_path,matric_no,university,phone,looking_for_housing,housing_pref_city,housing_pref_max_rent,housing_pref_move_in,housing_bio) VALUES (178,'Lakshmi a/l Kumar','Lakshmi',NULL,'B032430023','UTeM','018-9752926',1,'Ayer Keroh',450,'2025-02-01','Need WiFi and air conditioning. Budget-conscious.');
INSERT IGNORE INTO users (id,email,password_hash,primary_role,status,last_used_role,created_at,updated_at) VALUES (179,'nisha.rishnan4@student.utem.edu.my','$2y$10$UxOTjCguXl9fcWWaNvvjtuxZfqHP2vM7Hba4BYob0n455/Hsv1s3y','student','active','student','2025-04-11 00:02:59','2025-04-11 00:02:59');
INSERT IGNORE INTO students (user_id,full_name,preferred_name,avatar_path,matric_no,university,phone,looking_for_housing,housing_pref_city,housing_pref_max_rent,housing_pref_move_in,housing_bio) VALUES (179,'Nisha a/l Krishnan','Nisha',NULL,'B032430024','UTeM','019-0987493',1,'Durian Tunggal',500,'2025-02-01','Final year student, need stable accommodation.');
INSERT IGNORE INTO users (id,email,password_hash,primary_role,status,last_used_role,created_at,updated_at) VALUES (180,'ahmad.bdullah1@student.utem.edu.my','$2y$10$UxOTjCguXl9fcWWaNvvjtuxZfqHP2vM7Hba4BYob0n455/Hsv1s3y','student','suspended','student','2025-04-14 00:03:00','2025-04-14 00:03:00');
INSERT IGNORE INTO students (user_id,full_name,preferred_name,avatar_path,matric_no,university,phone,looking_for_housing,housing_pref_city,housing_pref_max_rent,housing_pref_move_in,housing_bio) VALUES (180,'Ahmad bin Abdullah','Ahmad',NULL,'B032430025','UTeM','011-2222060',1,'Durian Tunggal',300,'2025-02-01','Friendly and clean. Looking for affordable housing.');
INSERT IGNORE INTO users (id,email,password_hash,primary_role,status,last_used_role,created_at,updated_at) VALUES (181,'muhammad.azak1@student.utem.edu.my','$2y$10$UxOTjCguXl9fcWWaNvvjtuxZfqHP2vM7Hba4BYob0n455/Hsv1s3y','student','active','student','2025-04-17 00:03:01','2025-04-17 00:03:01');
INSERT IGNORE INTO students (user_id,full_name,preferred_name,avatar_path,matric_no,university,phone,looking_for_housing,housing_pref_city,housing_pref_max_rent,housing_pref_move_in,housing_bio) VALUES (181,'Muhammad bin Razak','Muhammad',NULL,'B032430026','UTeM','012-3456627',1,'Ayer Keroh',350,'2025-02-01','Prefer female-only housing near campus.');
INSERT IGNORE INTO users (id,email,password_hash,primary_role,status,last_used_role,created_at,updated_at) VALUES (182,'mohd.assan1@student.utem.edu.my','$2y$10$UxOTjCguXl9fcWWaNvvjtuxZfqHP2vM7Hba4BYob0n455/Hsv1s3y','student','active','student','2025-04-20 00:03:02','2025-04-20 00:03:02');
INSERT IGNORE INTO students (user_id,full_name,preferred_name,avatar_path,matric_no,university,phone,looking_for_housing,housing_pref_city,housing_pref_max_rent,housing_pref_move_in,housing_bio) VALUES (182,'Mohd bin Hassan','Mohd',NULL,'B032430027','UTeM','013-4691194',1,'Melaka Tengah',400,'2025-02-01','Engineering student, need study space.');
INSERT IGNORE INTO users (id,email,password_hash,primary_role,status,last_used_role,created_at,updated_at) VALUES (183,'amirul.brahim1@student.utem.edu.my','$2y$10$UxOTjCguXl9fcWWaNvvjtuxZfqHP2vM7Hba4BYob0n455/Hsv1s3y','student','active','student','2025-04-23 00:03:03','2025-04-23 00:03:03');
INSERT IGNORE INTO students (user_id,full_name,preferred_name,avatar_path,matric_no,university,phone,looking_for_housing,housing_pref_city,housing_pref_max_rent,housing_pref_move_in,housing_bio) VALUES (183,'Amirul bin Ibrahim','Amirul',NULL,'B032430028','UTeM','014-5925761',1,'Bukit Beruang',450,'2025-02-01','Part-time worker, flexible on move-in date.');
INSERT IGNORE INTO users (id,email,password_hash,primary_role,status,last_used_role,created_at,updated_at) VALUES (184,'hafiz.usof1@student.utem.edu.my','$2y$10$UxOTjCguXl9fcWWaNvvjtuxZfqHP2vM7Hba4BYob0n455/Hsv1s3y','student','active','student','2025-04-26 00:03:04','2025-04-26 00:03:04');
INSERT IGNORE INTO students (user_id,full_name,preferred_name,avatar_path,matric_no,university,phone,looking_for_housing,housing_pref_city,housing_pref_max_rent,housing_pref_move_in,housing_bio) VALUES (184,'Hafiz binti Yusof','Hafiz',NULL,'B032430029','UTeM','015-7160328',1,'Ayer Keroh',500,'2025-02-01','Looking for a quiet room near UTeM campus.');
INSERT IGNORE INTO users (id,email,password_hash,primary_role,status,last_used_role,created_at,updated_at) VALUES (185,'su.lin.goh1@student.utem.edu.my','$2y$10$UxOTjCguXl9fcWWaNvvjtuxZfqHP2vM7Hba4BYob0n455/Hsv1s3y','student','active','student','2025-04-29 00:03:05','2025-04-29 00:03:05');
INSERT IGNORE INTO students (user_id,full_name,preferred_name,avatar_path,matric_no,university,phone,looking_for_housing,housing_pref_city,housing_pref_max_rent,housing_pref_move_in,housing_bio) VALUES (185,'Goh Su Lin','Su',NULL,'B032430030','UTeM','016-8394895',1,'Durian Tunggal',300,'2025-02-01','Prefer house-sharing with other students.');
INSERT IGNORE INTO users (id,email,password_hash,primary_role,status,last_used_role,created_at,updated_at) VALUES (186,'wei.wong@student.utem.edu.my','$2y$10$UxOTjCguXl9fcWWaNvvjtuxZfqHP2vM7Hba4BYob0n455/Hsv1s3y','student','active','student','2025-05-02 00:03:06','2025-05-02 00:03:06');
INSERT IGNORE INTO students (user_id,full_name,preferred_name,avatar_path,matric_no,university,phone,looking_for_housing,housing_pref_city,housing_pref_max_rent,housing_pref_move_in,housing_bio) VALUES (186,'Wong Wei','Wei',NULL,'B032430031','UTeM','017-9629462',1,'Durian Tunggal',350,'2025-02-01','Need WiFi and air conditioning. Budget-conscious.');
INSERT IGNORE INTO users (id,email,password_hash,primary_role,status,last_used_role,created_at,updated_at) VALUES (187,'zi.yang.chong@student.utem.edu.my','$2y$10$UxOTjCguXl9fcWWaNvvjtuxZfqHP2vM7Hba4BYob0n455/Hsv1s3y','student','active','student','2025-05-05 00:03:07','2025-05-05 00:03:07');
INSERT IGNORE INTO students (user_id,full_name,preferred_name,avatar_path,matric_no,university,phone,looking_for_housing,housing_pref_city,housing_pref_max_rent,housing_pref_move_in,housing_bio) VALUES (187,'Chong Zi Yang','Zi',NULL,'B032430032','UTeM','018-0864029',1,'Ayer Keroh',400,'2025-02-01','Final year student, need stable accommodation.');
INSERT IGNORE INTO users (id,email,password_hash,primary_role,status,last_used_role,created_at,updated_at) VALUES (188,'priya.umar5@student.utem.edu.my','$2y$10$UxOTjCguXl9fcWWaNvvjtuxZfqHP2vM7Hba4BYob0n455/Hsv1s3y','student','active','student','2025-05-08 00:03:08','2025-05-08 00:03:08');
INSERT IGNORE INTO students (user_id,full_name,preferred_name,avatar_path,matric_no,university,phone,looking_for_housing,housing_pref_city,housing_pref_max_rent,housing_pref_move_in,housing_bio) VALUES (188,'Priya a/l Kumar','Priya',NULL,'B032430033','UTeM','019-2098596',1,'Melaka Tengah',450,'2025-02-01','Friendly and clean. Looking for affordable housing.');
INSERT IGNORE INTO users (id,email,password_hash,primary_role,status,last_used_role,created_at,updated_at) VALUES (189,'kavitha.rishnan5@student.utem.edu.my','$2y$10$UxOTjCguXl9fcWWaNvvjtuxZfqHP2vM7Hba4BYob0n455/Hsv1s3y','student','active','student','2025-05-11 00:03:09','2025-05-11 00:03:09');
INSERT IGNORE INTO students (user_id,full_name,preferred_name,avatar_path,matric_no,university,phone,looking_for_housing,housing_pref_city,housing_pref_max_rent,housing_pref_move_in,housing_bio) VALUES (189,'Kavitha a/l Krishnan','Kavitha',NULL,'B032430034','UTeM','011-3333163',1,'Bukit Beruang',500,'2025-02-01','Prefer female-only housing near campus.');
INSERT IGNORE INTO users (id,email,password_hash,primary_role,status,last_used_role,created_at,updated_at) VALUES (190,'farhana.ahim1@student.utem.edu.my','$2y$10$UxOTjCguXl9fcWWaNvvjtuxZfqHP2vM7Hba4BYob0n455/Hsv1s3y','student','active','student','2025-05-14 00:03:10','2025-05-14 00:03:10');
INSERT IGNORE INTO students (user_id,full_name,preferred_name,avatar_path,matric_no,university,phone,looking_for_housing,housing_pref_city,housing_pref_max_rent,housing_pref_move_in,housing_bio) VALUES (190,'Farhana bin Rahim','Farhana',NULL,'B032430035','UTeM','012-4567730',1,'Ayer Keroh',300,'2025-02-01','Engineering student, need study space.');
INSERT IGNORE INTO users (id,email,password_hash,primary_role,status,last_used_role,created_at,updated_at) VALUES (191,'nurul.smail1@student.utem.edu.my','$2y$10$UxOTjCguXl9fcWWaNvvjtuxZfqHP2vM7Hba4BYob0n455/Hsv1s3y','student','active','student','2025-05-17 00:03:11','2025-05-17 00:03:11');
INSERT IGNORE INTO students (user_id,full_name,preferred_name,avatar_path,matric_no,university,phone,looking_for_housing,housing_pref_city,housing_pref_max_rent,housing_pref_move_in,housing_bio) VALUES (191,'Nurul binti Ismail','Nurul',NULL,'B032430036','UTeM','013-5802297',1,'Durian Tunggal',350,'2025-02-01','Part-time worker, flexible on move-in date.');
INSERT IGNORE INTO users (id,email,password_hash,primary_role,status,last_used_role,created_at,updated_at) VALUES (192,'siti.thman1@student.utem.edu.my','$2y$10$UxOTjCguXl9fcWWaNvvjtuxZfqHP2vM7Hba4BYob0n455/Hsv1s3y','student','active','student','2025-05-20 00:03:12','2025-05-20 00:03:12');
INSERT IGNORE INTO students (user_id,full_name,preferred_name,avatar_path,matric_no,university,phone,looking_for_housing,housing_pref_city,housing_pref_max_rent,housing_pref_move_in,housing_bio) VALUES (192,'Siti bin Othman','Siti',NULL,'B032430037','UTeM','014-7036864',1,'Durian Tunggal',400,'2025-02-01','Looking for a quiet room near UTeM campus.');
INSERT IGNORE INTO users (id,email,password_hash,primary_role,status,last_used_role,created_at,updated_at) VALUES (193,'aini.ordin1@student.utem.edu.my','$2y$10$UxOTjCguXl9fcWWaNvvjtuxZfqHP2vM7Hba4BYob0n455/Hsv1s3y','student','active','student','2025-05-23 00:03:13','2025-05-23 00:03:13');
INSERT IGNORE INTO students (user_id,full_name,preferred_name,avatar_path,matric_no,university,phone,looking_for_housing,housing_pref_city,housing_pref_max_rent,housing_pref_move_in,housing_bio) VALUES (193,'Aini binti Nordin','Aini',NULL,'B032430038','UTeM','015-8271431',1,'Ayer Keroh',450,'2025-02-01','Prefer house-sharing with other students.');
INSERT IGNORE INTO users (id,email,password_hash,primary_role,status,last_used_role,created_at,updated_at) VALUES (194,'zulaikha.ainal1@student.utem.edu.my','$2y$10$UxOTjCguXl9fcWWaNvvjtuxZfqHP2vM7Hba4BYob0n455/Hsv1s3y','student','active','student','2025-05-26 00:03:14','2025-05-26 00:03:14');
INSERT IGNORE INTO students (user_id,full_name,preferred_name,avatar_path,matric_no,university,phone,looking_for_housing,housing_pref_city,housing_pref_max_rent,housing_pref_move_in,housing_bio) VALUES (194,'Zulaikha bin Zainal','Zulaikha',NULL,'B032430039','UTeM','016-9505998',1,'Melaka Tengah',500,'2025-02-01','Need WiFi and air conditioning. Budget-conscious.');
INSERT IGNORE INTO users (id,email,password_hash,primary_role,status,last_used_role,created_at,updated_at) VALUES (195,'rui.tan1@student.utem.edu.my','$2y$10$UxOTjCguXl9fcWWaNvvjtuxZfqHP2vM7Hba4BYob0n455/Hsv1s3y','student','active','student','2025-05-29 00:03:15','2025-05-29 00:03:15');
INSERT IGNORE INTO students (user_id,full_name,preferred_name,avatar_path,matric_no,university,phone,looking_for_housing,housing_pref_city,housing_pref_max_rent,housing_pref_move_in,housing_bio) VALUES (195,'Tan Rui','Rui',NULL,'B032430040','UTeM','017-0740565',1,'Bukit Beruang',300,'2025-02-01','Final year student, need stable accommodation.');
INSERT IGNORE INTO users (id,email,password_hash,primary_role,status,last_used_role,created_at,updated_at) VALUES (196,'wan.ting.ong@student.utem.edu.my','$2y$10$UxOTjCguXl9fcWWaNvvjtuxZfqHP2vM7Hba4BYob0n455/Hsv1s3y','student','active','student','2025-06-01 00:03:16','2025-06-01 00:03:16');
INSERT IGNORE INTO students (user_id,full_name,preferred_name,avatar_path,matric_no,university,phone,looking_for_housing,housing_pref_city,housing_pref_max_rent,housing_pref_move_in,housing_bio) VALUES (196,'Ong Wan Ting','Wan',NULL,'B032430041','UTeM','018-1975132',1,'Ayer Keroh',350,'2025-02-01','Friendly and clean. Looking for affordable housing.');
INSERT IGNORE INTO users (id,email,password_hash,primary_role,status,last_used_role,created_at,updated_at) VALUES (197,'su.lin.lim@student.utem.edu.my','$2y$10$UxOTjCguXl9fcWWaNvvjtuxZfqHP2vM7Hba4BYob0n455/Hsv1s3y','student','active','student','2025-06-04 00:03:17','2025-06-04 00:03:17');
INSERT IGNORE INTO students (user_id,full_name,preferred_name,avatar_path,matric_no,university,phone,looking_for_housing,housing_pref_city,housing_pref_max_rent,housing_pref_move_in,housing_bio) VALUES (197,'Lim Su Lin','Su',NULL,'B032430042','UTeM','019-3209699',1,'Durian Tunggal',400,'2025-02-01','Prefer female-only housing near campus.');
INSERT IGNORE INTO users (id,email,password_hash,primary_role,status,last_used_role,created_at,updated_at) VALUES (198,'rajan.umar5@student.utem.edu.my','$2y$10$UxOTjCguXl9fcWWaNvvjtuxZfqHP2vM7Hba4BYob0n455/Hsv1s3y','student','active','student','2025-06-07 00:03:18','2025-06-07 00:03:18');
INSERT IGNORE INTO students (user_id,full_name,preferred_name,avatar_path,matric_no,university,phone,looking_for_housing,housing_pref_city,housing_pref_max_rent,housing_pref_move_in,housing_bio) VALUES (198,'Rajan a/l Kumar','Rajan',NULL,'B032430043','UTeM','011-4444266',1,'Durian Tunggal',450,'2025-02-01','Engineering student, need study space.');
INSERT IGNORE INTO users (id,email,password_hash,primary_role,status,last_used_role,created_at,updated_at) VALUES (199,'suresh.rishnan5@student.utem.edu.my','$2y$10$UxOTjCguXl9fcWWaNvvjtuxZfqHP2vM7Hba4BYob0n455/Hsv1s3y','student','active','student','2025-06-10 00:03:19','2025-06-10 00:03:19');
INSERT IGNORE INTO students (user_id,full_name,preferred_name,avatar_path,matric_no,university,phone,looking_for_housing,housing_pref_city,housing_pref_max_rent,housing_pref_move_in,housing_bio) VALUES (199,'Suresh a/l Krishnan','Suresh',NULL,'B032430044','UTeM','012-5678833',1,'Ayer Keroh',500,'2025-02-01','Part-time worker, flexible on move-in date.');
INSERT IGNORE INTO users (id,email,password_hash,primary_role,status,last_used_role,created_at,updated_at) VALUES (200,'arif.assan1@student.utem.edu.my','$2y$10$UxOTjCguXl9fcWWaNvvjtuxZfqHP2vM7Hba4BYob0n455/Hsv1s3y','student','suspended','student','2025-06-13 00:03:20','2025-06-13 00:03:20');
INSERT IGNORE INTO students (user_id,full_name,preferred_name,avatar_path,matric_no,university,phone,looking_for_housing,housing_pref_city,housing_pref_max_rent,housing_pref_move_in,housing_bio) VALUES (200,'Arif bin Hassan','Arif',NULL,'B032430045','UTeM','013-6913400',1,'Melaka Tengah',300,'2025-02-01','Looking for a quiet room near UTeM campus.');
INSERT IGNORE INTO users (id,email,password_hash,primary_role,status,last_used_role,created_at,updated_at) VALUES (201,'zikri.brahim1@student.utem.edu.my','$2y$10$UxOTjCguXl9fcWWaNvvjtuxZfqHP2vM7Hba4BYob0n455/Hsv1s3y','student','active','student','2025-06-16 00:03:21','2025-06-16 00:03:21');
INSERT IGNORE INTO students (user_id,full_name,preferred_name,avatar_path,matric_no,university,phone,looking_for_housing,housing_pref_city,housing_pref_max_rent,housing_pref_move_in,housing_bio) VALUES (201,'Zikri bin Ibrahim','Zikri',NULL,'B032430046','UTeM','014-8147967',1,'Bukit Beruang',350,'2025-02-01','Prefer house-sharing with other students.');
INSERT IGNORE INTO users (id,email,password_hash,primary_role,status,last_used_role,created_at,updated_at) VALUES (202,'irfan.usof1@student.utem.edu.my','$2y$10$UxOTjCguXl9fcWWaNvvjtuxZfqHP2vM7Hba4BYob0n455/Hsv1s3y','student','active','student','2025-06-19 00:03:22','2025-06-19 00:03:22');
INSERT IGNORE INTO students (user_id,full_name,preferred_name,avatar_path,matric_no,university,phone,looking_for_housing,housing_pref_city,housing_pref_max_rent,housing_pref_move_in,housing_bio) VALUES (202,'Irfan binti Yusof','Irfan',NULL,'B032430047','UTeM','015-9382534',1,'Ayer Keroh',400,'2025-02-01','Need WiFi and air conditioning. Budget-conscious.');
INSERT IGNORE INTO users (id,email,password_hash,primary_role,status,last_used_role,created_at,updated_at) VALUES (203,'ridhwan.hmad1@student.utem.edu.my','$2y$10$UxOTjCguXl9fcWWaNvvjtuxZfqHP2vM7Hba4BYob0n455/Hsv1s3y','student','active','student','2025-06-22 00:03:23','2025-06-22 00:03:23');
INSERT IGNORE INTO students (user_id,full_name,preferred_name,avatar_path,matric_no,university,phone,looking_for_housing,housing_pref_city,housing_pref_max_rent,housing_pref_move_in,housing_bio) VALUES (203,'Ridhwan binti Ahmad','Ridhwan',NULL,'B032430048','UTeM','016-0617101',1,'Durian Tunggal',450,'2025-02-01','Final year student, need stable accommodation.');
INSERT IGNORE INTO users (id,email,password_hash,primary_role,status,last_used_role,created_at,updated_at) VALUES (204,'nadzmi.ainudin1@student.utem.edu.my','$2y$10$UxOTjCguXl9fcWWaNvvjtuxZfqHP2vM7Hba4BYob0n455/Hsv1s3y','student','active','student','2025-06-25 00:03:24','2025-06-25 00:03:24');
INSERT IGNORE INTO students (user_id,full_name,preferred_name,avatar_path,matric_no,university,phone,looking_for_housing,housing_pref_city,housing_pref_max_rent,housing_pref_move_in,housing_bio) VALUES (204,'Nadzmi bin Zainudin','Nadzmi',NULL,'B032430049','UTeM','017-1851668',1,'Durian Tunggal',500,'2025-02-01','Friendly and clean. Looking for affordable housing.');
INSERT IGNORE INTO users (id,email,password_hash,primary_role,status,last_used_role,created_at,updated_at) VALUES (205,'zi.yang.chan1@student.utem.edu.my','$2y$10$UxOTjCguXl9fcWWaNvvjtuxZfqHP2vM7Hba4BYob0n455/Hsv1s3y','student','active','student','2025-06-28 00:03:25','2025-06-28 00:03:25');
INSERT IGNORE INTO students (user_id,full_name,preferred_name,avatar_path,matric_no,university,phone,looking_for_housing,housing_pref_city,housing_pref_max_rent,housing_pref_move_in,housing_bio) VALUES (205,'Chan Zi Yang','Zi',NULL,'B032430050','UTeM','018-3086235',1,'Ayer Keroh',300,'2025-02-01','Prefer female-only housing near campus.');
INSERT IGNORE INTO users (id,email,password_hash,primary_role,status,last_used_role,created_at,updated_at) VALUES (206,'jing.yi.khor@student.utem.edu.my','$2y$10$UxOTjCguXl9fcWWaNvvjtuxZfqHP2vM7Hba4BYob0n455/Hsv1s3y','student','active','student','2025-07-01 00:03:26','2025-07-01 00:03:26');
INSERT IGNORE INTO students (user_id,full_name,preferred_name,avatar_path,matric_no,university,phone,looking_for_housing,housing_pref_city,housing_pref_max_rent,housing_pref_move_in,housing_bio) VALUES (206,'Khor Jing Yi','Jing',NULL,'B032430051','UTeM','019-4320802',1,'Melaka Tengah',350,'2025-02-01','Engineering student, need study space.');
INSERT IGNORE INTO users (id,email,password_hash,primary_role,status,last_used_role,created_at,updated_at) VALUES (207,'rui.loh@student.utem.edu.my','$2y$10$UxOTjCguXl9fcWWaNvvjtuxZfqHP2vM7Hba4BYob0n455/Hsv1s3y','student','active','student','2025-07-04 00:03:27','2025-07-04 00:03:27');
INSERT IGNORE INTO students (user_id,full_name,preferred_name,avatar_path,matric_no,university,phone,looking_for_housing,housing_pref_city,housing_pref_max_rent,housing_pref_move_in,housing_bio) VALUES (207,'Loh Rui','Rui',NULL,'B032430052','UTeM','011-5555369',1,'Bukit Beruang',400,'2025-02-01','Part-time worker, flexible on move-in date.');
INSERT IGNORE INTO users (id,email,password_hash,primary_role,status,last_used_role,created_at,updated_at) VALUES (208,'lakshmi.umar5@student.utem.edu.my','$2y$10$UxOTjCguXl9fcWWaNvvjtuxZfqHP2vM7Hba4BYob0n455/Hsv1s3y','student','active','student','2025-07-07 00:03:28','2025-07-07 00:03:28');
INSERT IGNORE INTO students (user_id,full_name,preferred_name,avatar_path,matric_no,university,phone,looking_for_housing,housing_pref_city,housing_pref_max_rent,housing_pref_move_in,housing_bio) VALUES (208,'Lakshmi a/l Kumar','Lakshmi',NULL,'B032430053','UTeM','012-6789936',1,'Ayer Keroh',450,'2025-02-01','Looking for a quiet room near UTeM campus.');
INSERT IGNORE INTO users (id,email,password_hash,primary_role,status,last_used_role,created_at,updated_at) VALUES (209,'nisha.rishnan5@student.utem.edu.my','$2y$10$UxOTjCguXl9fcWWaNvvjtuxZfqHP2vM7Hba4BYob0n455/Hsv1s3y','student','active','student','2025-07-10 00:03:29','2025-07-10 00:03:29');
INSERT IGNORE INTO students (user_id,full_name,preferred_name,avatar_path,matric_no,university,phone,looking_for_housing,housing_pref_city,housing_pref_max_rent,housing_pref_move_in,housing_bio) VALUES (209,'Nisha a/l Krishnan','Nisha',NULL,'B032430054','UTeM','013-8024503',1,'Durian Tunggal',500,'2025-02-01','Prefer house-sharing with other students.');
INSERT IGNORE INTO users (id,email,password_hash,primary_role,status,last_used_role,created_at,updated_at) VALUES (210,'ahmad.thman1@student.utem.edu.my','$2y$10$UxOTjCguXl9fcWWaNvvjtuxZfqHP2vM7Hba4BYob0n455/Hsv1s3y','student','active','student','2025-07-13 00:03:30','2025-07-13 00:03:30');
INSERT IGNORE INTO students (user_id,full_name,preferred_name,avatar_path,matric_no,university,phone,looking_for_housing,housing_pref_city,housing_pref_max_rent,housing_pref_move_in,housing_bio) VALUES (210,'Ahmad bin Othman','Ahmad',NULL,'B032430055','UTeM','014-9259070',1,'Durian Tunggal',300,'2025-02-01','Need WiFi and air conditioning. Budget-conscious.');
INSERT IGNORE INTO users (id,email,password_hash,primary_role,status,last_used_role,created_at,updated_at) VALUES (211,'muhammad.ordin1@student.utem.edu.my','$2y$10$UxOTjCguXl9fcWWaNvvjtuxZfqHP2vM7Hba4BYob0n455/Hsv1s3y','student','active','student','2025-07-16 00:03:31','2025-07-16 00:03:31');
INSERT IGNORE INTO students (user_id,full_name,preferred_name,avatar_path,matric_no,university,phone,looking_for_housing,housing_pref_city,housing_pref_max_rent,housing_pref_move_in,housing_bio) VALUES (211,'Muhammad binti Nordin','Muhammad',NULL,'B032430056','UTeM','015-0493637',1,'Ayer Keroh',350,'2025-02-01','Final year student, need stable accommodation.');
INSERT IGNORE INTO users (id,email,password_hash,primary_role,status,last_used_role,created_at,updated_at) VALUES (212,'mohd.ainal1@student.utem.edu.my','$2y$10$UxOTjCguXl9fcWWaNvvjtuxZfqHP2vM7Hba4BYob0n455/Hsv1s3y','student','active','student','2025-07-19 00:03:32','2025-07-19 00:03:32');
INSERT IGNORE INTO students (user_id,full_name,preferred_name,avatar_path,matric_no,university,phone,looking_for_housing,housing_pref_city,housing_pref_max_rent,housing_pref_move_in,housing_bio) VALUES (212,'Mohd bin Zainal','Mohd',NULL,'B032430057','UTeM','016-1728204',1,'Melaka Tengah',400,'2025-02-01','Friendly and clean. Looking for affordable housing.');
INSERT IGNORE INTO users (id,email,password_hash,primary_role,status,last_used_role,created_at,updated_at) VALUES (213,'amirul.dris1@student.utem.edu.my','$2y$10$UxOTjCguXl9fcWWaNvvjtuxZfqHP2vM7Hba4BYob0n455/Hsv1s3y','student','active','student','2025-07-22 00:03:33','2025-07-22 00:03:33');
INSERT IGNORE INTO students (user_id,full_name,preferred_name,avatar_path,matric_no,university,phone,looking_for_housing,housing_pref_city,housing_pref_max_rent,housing_pref_move_in,housing_bio) VALUES (213,'Amirul binti Idris','Amirul',NULL,'B032430058','UTeM','017-2962771',1,'Bukit Beruang',450,'2025-02-01','Prefer female-only housing near campus.');
INSERT IGNORE INTO users (id,email,password_hash,primary_role,status,last_used_role,created_at,updated_at) VALUES (214,'hafiz.ansor1@student.utem.edu.my','$2y$10$UxOTjCguXl9fcWWaNvvjtuxZfqHP2vM7Hba4BYob0n455/Hsv1s3y','student','active','student','2025-07-25 00:03:34','2025-07-25 00:03:34');
INSERT IGNORE INTO students (user_id,full_name,preferred_name,avatar_path,matric_no,university,phone,looking_for_housing,housing_pref_city,housing_pref_max_rent,housing_pref_move_in,housing_bio) VALUES (214,'Hafiz bin Mansor','Hafiz',NULL,'B032430059','UTeM','018-4197338',1,'Ayer Keroh',500,'2025-02-01','Engineering student, need study space.');
INSERT IGNORE INTO users (id,email,password_hash,primary_role,status,last_used_role,created_at,updated_at) VALUES (215,'su.lin.yap1@student.utem.edu.my','$2y$10$UxOTjCguXl9fcWWaNvvjtuxZfqHP2vM7Hba4BYob0n455/Hsv1s3y','student','active','student','2025-07-28 00:03:35','2025-07-28 00:03:35');
INSERT IGNORE INTO students (user_id,full_name,preferred_name,avatar_path,matric_no,university,phone,looking_for_housing,housing_pref_city,housing_pref_max_rent,housing_pref_move_in,housing_bio) VALUES (215,'Yap Su Lin','Su',NULL,'B032430060','UTeM','019-5431905',1,'Durian Tunggal',300,'2025-02-01','Part-time worker, flexible on move-in date.');
INSERT IGNORE INTO users (id,email,password_hash,primary_role,status,last_used_role,created_at,updated_at) VALUES (216,'wei.ng@student.utem.edu.my','$2y$10$UxOTjCguXl9fcWWaNvvjtuxZfqHP2vM7Hba4BYob0n455/Hsv1s3y','student','active','student','2025-02-01 00:03:36','2025-02-01 00:03:36');
INSERT IGNORE INTO students (user_id,full_name,preferred_name,avatar_path,matric_no,university,phone,looking_for_housing,housing_pref_city,housing_pref_max_rent,housing_pref_move_in,housing_bio) VALUES (216,'Ng Wei','Wei',NULL,'B032430061','UTeM','011-6666472',1,'Durian Tunggal',350,'2025-02-01','Looking for a quiet room near UTeM campus.');
INSERT IGNORE INTO users (id,email,password_hash,primary_role,status,last_used_role,created_at,updated_at) VALUES (217,'zi.yang.chin@student.utem.edu.my','$2y$10$UxOTjCguXl9fcWWaNvvjtuxZfqHP2vM7Hba4BYob0n455/Hsv1s3y','student','active','student','2025-02-04 00:03:37','2025-02-04 00:03:37');
INSERT IGNORE INTO students (user_id,full_name,preferred_name,avatar_path,matric_no,university,phone,looking_for_housing,housing_pref_city,housing_pref_max_rent,housing_pref_move_in,housing_bio) VALUES (217,'Chin Zi Yang','Zi',NULL,'B032430062','UTeM','012-7901039',1,'Ayer Keroh',400,'2025-02-01','Prefer house-sharing with other students.');
INSERT IGNORE INTO users (id,email,password_hash,primary_role,status,last_used_role,created_at,updated_at) VALUES (218,'priya.umar6@student.utem.edu.my','$2y$10$UxOTjCguXl9fcWWaNvvjtuxZfqHP2vM7Hba4BYob0n455/Hsv1s3y','student','active','student','2025-02-07 00:03:38','2025-02-07 00:03:38');
INSERT IGNORE INTO students (user_id,full_name,preferred_name,avatar_path,matric_no,university,phone,looking_for_housing,housing_pref_city,housing_pref_max_rent,housing_pref_move_in,housing_bio) VALUES (218,'Priya a/l Kumar','Priya',NULL,'B032430063','UTeM','013-9135606',1,'Melaka Tengah',450,'2025-02-01','Need WiFi and air conditioning. Budget-conscious.');
INSERT IGNORE INTO users (id,email,password_hash,primary_role,status,last_used_role,created_at,updated_at) VALUES (219,'kavitha.rishnan6@student.utem.edu.my','$2y$10$UxOTjCguXl9fcWWaNvvjtuxZfqHP2vM7Hba4BYob0n455/Hsv1s3y','student','active','student','2025-02-10 00:03:39','2025-02-10 00:03:39');
INSERT IGNORE INTO students (user_id,full_name,preferred_name,avatar_path,matric_no,university,phone,looking_for_housing,housing_pref_city,housing_pref_max_rent,housing_pref_move_in,housing_bio) VALUES (219,'Kavitha a/l Krishnan','Kavitha',NULL,'B032430064','UTeM','014-0370173',1,'Bukit Beruang',500,'2025-02-01','Final year student, need stable accommodation.');
INSERT IGNORE INTO users (id,email,password_hash,primary_role,status,last_used_role,created_at,updated_at) VALUES (220,'farhana.usof2@student.utem.edu.my','$2y$10$UxOTjCguXl9fcWWaNvvjtuxZfqHP2vM7Hba4BYob0n455/Hsv1s3y','student','suspended','student','2025-02-13 00:03:40','2025-02-13 00:03:40');
INSERT IGNORE INTO students (user_id,full_name,preferred_name,avatar_path,matric_no,university,phone,looking_for_housing,housing_pref_city,housing_pref_max_rent,housing_pref_move_in,housing_bio) VALUES (220,'Farhana binti Yusof','Farhana',NULL,'B032430065','UTeM','015-1604740',1,'Ayer Keroh',300,'2025-02-01','Friendly and clean. Looking for affordable housing.');
INSERT IGNORE INTO users (id,email,password_hash,primary_role,status,last_used_role,created_at,updated_at) VALUES (221,'nurul.hmad2@student.utem.edu.my','$2y$10$UxOTjCguXl9fcWWaNvvjtuxZfqHP2vM7Hba4BYob0n455/Hsv1s3y','student','active','student','2025-02-16 00:03:41','2025-02-16 00:03:41');
INSERT IGNORE INTO students (user_id,full_name,preferred_name,avatar_path,matric_no,university,phone,looking_for_housing,housing_pref_city,housing_pref_max_rent,housing_pref_move_in,housing_bio) VALUES (221,'Nurul binti Ahmad','Nurul',NULL,'B032430066','UTeM','016-2839307',1,'Durian Tunggal',350,'2025-02-01','Prefer female-only housing near campus.');
INSERT IGNORE INTO users (id,email,password_hash,primary_role,status,last_used_role,created_at,updated_at) VALUES (222,'siti.ainudin2@student.utem.edu.my','$2y$10$UxOTjCguXl9fcWWaNvvjtuxZfqHP2vM7Hba4BYob0n455/Hsv1s3y','student','active','student','2025-02-19 00:03:42','2025-02-19 00:03:42');
INSERT IGNORE INTO students (user_id,full_name,preferred_name,avatar_path,matric_no,university,phone,looking_for_housing,housing_pref_city,housing_pref_max_rent,housing_pref_move_in,housing_bio) VALUES (222,'Siti bin Zainudin','Siti',NULL,'B032430067','UTeM','017-4073874',1,'Durian Tunggal',400,'2025-02-01','Engineering student, need study space.');
INSERT IGNORE INTO users (id,email,password_hash,primary_role,status,last_used_role,created_at,updated_at) VALUES (223,'aini.amaruddin2@student.utem.edu.my','$2y$10$UxOTjCguXl9fcWWaNvvjtuxZfqHP2vM7Hba4BYob0n455/Hsv1s3y','student','active','student','2025-02-22 00:03:43','2025-02-22 00:03:43');
INSERT IGNORE INTO students (user_id,full_name,preferred_name,avatar_path,matric_no,university,phone,looking_for_housing,housing_pref_city,housing_pref_max_rent,housing_pref_move_in,housing_bio) VALUES (223,'Aini bin Kamaruddin','Aini',NULL,'B032430068','UTeM','018-5308441',1,'Ayer Keroh',450,'2025-02-01','Part-time worker, flexible on move-in date.');
INSERT IGNORE INTO users (id,email,password_hash,primary_role,status,last_used_role,created_at,updated_at) VALUES (224,'zulaikha.amid2@student.utem.edu.my','$2y$10$UxOTjCguXl9fcWWaNvvjtuxZfqHP2vM7Hba4BYob0n455/Hsv1s3y','student','active','student','2025-02-25 00:03:44','2025-02-25 00:03:44');
INSERT IGNORE INTO students (user_id,full_name,preferred_name,avatar_path,matric_no,university,phone,looking_for_housing,housing_pref_city,housing_pref_max_rent,housing_pref_move_in,housing_bio) VALUES (224,'Zulaikha binti Hamid','Zulaikha',NULL,'B032430069','UTeM','019-6543008',1,'Melaka Tengah',500,'2025-02-01','Looking for a quiet room near UTeM campus.');
INSERT IGNORE INTO users (id,email,password_hash,primary_role,status,last_used_role,created_at,updated_at) VALUES (225,'rui.wong1@student.utem.edu.my','$2y$10$UxOTjCguXl9fcWWaNvvjtuxZfqHP2vM7Hba4BYob0n455/Hsv1s3y','student','active','student','2025-02-28 00:03:45','2025-02-28 00:03:45');
INSERT IGNORE INTO students (user_id,full_name,preferred_name,avatar_path,matric_no,university,phone,looking_for_housing,housing_pref_city,housing_pref_max_rent,housing_pref_move_in,housing_bio) VALUES (225,'Wong Rui','Rui',NULL,'B032430070','UTeM','011-7777575',1,'Bukit Beruang',300,'2025-02-01','Prefer house-sharing with other students.');
INSERT IGNORE INTO users (id,email,password_hash,primary_role,status,last_used_role,created_at,updated_at) VALUES (226,'wan.ting.chong@student.utem.edu.my','$2y$10$UxOTjCguXl9fcWWaNvvjtuxZfqHP2vM7Hba4BYob0n455/Hsv1s3y','student','active','student','2025-03-03 00:03:46','2025-03-03 00:03:46');
INSERT IGNORE INTO students (user_id,full_name,preferred_name,avatar_path,matric_no,university,phone,looking_for_housing,housing_pref_city,housing_pref_max_rent,housing_pref_move_in,housing_bio) VALUES (226,'Chong Wan Ting','Wan',NULL,'B032430071','UTeM','012-9012142',1,'Ayer Keroh',350,'2025-02-01','Need WiFi and air conditioning. Budget-conscious.');
INSERT IGNORE INTO users (id,email,password_hash,primary_role,status,last_used_role,created_at,updated_at) VALUES (227,'su.lin.lee@student.utem.edu.my','$2y$10$UxOTjCguXl9fcWWaNvvjtuxZfqHP2vM7Hba4BYob0n455/Hsv1s3y','student','active','student','2025-03-06 00:03:47','2025-03-06 00:03:47');
INSERT IGNORE INTO students (user_id,full_name,preferred_name,avatar_path,matric_no,university,phone,looking_for_housing,housing_pref_city,housing_pref_max_rent,housing_pref_move_in,housing_bio) VALUES (227,'Lee Su Lin','Su',NULL,'B032430072','UTeM','013-0246709',1,'Durian Tunggal',400,'2025-02-01','Final year student, need stable accommodation.');
INSERT IGNORE INTO users (id,email,password_hash,primary_role,status,last_used_role,created_at,updated_at) VALUES (228,'rajan.umar6@student.utem.edu.my','$2y$10$UxOTjCguXl9fcWWaNvvjtuxZfqHP2vM7Hba4BYob0n455/Hsv1s3y','student','active','student','2025-03-09 00:03:48','2025-03-09 00:03:48');
INSERT IGNORE INTO students (user_id,full_name,preferred_name,avatar_path,matric_no,university,phone,looking_for_housing,housing_pref_city,housing_pref_max_rent,housing_pref_move_in,housing_bio) VALUES (228,'Rajan a/l Kumar','Rajan',NULL,'B032430073','UTeM','014-1481276',1,'Durian Tunggal',450,'2025-02-01','Friendly and clean. Looking for affordable housing.');
INSERT IGNORE INTO users (id,email,password_hash,primary_role,status,last_used_role,created_at,updated_at) VALUES (229,'suresh.rishnan6@student.utem.edu.my','$2y$10$UxOTjCguXl9fcWWaNvvjtuxZfqHP2vM7Hba4BYob0n455/Hsv1s3y','student','active','student','2025-03-12 00:03:49','2025-03-12 00:03:49');
INSERT IGNORE INTO students (user_id,full_name,preferred_name,avatar_path,matric_no,university,phone,looking_for_housing,housing_pref_city,housing_pref_max_rent,housing_pref_move_in,housing_bio) VALUES (229,'Suresh a/l Krishnan','Suresh',NULL,'B032430074','UTeM','015-2715843',1,'Ayer Keroh',500,'2025-02-01','Prefer female-only housing near campus.');
INSERT IGNORE INTO users (id,email,password_hash,primary_role,status,last_used_role,created_at,updated_at) VALUES (230,'arif.ainal2@student.utem.edu.my','$2y$10$UxOTjCguXl9fcWWaNvvjtuxZfqHP2vM7Hba4BYob0n455/Hsv1s3y','student','active','student','2025-03-15 00:03:50','2025-03-15 00:03:50');
INSERT IGNORE INTO students (user_id,full_name,preferred_name,avatar_path,matric_no,university,phone,looking_for_housing,housing_pref_city,housing_pref_max_rent,housing_pref_move_in,housing_bio) VALUES (230,'Arif bin Zainal','Arif',NULL,'B032430075','UTeM','016-3950410',1,'Melaka Tengah',300,'2025-02-01','Engineering student, need study space.');
INSERT IGNORE INTO users (id,email,password_hash,primary_role,status,last_used_role,created_at,updated_at) VALUES (231,'zikri.dris2@student.utem.edu.my','$2y$10$UxOTjCguXl9fcWWaNvvjtuxZfqHP2vM7Hba4BYob0n455/Hsv1s3y','student','active','student','2025-03-18 00:03:51','2025-03-18 00:03:51');
INSERT IGNORE INTO students (user_id,full_name,preferred_name,avatar_path,matric_no,university,phone,looking_for_housing,housing_pref_city,housing_pref_max_rent,housing_pref_move_in,housing_bio) VALUES (231,'Zikri binti Idris','Zikri',NULL,'B032430076','UTeM','017-5184977',1,'Bukit Beruang',350,'2025-02-01','Part-time worker, flexible on move-in date.');
INSERT IGNORE INTO users (id,email,password_hash,primary_role,status,last_used_role,created_at,updated_at) VALUES (232,'irfan.ansor2@student.utem.edu.my','$2y$10$UxOTjCguXl9fcWWaNvvjtuxZfqHP2vM7Hba4BYob0n455/Hsv1s3y','student','active','student','2025-03-21 00:03:52','2025-03-21 00:03:52');
INSERT IGNORE INTO students (user_id,full_name,preferred_name,avatar_path,matric_no,university,phone,looking_for_housing,housing_pref_city,housing_pref_max_rent,housing_pref_move_in,housing_bio) VALUES (232,'Irfan bin Mansor','Irfan',NULL,'B032430077','UTeM','018-6419544',1,'Ayer Keroh',400,'2025-02-01','Looking for a quiet room near UTeM campus.');
INSERT IGNORE INTO users (id,email,password_hash,primary_role,status,last_used_role,created_at,updated_at) VALUES (233,'ridhwan.atif2@student.utem.edu.my','$2y$10$UxOTjCguXl9fcWWaNvvjtuxZfqHP2vM7Hba4BYob0n455/Hsv1s3y','student','active','student','2025-03-24 00:03:53','2025-03-24 00:03:53');
INSERT IGNORE INTO students (user_id,full_name,preferred_name,avatar_path,matric_no,university,phone,looking_for_housing,housing_pref_city,housing_pref_max_rent,housing_pref_move_in,housing_bio) VALUES (233,'Ridhwan binti Latif','Ridhwan',NULL,'B032430078','UTeM','019-7654111',1,'Durian Tunggal',450,'2025-02-01','Prefer house-sharing with other students.');
INSERT IGNORE INTO users (id,email,password_hash,primary_role,status,last_used_role,created_at,updated_at) VALUES (234,'nadzmi.bdullah2@student.utem.edu.my','$2y$10$UxOTjCguXl9fcWWaNvvjtuxZfqHP2vM7Hba4BYob0n455/Hsv1s3y','student','active','student','2025-03-27 00:03:54','2025-03-27 00:03:54');
INSERT IGNORE INTO students (user_id,full_name,preferred_name,avatar_path,matric_no,university,phone,looking_for_housing,housing_pref_city,housing_pref_max_rent,housing_pref_move_in,housing_bio) VALUES (234,'Nadzmi bin Abdullah','Nadzmi',NULL,'B032430079','UTeM','011-8888678',1,'Durian Tunggal',500,'2025-02-01','Need WiFi and air conditioning. Budget-conscious.');
INSERT IGNORE INTO users (id,email,password_hash,primary_role,status,last_used_role,created_at,updated_at) VALUES (235,'zi.yang.ong1@student.utem.edu.my','$2y$10$UxOTjCguXl9fcWWaNvvjtuxZfqHP2vM7Hba4BYob0n455/Hsv1s3y','student','active','student','2025-03-30 00:03:55','2025-03-30 00:03:55');
INSERT IGNORE INTO students (user_id,full_name,preferred_name,avatar_path,matric_no,university,phone,looking_for_housing,housing_pref_city,housing_pref_max_rent,housing_pref_move_in,housing_bio) VALUES (235,'Ong Zi Yang','Zi',NULL,'B032430080','UTeM','012-0123245',1,'Ayer Keroh',300,'2025-02-01','Final year student, need stable accommodation.');

-- ============================================================
-- LANDLORDS (user IDs 236–270)
-- ============================================================

-- Sem 1 landlords
INSERT IGNORE INTO users (id,email,password_hash,primary_role,status,last_used_role,created_at,updated_at) VALUES (236,'.elen.binhani236@gmail.com','$2y$10$UxOTjCguXl9fcWWaNvvjtuxZfqHP2vM7Hba4BYob0n455/Hsv1s3y','landlord','active','landlord','2024-01-10 00:00:00','2024-01-10 00:00:00');
INSERT IGNORE INTO landlords (user_id,full_name,preferred_name,avatar_path,ic_no,phone,allow_whatsapp,address,verified) VALUES (236,'Helen bin Ghani','Helen',NULL,'010000236-38-0236','013-6419756',0,'No. 1, Jalan Melaka Maju 1, Melaka',1);
INSERT IGNORE INTO users (id,email,password_hash,primary_role,status,last_used_role,created_at,updated_at) VALUES (237,'.avi.bintialleh237@gmail.com','$2y$10$UxOTjCguXl9fcWWaNvvjtuxZfqHP2vM7Hba4BYob0n455/Hsv1s3y','landlord','active','landlord','2024-01-14 00:00:00','2024-01-14 00:00:00');
INSERT IGNORE INTO landlords (user_id,full_name,preferred_name,avatar_path,ic_no,phone,allow_whatsapp,address,verified) VALUES (237,'Ravi binti Salleh','Ravi',NULL,'020000237-39-0237','014-4074077',1,'No. 2, Jalan Melaka Maju 1, Melaka',1);
INSERT IGNORE INTO users (id,email,password_hash,primary_role,status,last_used_role,created_at,updated_at) VALUES (238,'.iva.bintiusa238@gmail.com','$2y$10$UxOTjCguXl9fcWWaNvvjtuxZfqHP2vM7Hba4BYob0n455/Hsv1s3y','landlord','active','landlord','2024-01-18 00:00:00','2024-01-18 00:00:00');
INSERT IGNORE INTO landlords (user_id,full_name,preferred_name,avatar_path,ic_no,phone,allow_whatsapp,address,verified) VALUES (238,'Siva binti Musa','Siva',NULL,'960000238-40-0238','015-1728398',1,'No. 3, Jalan Melaka Maju 1, Melaka',1);
INSERT IGNORE INTO users (id,email,password_hash,primary_role,status,last_used_role,created_at,updated_at) VALUES (239,'.uthu.an239@gmail.com','$2y$10$UxOTjCguXl9fcWWaNvvjtuxZfqHP2vM7Hba4BYob0n455/Hsv1s3y','landlord','active','landlord','2024-01-22 00:00:00','2024-01-22 00:00:00');
INSERT IGNORE INTO landlords (user_id,full_name,preferred_name,avatar_path,ic_no,phone,allow_whatsapp,address,verified) VALUES (239,'Muthu Tan','Muthu',NULL,'970000239-41-0239','016-9382719',1,'No. 4, Jalan Melaka Maju 1, Melaka',1);
INSERT IGNORE INTO users (id,email,password_hash,primary_role,status,last_used_role,created_at,updated_at) VALUES (240,'.oslan.im240@gmail.com','$2y$10$UxOTjCguXl9fcWWaNvvjtuxZfqHP2vM7Hba4BYob0n455/Hsv1s3y','landlord','active','landlord','2024-01-26 00:00:00','2024-01-26 00:00:00');
INSERT IGNORE INTO landlords (user_id,full_name,preferred_name,avatar_path,ic_no,phone,allow_whatsapp,address,verified) VALUES (240,'Roslan Lim','Roslan',NULL,'980000240-42-0240','017-7037040',0,'No. 5, Jalan Melaka Maju 1, Melaka',0);
INSERT IGNORE INTO users (id,email,password_hash,primary_role,status,last_used_role,created_at,updated_at) VALUES (241,'.airul.ong241@gmail.com','$2y$10$UxOTjCguXl9fcWWaNvvjtuxZfqHP2vM7Hba4BYob0n455/Hsv1s3y','landlord','active','landlord','2024-01-30 00:00:00','2024-01-30 00:00:00');
INSERT IGNORE INTO landlords (user_id,full_name,preferred_name,avatar_path,ic_no,phone,allow_whatsapp,address,verified) VALUES (241,'Hairul Wong','Hairul',NULL,'990000241-43-0241','018-4691361',1,'No. 6, Jalan Melaka Maju 1, Melaka',1);
INSERT IGNORE INTO users (id,email,password_hash,primary_role,status,last_used_role,created_at,updated_at) VALUES (242,'.hairul.ee242@gmail.com','$2y$10$UxOTjCguXl9fcWWaNvvjtuxZfqHP2vM7Hba4BYob0n455/Hsv1s3y','landlord','active','landlord','2024-02-03 00:00:00','2024-02-03 00:00:00');
INSERT IGNORE INTO landlords (user_id,full_name,preferred_name,avatar_path,ic_no,phone,allow_whatsapp,address,verified) VALUES (242,'Khairul Lee','Khairul',NULL,'000000242-44-0242','019-2345682',1,'No. 7, Jalan Melaka Maju 1, Melaka',1);
INSERT IGNORE INTO users (id,email,password_hash,primary_role,status,last_used_role,created_at,updated_at) VALUES (243,'.zman.g243@gmail.com','$2y$10$UxOTjCguXl9fcWWaNvvjtuxZfqHP2vM7Hba4BYob0n455/Hsv1s3y','landlord','active','landlord','2024-02-07 00:00:00','2024-02-07 00:00:00');
INSERT IGNORE INTO landlords (user_id,full_name,preferred_name,avatar_path,ic_no,phone,allow_whatsapp,address,verified) VALUES (243,'Azman Ng','Azman',NULL,'010000243-45-0243','011-0000003',1,'No. 8, Jalan Melaka Maju 1, Melaka',1);
INSERT IGNORE INTO users (id,email,password_hash,primary_role,status,last_used_role,created_at,updated_at) VALUES (244,'.oraini.alrishnan244@gmail.com','$2y$10$UxOTjCguXl9fcWWaNvvjtuxZfqHP2vM7Hba4BYob0n455/Hsv1s3y','landlord','active','landlord','2024-02-11 00:00:00','2024-02-11 00:00:00');
INSERT IGNORE INTO landlords (user_id,full_name,preferred_name,avatar_path,ic_no,phone,allow_whatsapp,address,verified) VALUES (244,'Noraini a/l Krishnan','Noraini',NULL,'020000244-46-0244','012-7654324',0,'No. 9, Jalan Melaka Maju 1, Melaka',1);
INSERT IGNORE INTO users (id,email,password_hash,primary_role,status,last_used_role,created_at,updated_at) VALUES (245,'.ainab.alubramaniam245@gmail.com','$2y$10$UxOTjCguXl9fcWWaNvvjtuxZfqHP2vM7Hba4BYob0n455/Hsv1s3y','landlord','active','landlord','2024-02-15 00:00:00','2024-02-15 00:00:00');
INSERT IGNORE INTO landlords (user_id,full_name,preferred_name,avatar_path,ic_no,phone,allow_whatsapp,address,verified) VALUES (245,'Zainab a/l Subramaniam','Zainab',NULL,'960000245-47-0245','013-5308645',1,'No. 10, Jalan Melaka Maju 1, Melaka',0);
INSERT IGNORE INTO users (id,email,password_hash,primary_role,status,last_used_role,created_at,updated_at) VALUES (246,'.almah.alaj246@gmail.com','$2y$10$UxOTjCguXl9fcWWaNvvjtuxZfqHP2vM7Hba4BYob0n455/Hsv1s3y','landlord','active','landlord','2024-02-19 00:00:00','2024-02-19 00:00:00');
INSERT IGNORE INTO landlords (user_id,full_name,preferred_name,avatar_path,ic_no,phone,allow_whatsapp,address,verified) VALUES (246,'Salmah a/l Raj','Salmah',NULL,'970000246-48-0246','014-2962966',1,'No. 11, Jalan Melaka Maju 1, Melaka',1);
INSERT IGNORE INTO users (id,email,password_hash,primary_role,status,last_used_role,created_at,updated_at) VALUES (247,'.ashid.bindris247@gmail.com','$2y$10$UxOTjCguXl9fcWWaNvvjtuxZfqHP2vM7Hba4BYob0n455/Hsv1s3y','landlord','active','landlord','2024-02-23 00:00:00','2024-02-23 00:00:00');
INSERT IGNORE INTO landlords (user_id,full_name,preferred_name,avatar_path,ic_no,phone,allow_whatsapp,address,verified) VALUES (247,'Rashid bin Idris','Rashid',NULL,'980000247-49-0247','015-0617287',1,'No. 12, Jalan Melaka Maju 1, Melaka',1);
INSERT IGNORE INTO users (id,email,password_hash,primary_role,status,last_used_role,created_at,updated_at) VALUES (248,'.avid.binsman248@gmail.com','$2y$10$UxOTjCguXl9fcWWaNvvjtuxZfqHP2vM7Hba4BYob0n455/Hsv1s3y','landlord','active','landlord','2024-02-27 00:00:00','2024-02-27 00:00:00');
INSERT IGNORE INTO landlords (user_id,full_name,preferred_name,avatar_path,ic_no,phone,allow_whatsapp,address,verified) VALUES (248,'David bin Osman','David',NULL,'990000248-50-0248','016-8271608',0,'No. 13, Jalan Melaka Maju 1, Melaka',1);
INSERT IGNORE INTO users (id,email,password_hash,primary_role,status,last_used_role,created_at,updated_at) VALUES (249,'.teven.binhani249@gmail.com','$2y$10$UxOTjCguXl9fcWWaNvvjtuxZfqHP2vM7Hba4BYob0n455/Hsv1s3y','landlord','active','landlord','2024-03-02 00:00:00','2024-03-02 00:00:00');
INSERT IGNORE INTO landlords (user_id,full_name,preferred_name,avatar_path,ic_no,phone,allow_whatsapp,address,verified) VALUES (249,'Steven bin Ghani','Steven',NULL,'000000249-51-0249','017-5925929',1,'No. 14, Jalan Melaka Maju 1, Melaka',1);
INSERT IGNORE INTO users (id,email,password_hash,primary_role,status,last_used_role,created_at,updated_at) VALUES (250,'.evin.bintialleh250@gmail.com','$2y$10$UxOTjCguXl9fcWWaNvvjtuxZfqHP2vM7Hba4BYob0n455/Hsv1s3y','landlord','active','landlord','2024-03-06 00:00:00','2024-03-06 00:00:00');
INSERT IGNORE INTO landlords (user_id,full_name,preferred_name,avatar_path,ic_no,phone,allow_whatsapp,address,verified) VALUES (250,'Kevin binti Salleh','Kevin',NULL,'010000250-52-0250','018-3580250',1,'No. 15, Jalan Melaka Maju 1, Melaka',0);

-- Sem 2 landlords
INSERT IGNORE INTO users (id,email,password_hash,primary_role,status,last_used_role,created_at,updated_at) VALUES (251,'.enny.bintiusa251@gmail.com','$2y$10$UxOTjCguXl9fcWWaNvvjtuxZfqHP2vM7Hba4BYob0n455/Hsv1s3y','landlord','active','landlord','2024-08-01 00:00:00','2024-08-01 00:00:00');
INSERT IGNORE INTO landlords (user_id,full_name,preferred_name,avatar_path,ic_no,phone,allow_whatsapp,address,verified) VALUES (251,'Jenny binti Musa','Jenny',NULL,'020000251-53-0251','019-1234571',1,'No. 1, Jalan Melaka Maju 2, Melaka',1);
INSERT IGNORE INTO users (id,email,password_hash,primary_role,status,last_used_role,created_at,updated_at) VALUES (252,'.ichael.an252@gmail.com','$2y$10$UxOTjCguXl9fcWWaNvvjtuxZfqHP2vM7Hba4BYob0n455/Hsv1s3y','landlord','active','landlord','2024-08-05 00:00:00','2024-08-05 00:00:00');
INSERT IGNORE INTO landlords (user_id,full_name,preferred_name,avatar_path,ic_no,phone,allow_whatsapp,address,verified) VALUES (252,'Michael Tan','Michael',NULL,'960000252-54-0252','011-8888892',0,'No. 2, Jalan Melaka Maju 2, Melaka',1);
INSERT IGNORE INTO users (id,email,password_hash,primary_role,status,last_used_role,created_at,updated_at) VALUES (253,'.atrick.im253@gmail.com','$2y$10$UxOTjCguXl9fcWWaNvvjtuxZfqHP2vM7Hba4BYob0n455/Hsv1s3y','landlord','active','landlord','2024-08-09 00:00:00','2024-08-09 00:00:00');
INSERT IGNORE INTO landlords (user_id,full_name,preferred_name,avatar_path,ic_no,phone,allow_whatsapp,address,verified) VALUES (253,'Patrick Lim','Patrick',NULL,'970000253-55-0253','012-6543213',1,'No. 3, Jalan Melaka Maju 2, Melaka',1);
INSERT IGNORE INTO users (id,email,password_hash,primary_role,status,last_used_role,created_at,updated_at) VALUES (254,'.homas.ong254@gmail.com','$2y$10$UxOTjCguXl9fcWWaNvvjtuxZfqHP2vM7Hba4BYob0n455/Hsv1s3y','landlord','active','landlord','2024-08-13 00:00:00','2024-08-13 00:00:00');
INSERT IGNORE INTO landlords (user_id,full_name,preferred_name,avatar_path,ic_no,phone,allow_whatsapp,address,verified) VALUES (254,'Thomas Wong','Thomas',NULL,'980000254-56-0254','013-4197534',1,'No. 4, Jalan Melaka Maju 2, Melaka',1);
INSERT IGNORE INTO users (id,email,password_hash,primary_role,status,last_used_role,created_at,updated_at) VALUES (255,'.usan.ee255@gmail.com','$2y$10$UxOTjCguXl9fcWWaNvvjtuxZfqHP2vM7Hba4BYob0n455/Hsv1s3y','landlord','active','landlord','2024-08-17 00:00:00','2024-08-17 00:00:00');
INSERT IGNORE INTO landlords (user_id,full_name,preferred_name,avatar_path,ic_no,phone,allow_whatsapp,address,verified) VALUES (255,'Susan Lee','Susan',NULL,'990000255-57-0255','014-1851855',1,'No. 5, Jalan Melaka Maju 2, Melaka',0);
INSERT IGNORE INTO users (id,email,password_hash,primary_role,status,last_used_role,created_at,updated_at) VALUES (256,'.elen.g256@gmail.com','$2y$10$UxOTjCguXl9fcWWaNvvjtuxZfqHP2vM7Hba4BYob0n455/Hsv1s3y','landlord','active','landlord','2024-08-21 00:00:00','2024-08-21 00:00:00');
INSERT IGNORE INTO landlords (user_id,full_name,preferred_name,avatar_path,ic_no,phone,allow_whatsapp,address,verified) VALUES (256,'Helen Ng','Helen',NULL,'000000256-58-0256','015-9506176',0,'No. 6, Jalan Melaka Maju 2, Melaka',1);
INSERT IGNORE INTO users (id,email,password_hash,primary_role,status,last_used_role,created_at,updated_at) VALUES (257,'.avi.alrishnan257@gmail.com','$2y$10$UxOTjCguXl9fcWWaNvvjtuxZfqHP2vM7Hba4BYob0n455/Hsv1s3y','landlord','active','landlord','2024-08-25 00:00:00','2024-08-25 00:00:00');
INSERT IGNORE INTO landlords (user_id,full_name,preferred_name,avatar_path,ic_no,phone,allow_whatsapp,address,verified) VALUES (257,'Ravi a/l Krishnan','Ravi',NULL,'010000257-59-0257','016-7160497',1,'No. 7, Jalan Melaka Maju 2, Melaka',1);
INSERT IGNORE INTO users (id,email,password_hash,primary_role,status,last_used_role,created_at,updated_at) VALUES (258,'.iva.alubramaniam258@gmail.com','$2y$10$UxOTjCguXl9fcWWaNvvjtuxZfqHP2vM7Hba4BYob0n455/Hsv1s3y','landlord','active','landlord','2024-08-29 00:00:00','2024-08-29 00:00:00');
INSERT IGNORE INTO landlords (user_id,full_name,preferred_name,avatar_path,ic_no,phone,allow_whatsapp,address,verified) VALUES (258,'Siva a/l Subramaniam','Siva',NULL,'020000258-60-0258','017-4814818',1,'No. 8, Jalan Melaka Maju 2, Melaka',1);
INSERT IGNORE INTO users (id,email,password_hash,primary_role,status,last_used_role,created_at,updated_at) VALUES (259,'.uthu.alaj259@gmail.com','$2y$10$UxOTjCguXl9fcWWaNvvjtuxZfqHP2vM7Hba4BYob0n455/Hsv1s3y','landlord','active','landlord','2024-09-02 00:00:00','2024-09-02 00:00:00');
INSERT IGNORE INTO landlords (user_id,full_name,preferred_name,avatar_path,ic_no,phone,allow_whatsapp,address,verified) VALUES (259,'Muthu a/l Raj','Muthu',NULL,'960000259-61-0259','018-2469139',1,'No. 9, Jalan Melaka Maju 2, Melaka',1);
INSERT IGNORE INTO users (id,email,password_hash,primary_role,status,last_used_role,created_at,updated_at) VALUES (260,'.oslan.bindris260@gmail.com','$2y$10$UxOTjCguXl9fcWWaNvvjtuxZfqHP2vM7Hba4BYob0n455/Hsv1s3y','landlord','active','landlord','2024-09-06 00:00:00','2024-09-06 00:00:00');
INSERT IGNORE INTO landlords (user_id,full_name,preferred_name,avatar_path,ic_no,phone,allow_whatsapp,address,verified) VALUES (260,'Roslan bin Idris','Roslan',NULL,'970000260-62-0260','019-0123460',0,'No. 10, Jalan Melaka Maju 2, Melaka',0);

-- Sem 3 landlords
INSERT IGNORE INTO users (id,email,password_hash,primary_role,status,last_used_role,created_at,updated_at) VALUES (261,'.airul.binsman261@gmail.com','$2y$10$UxOTjCguXl9fcWWaNvvjtuxZfqHP2vM7Hba4BYob0n455/Hsv1s3y','landlord','active','landlord','2025-02-01 00:00:00','2025-02-01 00:00:00');
INSERT IGNORE INTO landlords (user_id,full_name,preferred_name,avatar_path,ic_no,phone,allow_whatsapp,address,verified) VALUES (261,'Hairul bin Osman','Hairul',NULL,'980000261-63-0261','011-7777781',1,'No. 1, Jalan Melaka Maju 3, Melaka',1);
INSERT IGNORE INTO users (id,email,password_hash,primary_role,status,last_used_role,created_at,updated_at) VALUES (262,'.hairul.binhani262@gmail.com','$2y$10$UxOTjCguXl9fcWWaNvvjtuxZfqHP2vM7Hba4BYob0n455/Hsv1s3y','landlord','active','landlord','2025-02-05 00:00:00','2025-02-05 00:00:00');
INSERT IGNORE INTO landlords (user_id,full_name,preferred_name,avatar_path,ic_no,phone,allow_whatsapp,address,verified) VALUES (262,'Khairul bin Ghani','Khairul',NULL,'990000262-64-0262','012-5432102',1,'No. 2, Jalan Melaka Maju 3, Melaka',1);
INSERT IGNORE INTO users (id,email,password_hash,primary_role,status,last_used_role,created_at,updated_at) VALUES (263,'.zman.bintialleh263@gmail.com','$2y$10$UxOTjCguXl9fcWWaNvvjtuxZfqHP2vM7Hba4BYob0n455/Hsv1s3y','landlord','active','landlord','2025-02-09 00:00:00','2025-02-09 00:00:00');
INSERT IGNORE INTO landlords (user_id,full_name,preferred_name,avatar_path,ic_no,phone,allow_whatsapp,address,verified) VALUES (263,'Azman binti Salleh','Azman',NULL,'000000263-65-0263','013-3086423',1,'No. 3, Jalan Melaka Maju 3, Melaka',1);
INSERT IGNORE INTO users (id,email,password_hash,primary_role,status,last_used_role,created_at,updated_at) VALUES (264,'.oraini.bintiusa264@gmail.com','$2y$10$UxOTjCguXl9fcWWaNvvjtuxZfqHP2vM7Hba4BYob0n455/Hsv1s3y','landlord','active','landlord','2025-02-13 00:00:00','2025-02-13 00:00:00');
INSERT IGNORE INTO landlords (user_id,full_name,preferred_name,avatar_path,ic_no,phone,allow_whatsapp,address,verified) VALUES (264,'Noraini binti Musa','Noraini',NULL,'010000264-66-0264','014-0740744',0,'No. 4, Jalan Melaka Maju 3, Melaka',1);
INSERT IGNORE INTO users (id,email,password_hash,primary_role,status,last_used_role,created_at,updated_at) VALUES (265,'.ainab.an265@gmail.com','$2y$10$UxOTjCguXl9fcWWaNvvjtuxZfqHP2vM7Hba4BYob0n455/Hsv1s3y','landlord','active','landlord','2025-02-17 00:00:00','2025-02-17 00:00:00');
INSERT IGNORE INTO landlords (user_id,full_name,preferred_name,avatar_path,ic_no,phone,allow_whatsapp,address,verified) VALUES (265,'Zainab Tan','Zainab',NULL,'020000265-67-0265','015-8395065',1,'No. 5, Jalan Melaka Maju 3, Melaka',0);
INSERT IGNORE INTO users (id,email,password_hash,primary_role,status,last_used_role,created_at,updated_at) VALUES (266,'.almah.im266@gmail.com','$2y$10$UxOTjCguXl9fcWWaNvvjtuxZfqHP2vM7Hba4BYob0n455/Hsv1s3y','landlord','active','landlord','2025-02-21 00:00:00','2025-02-21 00:00:00');
INSERT IGNORE INTO landlords (user_id,full_name,preferred_name,avatar_path,ic_no,phone,allow_whatsapp,address,verified) VALUES (266,'Salmah Lim','Salmah',NULL,'960000266-68-0266','016-6049386',1,'No. 6, Jalan Melaka Maju 3, Melaka',1);
INSERT IGNORE INTO users (id,email,password_hash,primary_role,status,last_used_role,created_at,updated_at) VALUES (267,'.ashid.ong267@gmail.com','$2y$10$UxOTjCguXl9fcWWaNvvjtuxZfqHP2vM7Hba4BYob0n455/Hsv1s3y','landlord','active','landlord','2025-02-25 00:00:00','2025-02-25 00:00:00');
INSERT IGNORE INTO landlords (user_id,full_name,preferred_name,avatar_path,ic_no,phone,allow_whatsapp,address,verified) VALUES (267,'Rashid Wong','Rashid',NULL,'970000267-69-0267','017-3703707',1,'No. 7, Jalan Melaka Maju 3, Melaka',1);
INSERT IGNORE INTO users (id,email,password_hash,primary_role,status,last_used_role,created_at,updated_at) VALUES (268,'.avid.ee268@gmail.com','$2y$10$UxOTjCguXl9fcWWaNvvjtuxZfqHP2vM7Hba4BYob0n455/Hsv1s3y','landlord','active','landlord','2025-03-01 00:00:00','2025-03-01 00:00:00');
INSERT IGNORE INTO landlords (user_id,full_name,preferred_name,avatar_path,ic_no,phone,allow_whatsapp,address,verified) VALUES (268,'David Lee','David',NULL,'980000268-70-0268','018-1358028',0,'No. 8, Jalan Melaka Maju 3, Melaka',1);
INSERT IGNORE INTO users (id,email,password_hash,primary_role,status,last_used_role,created_at,updated_at) VALUES (269,'.teven.g269@gmail.com','$2y$10$UxOTjCguXl9fcWWaNvvjtuxZfqHP2vM7Hba4BYob0n455/Hsv1s3y','landlord','active','landlord','2025-03-05 00:00:00','2025-03-05 00:00:00');
INSERT IGNORE INTO landlords (user_id,full_name,preferred_name,avatar_path,ic_no,phone,allow_whatsapp,address,verified) VALUES (269,'Steven Ng','Steven',NULL,'990000269-71-0269','019-9012349',1,'No. 9, Jalan Melaka Maju 3, Melaka',1);
INSERT IGNORE INTO users (id,email,password_hash,primary_role,status,last_used_role,created_at,updated_at) VALUES (270,'.evin.alrishnan270@gmail.com','$2y$10$UxOTjCguXl9fcWWaNvvjtuxZfqHP2vM7Hba4BYob0n455/Hsv1s3y','landlord','active','landlord','2025-03-09 00:00:00','2025-03-09 00:00:00');
INSERT IGNORE INTO landlords (user_id,full_name,preferred_name,avatar_path,ic_no,phone,allow_whatsapp,address,verified) VALUES (270,'Kevin a/l Krishnan','Kevin',NULL,'000000270-72-0270','011-6666670',1,'No. 10, Jalan Melaka Maju 3, Melaka',0);

-- ============================================================
-- PROPERTIES (IDs 34–138)
-- ============================================================

-- Sem 1 properties
INSERT IGNORE INTO properties (id,landlord_id,title,property_type,address,city,postcode,state,latitude,longitude,maps_url,monthly_rent,deposit,description,facilities,furnishing,status,assigned_agent_id,agent_assigned_at,agent_status,viewing_mode,agent_verified_at,agent_verified_by,created_at,updated_at) VALUES (34,236,'UTeM Area Whole_unit #34','whole_unit','No. 35, Lorong Tasik 1, Ayer Keroh, Melaka','Ayer Keroh','75450','Melaka','2.2650000','102.2800000','https://maps.google.com/?q=2.2650000,102.2800000',1200.00,2400.00,'Spacious whole unit suitable for group of students. Near supermarket and food court.','WiFi,Air Conditioning,Washing Machine,Refrigerator,Kitchen,Parking','partial','rented',34,'2024-01-20 00:00:00','accepted','agent_led','2024-01-23 00:00:00',34,'2024-01-20 00:00:00','2024-01-20 00:00:00');
INSERT IGNORE INTO property_images (id,property_id,image_path,is_primary,uploaded_at) VALUES (1000,34,'uploads/properties/img1.jpg',1,'2024-01-20 00:00:00');
INSERT IGNORE INTO property_images (id,property_id,image_path,is_primary,uploaded_at) VALUES (1001,34,'uploads/properties/img2.jpg',0,'2024-01-20 00:00:00');
INSERT IGNORE INTO property_documents (id,property_id,document_type,file_path,original_name,file_size,mime_type,uploaded_by,uploaded_at,notes) VALUES (1000,34,'ownership_proof','uploads/docs/34/ownership.pdf','ownership_proof.pdf',204800,'application/pdf',236,'2024-01-20 00:00:00',NULL);
INSERT IGNORE INTO property_agent_assignments (id,property_id,agent_id,round_number,assigned_at,responded_at,outcome) VALUES (1,34,34,1,'2024-01-20 00:00:00','2024-01-20 04:00:00','accepted');
INSERT IGNORE INTO properties (id,landlord_id,title,property_type,address,city,postcode,state,latitude,longitude,maps_url,monthly_rent,deposit,description,facilities,furnishing,status,assigned_agent_id,agent_assigned_at,agent_status,viewing_mode,agent_verified_at,agent_verified_by,created_at,updated_at) VALUES (35,237,'UTeM Area Whole_unit #35','whole_unit','No. 36, Persiaran Scientex, Durian Tunggal, Melaka','Durian Tunggal','76100','Melaka','2.5010000','102.1990000','https://maps.google.com/?q=2.5010000,102.1990000',1000.00,2000.00,'Single room with air conditioning and WiFi. Shared kitchen and bathroom.','WiFi,Air Conditioning,Wardrobe,Study Table,Kitchen','full','rented',35,'2024-01-22 00:00:00','accepted','either','2024-01-25 00:00:00',35,'2024-01-22 00:00:00','2024-01-22 00:00:00');
INSERT IGNORE INTO property_images (id,property_id,image_path,is_primary,uploaded_at) VALUES (1002,35,'uploads/properties/img1.jpg',1,'2024-01-22 00:00:00');
INSERT IGNORE INTO property_images (id,property_id,image_path,is_primary,uploaded_at) VALUES (1003,35,'uploads/properties/img2.jpg',0,'2024-01-22 00:00:00');
INSERT IGNORE INTO property_documents (id,property_id,document_type,file_path,original_name,file_size,mime_type,uploaded_by,uploaded_at,notes) VALUES (1001,35,'ownership_proof','uploads/docs/35/ownership.pdf','ownership_proof.pdf',204800,'application/pdf',237,'2024-01-22 00:00:00',NULL);
INSERT IGNORE INTO property_agent_assignments (id,property_id,agent_id,round_number,assigned_at,responded_at,outcome) VALUES (2,35,35,1,'2024-01-22 00:00:00','2024-01-22 04:00:00','accepted');
INSERT IGNORE INTO properties (id,landlord_id,title,property_type,address,city,postcode,state,latitude,longitude,maps_url,monthly_rent,deposit,description,facilities,furnishing,status,assigned_agent_id,agent_assigned_at,agent_status,viewing_mode,agent_verified_at,agent_verified_by,created_at,updated_at) VALUES (36,238,'UTeM Area Whole_unit #36','whole_unit','No. 37, Jalan Durian Tunggal, Durian Tunggal, Melaka','Durian Tunggal','76100','Melaka','2.4937000','102.2048000','https://maps.google.com/?q=2.4937000,102.2048000',1100.00,2200.00,'Master bedroom with private bathroom in a shared house.','WiFi,Air Conditioning,Wardrobe,Study Table,Washing Machine,Parking','none','rented',15,'2024-01-24 00:00:00','accepted','landlord_led','2024-01-27 00:00:00',15,'2024-01-24 00:00:00','2024-01-24 00:00:00');
INSERT IGNORE INTO property_images (id,property_id,image_path,is_primary,uploaded_at) VALUES (1004,36,'uploads/properties/img1.jpg',1,'2024-01-24 00:00:00');
INSERT IGNORE INTO property_images (id,property_id,image_path,is_primary,uploaded_at) VALUES (1005,36,'uploads/properties/img2.jpg',0,'2024-01-24 00:00:00');
INSERT IGNORE INTO property_documents (id,property_id,document_type,file_path,original_name,file_size,mime_type,uploaded_by,uploaded_at,notes) VALUES (1002,36,'ownership_proof','uploads/docs/36/ownership.pdf','ownership_proof.pdf',204800,'application/pdf',238,'2024-01-24 00:00:00',NULL);
INSERT IGNORE INTO property_agent_assignments (id,property_id,agent_id,round_number,assigned_at,responded_at,outcome) VALUES (3,36,15,1,'2024-01-24 00:00:00','2024-01-24 04:00:00','accepted');
INSERT IGNORE INTO properties (id,landlord_id,title,property_type,address,city,postcode,state,latitude,longitude,maps_url,monthly_rent,deposit,description,facilities,furnishing,status,assigned_agent_id,agent_assigned_at,agent_status,viewing_mode,agent_verified_at,agent_verified_by,created_at,updated_at) VALUES (37,239,'UTeM Area Studio #37','studio','No. 38, Jalan Tasik Utama, Ayer Keroh, Melaka','Ayer Keroh','75450','Melaka','2.2721000','102.2854000','https://maps.google.com/?q=2.2721000,102.2854000',800.00,1600.00,'Studio apartment with city view. Fully furnished and ready to move in.','WiFi,Air Conditioning,Swimming Pool,Gym,Parking,Security','partial','rented',16,'2024-01-26 00:00:00','accepted','agent_led','2024-01-29 00:00:00',16,'2024-01-26 00:00:00','2024-01-26 00:00:00');
INSERT IGNORE INTO property_images (id,property_id,image_path,is_primary,uploaded_at) VALUES (1006,37,'uploads/properties/img1.jpg',1,'2024-01-26 00:00:00');
INSERT IGNORE INTO property_images (id,property_id,image_path,is_primary,uploaded_at) VALUES (1007,37,'uploads/properties/img2.jpg',0,'2024-01-26 00:00:00');
INSERT IGNORE INTO property_documents (id,property_id,document_type,file_path,original_name,file_size,mime_type,uploaded_by,uploaded_at,notes) VALUES (1003,37,'ownership_proof','uploads/docs/37/ownership.pdf','ownership_proof.pdf',204800,'application/pdf',239,'2024-01-26 00:00:00',NULL);
INSERT IGNORE INTO property_agent_assignments (id,property_id,agent_id,round_number,assigned_at,responded_at,outcome) VALUES (4,37,16,1,'2024-01-26 00:00:00','2024-01-26 04:00:00','accepted');
INSERT IGNORE INTO properties (id,landlord_id,title,property_type,address,city,postcode,state,latitude,longitude,maps_url,monthly_rent,deposit,description,facilities,furnishing,status,assigned_agent_id,agent_assigned_at,agent_status,viewing_mode,agent_verified_at,agent_verified_by,created_at,updated_at) VALUES (38,240,'UTeM Area Studio #38','studio','No. 39, Lorong Tasik 1, Ayer Keroh, Melaka','Ayer Keroh','75450','Melaka','2.2650000','102.2800000','https://maps.google.com/?q=2.2650000,102.2800000',700.00,1400.00,'Double-storey house unit for rent. 3 rooms available for students.','WiFi,Fan,Washing Machine,Kitchen,Parking','full','rented',34,'2024-01-28 00:00:00','accepted','either','2024-01-31 00:00:00',34,'2024-01-28 00:00:00','2024-01-28 00:00:00');
INSERT IGNORE INTO property_images (id,property_id,image_path,is_primary,uploaded_at) VALUES (1008,38,'uploads/properties/img1.jpg',1,'2024-01-28 00:00:00');
INSERT IGNORE INTO property_images (id,property_id,image_path,is_primary,uploaded_at) VALUES (1009,38,'uploads/properties/img2.jpg',0,'2024-01-28 00:00:00');
INSERT IGNORE INTO property_documents (id,property_id,document_type,file_path,original_name,file_size,mime_type,uploaded_by,uploaded_at,notes) VALUES (1004,38,'ownership_proof','uploads/docs/38/ownership.pdf','ownership_proof.pdf',204800,'application/pdf',240,'2024-01-28 00:00:00',NULL);
INSERT IGNORE INTO property_agent_assignments (id,property_id,agent_id,round_number,assigned_at,responded_at,outcome) VALUES (5,38,34,1,'2024-01-28 00:00:00','2024-01-28 04:00:00','accepted');
INSERT IGNORE INTO properties (id,landlord_id,title,property_type,address,city,postcode,state,latitude,longitude,maps_url,monthly_rent,deposit,description,facilities,furnishing,status,assigned_agent_id,agent_assigned_at,agent_status,viewing_mode,agent_verified_at,agent_verified_by,created_at,updated_at) VALUES (39,241,'UTeM Area Studio #39','studio','No. 40, Persiaran Scientex, Durian Tunggal, Melaka','Durian Tunggal','76100','Melaka','2.5010000','102.1990000','https://maps.google.com/?q=2.5010000,102.1990000',780.00,1560.00,'Cozy room near UTeM main gate. 5 minutes by bus to faculty.','WiFi,Air Conditioning,Water Heater,Wardrobe,Study Table,Kitchen,Parking,Security','none','rented',35,'2024-01-30 00:00:00','accepted','landlord_led','2024-02-02 00:00:00',35,'2024-01-30 00:00:00','2024-01-30 00:00:00');
INSERT IGNORE INTO property_images (id,property_id,image_path,is_primary,uploaded_at) VALUES (1010,39,'uploads/properties/img1.jpg',1,'2024-01-30 00:00:00');
INSERT IGNORE INTO property_images (id,property_id,image_path,is_primary,uploaded_at) VALUES (1011,39,'uploads/properties/img2.jpg',0,'2024-01-30 00:00:00');
INSERT IGNORE INTO property_documents (id,property_id,document_type,file_path,original_name,file_size,mime_type,uploaded_by,uploaded_at,notes) VALUES (1005,39,'ownership_proof','uploads/docs/39/ownership.pdf','ownership_proof.pdf',204800,'application/pdf',241,'2024-01-30 00:00:00',NULL);
INSERT IGNORE INTO property_agent_assignments (id,property_id,agent_id,round_number,assigned_at,responded_at,outcome) VALUES (6,39,35,1,'2024-01-30 00:00:00','2024-01-30 04:00:00','accepted');
INSERT IGNORE INTO properties (id,landlord_id,title,property_type,address,city,postcode,state,latitude,longitude,maps_url,monthly_rent,deposit,description,facilities,furnishing,status,assigned_agent_id,agent_assigned_at,agent_status,viewing_mode,agent_verified_at,agent_verified_by,created_at,updated_at) VALUES (40,238,'UTeM Area Room #40','room','No. 41, Jalan Durian Tunggal, Durian Tunggal, Melaka','Durian Tunggal','76100','Melaka','2.4937000','102.2048000','https://maps.google.com/?q=2.4937000,102.2048000',285.00,570.00,'Comfortable room with attached bathroom, suitable for UTeM students. Close to campus bus stop.','WiFi,Air Conditioning,Washing Machine,Kitchen','partial','rented',15,'2024-02-01 00:00:00','accepted','landlord_led','2024-02-04 00:00:00',15,'2024-02-01 00:00:00','2024-02-01 00:00:00');
INSERT IGNORE INTO property_images (id,property_id,image_path,is_primary,uploaded_at) VALUES (1012,40,'uploads/properties/img1.jpg',1,'2024-02-01 00:00:00');
INSERT IGNORE INTO property_images (id,property_id,image_path,is_primary,uploaded_at) VALUES (1013,40,'uploads/properties/img2.jpg',0,'2024-02-01 00:00:00');
INSERT IGNORE INTO property_documents (id,property_id,document_type,file_path,original_name,file_size,mime_type,uploaded_by,uploaded_at,notes) VALUES (1006,40,'ownership_proof','uploads/docs/40/ownership.pdf','ownership_proof.pdf',204800,'application/pdf',238,'2024-02-01 00:00:00',NULL);
INSERT IGNORE INTO property_agent_assignments (id,property_id,agent_id,round_number,assigned_at,responded_at,outcome) VALUES (7,40,15,1,'2024-02-01 00:00:00','2024-02-01 04:00:00','accepted');
INSERT IGNORE INTO properties (id,landlord_id,title,property_type,address,city,postcode,state,latitude,longitude,maps_url,monthly_rent,deposit,description,facilities,furnishing,status,assigned_agent_id,agent_assigned_at,agent_status,viewing_mode,agent_verified_at,agent_verified_by,created_at,updated_at) VALUES (41,238,'UTeM Area Room #41','room','No. 42, Jalan Tasik Utama, Ayer Keroh, Melaka','Ayer Keroh','75450','Melaka','2.2721000','102.2854000','https://maps.google.com/?q=2.2721000,102.2854000',295.00,590.00,'Fully furnished studio unit with modern amenities. Quiet neighbourhood.','WiFi,Air Conditioning,Water Heater,Kitchen,Parking','full','rented',16,'2024-02-03 00:00:00','accepted','either','2024-02-06 00:00:00',16,'2024-02-03 00:00:00','2024-02-03 00:00:00');
INSERT IGNORE INTO property_images (id,property_id,image_path,is_primary,uploaded_at) VALUES (1014,41,'uploads/properties/img1.jpg',1,'2024-02-03 00:00:00');
INSERT IGNORE INTO property_images (id,property_id,image_path,is_primary,uploaded_at) VALUES (1015,41,'uploads/properties/img2.jpg',0,'2024-02-03 00:00:00');
INSERT IGNORE INTO property_documents (id,property_id,document_type,file_path,original_name,file_size,mime_type,uploaded_by,uploaded_at,notes) VALUES (1007,41,'ownership_proof','uploads/docs/41/ownership.pdf','ownership_proof.pdf',204800,'application/pdf',238,'2024-02-03 00:00:00',NULL);
INSERT IGNORE INTO property_agent_assignments (id,property_id,agent_id,round_number,assigned_at,responded_at,outcome) VALUES (8,41,16,1,'2024-02-03 00:00:00','2024-02-03 04:00:00','accepted');
INSERT IGNORE INTO properties (id,landlord_id,title,property_type,address,city,postcode,state,latitude,longitude,maps_url,monthly_rent,deposit,description,facilities,furnishing,status,assigned_agent_id,agent_assigned_at,agent_status,viewing_mode,agent_verified_at,agent_verified_by,created_at,updated_at) VALUES (42,238,'UTeM Area Room #42','room','No. 43, Lorong Tasik 1, Ayer Keroh, Melaka','Ayer Keroh','75450','Melaka','2.2650000','102.2800000','https://maps.google.com/?q=2.2650000,102.2800000',305.00,610.00,'Spacious whole unit suitable for group of students. Near supermarket and food court.','WiFi,Air Conditioning,Washing Machine,Refrigerator,Kitchen,Parking','none','available',34,'2024-02-05 00:00:00','accepted','landlord_led','2024-02-08 00:00:00',34,'2024-02-05 00:00:00','2024-02-05 00:00:00');
INSERT IGNORE INTO property_images (id,property_id,image_path,is_primary,uploaded_at) VALUES (1016,42,'uploads/properties/img1.jpg',1,'2024-02-05 00:00:00');
INSERT IGNORE INTO property_images (id,property_id,image_path,is_primary,uploaded_at) VALUES (1017,42,'uploads/properties/img2.jpg',0,'2024-02-05 00:00:00');
INSERT IGNORE INTO property_documents (id,property_id,document_type,file_path,original_name,file_size,mime_type,uploaded_by,uploaded_at,notes) VALUES (1008,42,'ownership_proof','uploads/docs/42/ownership.pdf','ownership_proof.pdf',204800,'application/pdf',238,'2024-02-05 00:00:00',NULL);
INSERT IGNORE INTO property_agent_assignments (id,property_id,agent_id,round_number,assigned_at,responded_at,outcome) VALUES (9,42,34,1,'2024-02-05 00:00:00','2024-02-05 04:00:00','accepted');
INSERT IGNORE INTO properties (id,landlord_id,title,property_type,address,city,postcode,state,latitude,longitude,maps_url,monthly_rent,deposit,description,facilities,furnishing,status,assigned_agent_id,agent_assigned_at,agent_status,viewing_mode,agent_verified_at,agent_verified_by,created_at,updated_at) VALUES (43,245,'UTeM Area Room #43','room','No. 44, Persiaran Scientex, Durian Tunggal, Melaka','Durian Tunggal','76100','Melaka','2.5010000','102.1990000','https://maps.google.com/?q=2.5010000,102.1990000',315.00,630.00,'Single room with air conditioning and WiFi. Shared kitchen and bathroom.','WiFi,Air Conditioning,Wardrobe,Study Table,Kitchen','partial','rented',35,'2024-02-07 00:00:00','accepted','agent_led','2024-02-10 00:00:00',35,'2024-02-07 00:00:00','2024-02-07 00:00:00');
INSERT IGNORE INTO property_images (id,property_id,image_path,is_primary,uploaded_at) VALUES (1018,43,'uploads/properties/img1.jpg',1,'2024-02-07 00:00:00');
INSERT IGNORE INTO property_images (id,property_id,image_path,is_primary,uploaded_at) VALUES (1019,43,'uploads/properties/img2.jpg',0,'2024-02-07 00:00:00');
INSERT IGNORE INTO property_documents (id,property_id,document_type,file_path,original_name,file_size,mime_type,uploaded_by,uploaded_at,notes) VALUES (1009,43,'ownership_proof','uploads/docs/43/ownership.pdf','ownership_proof.pdf',204800,'application/pdf',245,'2024-02-07 00:00:00',NULL);
INSERT IGNORE INTO property_agent_assignments (id,property_id,agent_id,round_number,assigned_at,responded_at,outcome) VALUES (10,43,35,1,'2024-02-07 00:00:00','2024-02-07 04:00:00','accepted');
INSERT IGNORE INTO properties (id,landlord_id,title,property_type,address,city,postcode,state,latitude,longitude,maps_url,monthly_rent,deposit,description,facilities,furnishing,status,assigned_agent_id,agent_assigned_at,agent_status,viewing_mode,agent_verified_at,agent_verified_by,created_at,updated_at) VALUES (44,246,'UTeM Area Room #44','room','No. 45, Jalan Durian Tunggal, Durian Tunggal, Melaka','Durian Tunggal','76100','Melaka','2.4937000','102.2048000','https://maps.google.com/?q=2.4937000,102.2048000',280.00,560.00,'Master bedroom with private bathroom in a shared house.','WiFi,Air Conditioning,Wardrobe,Study Table,Washing Machine,Parking','full','rented',15,'2024-02-09 00:00:00','accepted','landlord_led','2024-02-12 00:00:00',15,'2024-02-09 00:00:00','2024-02-09 00:00:00');
INSERT IGNORE INTO property_images (id,property_id,image_path,is_primary,uploaded_at) VALUES (1020,44,'uploads/properties/img1.jpg',1,'2024-02-09 00:00:00');
INSERT IGNORE INTO property_images (id,property_id,image_path,is_primary,uploaded_at) VALUES (1021,44,'uploads/properties/img2.jpg',0,'2024-02-09 00:00:00');
INSERT IGNORE INTO property_documents (id,property_id,document_type,file_path,original_name,file_size,mime_type,uploaded_by,uploaded_at,notes) VALUES (1010,44,'ownership_proof','uploads/docs/44/ownership.pdf','ownership_proof.pdf',204800,'application/pdf',246,'2024-02-09 00:00:00',NULL);
INSERT IGNORE INTO property_agent_assignments (id,property_id,agent_id,round_number,assigned_at,responded_at,outcome) VALUES (11,44,15,1,'2024-02-09 00:00:00','2024-02-09 04:00:00','accepted');
INSERT IGNORE INTO properties (id,landlord_id,title,property_type,address,city,postcode,state,latitude,longitude,maps_url,monthly_rent,deposit,description,facilities,furnishing,status,assigned_agent_id,agent_assigned_at,agent_status,viewing_mode,agent_verified_at,agent_verified_by,created_at,updated_at) VALUES (45,247,'UTeM Area Room #45','room','No. 46, Jalan Tasik Utama, Ayer Keroh, Melaka','Ayer Keroh','75450','Melaka','2.2721000','102.2854000','https://maps.google.com/?q=2.2721000,102.2854000',280.00,560.00,'Studio apartment with city view. Fully furnished and ready to move in.','WiFi,Air Conditioning,Swimming Pool,Gym,Parking,Security','none','rejected',NULL,NULL,NULL,'landlord_led',NULL,NULL,'2024-02-11 00:00:00','2024-02-11 00:00:00');
INSERT IGNORE INTO property_images (id,property_id,image_path,is_primary,uploaded_at) VALUES (1022,45,'uploads/properties/img1.jpg',1,'2024-02-11 00:00:00');
INSERT IGNORE INTO property_images (id,property_id,image_path,is_primary,uploaded_at) VALUES (1023,45,'uploads/properties/img2.jpg',0,'2024-02-11 00:00:00');
INSERT IGNORE INTO property_documents (id,property_id,document_type,file_path,original_name,file_size,mime_type,uploaded_by,uploaded_at,notes) VALUES (1011,45,'ownership_proof','uploads/docs/45/ownership.pdf','ownership_proof.pdf',204800,'application/pdf',247,'2024-02-11 00:00:00',NULL);
INSERT IGNORE INTO properties (id,landlord_id,title,property_type,address,city,postcode,state,latitude,longitude,maps_url,monthly_rent,deposit,description,facilities,furnishing,status,assigned_agent_id,agent_assigned_at,agent_status,viewing_mode,agent_verified_at,agent_verified_by,created_at,updated_at) VALUES (46,248,'UTeM Area Room #46','room','No. 47, Lorong Tasik 1, Ayer Keroh, Melaka','Ayer Keroh','75450','Melaka','2.2650000','102.2800000','https://maps.google.com/?q=2.2650000,102.2800000',290.00,580.00,'Double-storey house unit for rent. 3 rooms available for students.','WiFi,Fan,Washing Machine,Kitchen,Parking','partial','rented',34,'2024-02-13 00:00:00','accepted','agent_led','2024-02-16 00:00:00',34,'2024-02-13 00:00:00','2024-02-13 00:00:00');
INSERT IGNORE INTO property_images (id,property_id,image_path,is_primary,uploaded_at) VALUES (1024,46,'uploads/properties/img1.jpg',1,'2024-02-13 00:00:00');
INSERT IGNORE INTO property_images (id,property_id,image_path,is_primary,uploaded_at) VALUES (1025,46,'uploads/properties/img2.jpg',0,'2024-02-13 00:00:00');
INSERT IGNORE INTO property_documents (id,property_id,document_type,file_path,original_name,file_size,mime_type,uploaded_by,uploaded_at,notes) VALUES (1012,46,'ownership_proof','uploads/docs/46/ownership.pdf','ownership_proof.pdf',204800,'application/pdf',248,'2024-02-13 00:00:00',NULL);
INSERT IGNORE INTO property_agent_assignments (id,property_id,agent_id,round_number,assigned_at,responded_at,outcome) VALUES (12,46,34,1,'2024-02-13 00:00:00','2024-02-13 04:00:00','accepted');
INSERT IGNORE INTO properties (id,landlord_id,title,property_type,address,city,postcode,state,latitude,longitude,maps_url,monthly_rent,deposit,description,facilities,furnishing,status,assigned_agent_id,agent_assigned_at,agent_status,viewing_mode,agent_verified_at,agent_verified_by,created_at,updated_at) VALUES (47,249,'UTeM Area Room #47','room','No. 48, Persiaran Scientex, Durian Tunggal, Melaka','Durian Tunggal','76100','Melaka','2.5010000','102.1990000','https://maps.google.com/?q=2.5010000,102.1990000',300.00,600.00,'Cozy room near UTeM main gate. 5 minutes by bus to faculty.','WiFi,Air Conditioning,Water Heater,Wardrobe,Study Table,Kitchen,Parking,Security','full','rented',35,'2024-02-15 00:00:00','accepted','either','2024-02-18 00:00:00',35,'2024-02-15 00:00:00','2024-02-15 00:00:00');
INSERT IGNORE INTO property_images (id,property_id,image_path,is_primary,uploaded_at) VALUES (1026,47,'uploads/properties/img1.jpg',1,'2024-02-15 00:00:00');
INSERT IGNORE INTO property_images (id,property_id,image_path,is_primary,uploaded_at) VALUES (1027,47,'uploads/properties/img2.jpg',0,'2024-02-15 00:00:00');
INSERT IGNORE INTO property_documents (id,property_id,document_type,file_path,original_name,file_size,mime_type,uploaded_by,uploaded_at,notes) VALUES (1013,47,'ownership_proof','uploads/docs/47/ownership.pdf','ownership_proof.pdf',204800,'application/pdf',249,'2024-02-15 00:00:00',NULL);
INSERT IGNORE INTO property_agent_assignments (id,property_id,agent_id,round_number,assigned_at,responded_at,outcome) VALUES (13,47,35,1,'2024-02-15 00:00:00','2024-02-15 04:00:00','accepted');
INSERT IGNORE INTO properties (id,landlord_id,title,property_type,address,city,postcode,state,latitude,longitude,maps_url,monthly_rent,deposit,description,facilities,furnishing,status,assigned_agent_id,agent_assigned_at,agent_status,viewing_mode,agent_verified_at,agent_verified_by,created_at,updated_at) VALUES (48,250,'UTeM Area Room #48','room','No. 49, Jalan Durian Tunggal, Durian Tunggal, Melaka','Durian Tunggal','76100','Melaka','2.4937000','102.2048000','https://maps.google.com/?q=2.4937000,102.2048000',310.00,620.00,'Comfortable room with attached bathroom, suitable for UTeM students. Close to campus bus stop.','WiFi,Air Conditioning,Washing Machine,Kitchen','none','available',15,'2024-02-17 00:00:00','accepted','landlord_led','2024-02-20 00:00:00',15,'2024-02-17 00:00:00','2024-02-17 00:00:00');
INSERT IGNORE INTO property_images (id,property_id,image_path,is_primary,uploaded_at) VALUES (1028,48,'uploads/properties/img1.jpg',1,'2024-02-17 00:00:00');
INSERT IGNORE INTO property_images (id,property_id,image_path,is_primary,uploaded_at) VALUES (1029,48,'uploads/properties/img2.jpg',0,'2024-02-17 00:00:00');
INSERT IGNORE INTO property_documents (id,property_id,document_type,file_path,original_name,file_size,mime_type,uploaded_by,uploaded_at,notes) VALUES (1014,48,'ownership_proof','uploads/docs/48/ownership.pdf','ownership_proof.pdf',204800,'application/pdf',250,'2024-02-17 00:00:00',NULL);
INSERT IGNORE INTO property_agent_assignments (id,property_id,agent_id,round_number,assigned_at,responded_at,outcome) VALUES (14,48,15,1,'2024-02-17 00:00:00','2024-02-17 04:00:00','accepted');
INSERT IGNORE INTO properties (id,landlord_id,title,property_type,address,city,postcode,state,latitude,longitude,maps_url,monthly_rent,deposit,description,facilities,furnishing,status,assigned_agent_id,agent_assigned_at,agent_status,viewing_mode,agent_verified_at,agent_verified_by,created_at,updated_at) VALUES (49,236,'UTeM Area Room #49','room','No. 50, Jalan Tasik Utama, Ayer Keroh, Melaka','Ayer Keroh','75450','Melaka','2.2721000','102.2854000','https://maps.google.com/?q=2.2721000,102.2854000',320.00,640.00,'Fully furnished studio unit with modern amenities. Quiet neighbourhood.','WiFi,Air Conditioning,Water Heater,Kitchen,Parking','partial','rented',16,'2024-02-19 00:00:00','accepted','agent_led','2024-02-22 00:00:00',16,'2024-02-19 00:00:00','2024-02-19 00:00:00');
INSERT IGNORE INTO property_images (id,property_id,image_path,is_primary,uploaded_at) VALUES (1030,49,'uploads/properties/img1.jpg',1,'2024-02-19 00:00:00');
INSERT IGNORE INTO property_images (id,property_id,image_path,is_primary,uploaded_at) VALUES (1031,49,'uploads/properties/img2.jpg',0,'2024-02-19 00:00:00');
INSERT IGNORE INTO property_documents (id,property_id,document_type,file_path,original_name,file_size,mime_type,uploaded_by,uploaded_at,notes) VALUES (1015,49,'ownership_proof','uploads/docs/49/ownership.pdf','ownership_proof.pdf',204800,'application/pdf',236,'2024-02-19 00:00:00',NULL);
INSERT IGNORE INTO property_agent_assignments (id,property_id,agent_id,round_number,assigned_at,responded_at,outcome) VALUES (15,49,16,1,'2024-02-19 00:00:00','2024-02-19 04:00:00','accepted');
INSERT IGNORE INTO properties (id,landlord_id,title,property_type,address,city,postcode,state,latitude,longitude,maps_url,monthly_rent,deposit,description,facilities,furnishing,status,assigned_agent_id,agent_assigned_at,agent_status,viewing_mode,agent_verified_at,agent_verified_by,created_at,updated_at) VALUES (50,237,'UTeM Area Room #50','room','No. 1, Lorong Tasik 1, Ayer Keroh, Melaka','Ayer Keroh','75450','Melaka','2.2650000','102.2800000','https://maps.google.com/?q=2.2650000,102.2800000',280.00,560.00,'Spacious whole unit suitable for group of students. Near supermarket and food court.','WiFi,Air Conditioning,Washing Machine,Refrigerator,Kitchen,Parking','full','rented',34,'2024-02-21 00:00:00','accepted','either','2024-02-24 00:00:00',34,'2024-02-21 00:00:00','2024-02-21 00:00:00');
INSERT IGNORE INTO property_images (id,property_id,image_path,is_primary,uploaded_at) VALUES (1032,50,'uploads/properties/img1.jpg',1,'2024-02-21 00:00:00');
INSERT IGNORE INTO property_images (id,property_id,image_path,is_primary,uploaded_at) VALUES (1033,50,'uploads/properties/img2.jpg',0,'2024-02-21 00:00:00');
INSERT IGNORE INTO property_documents (id,property_id,document_type,file_path,original_name,file_size,mime_type,uploaded_by,uploaded_at,notes) VALUES (1016,50,'ownership_proof','uploads/docs/50/ownership.pdf','ownership_proof.pdf',204800,'application/pdf',237,'2024-02-21 00:00:00',NULL);
INSERT IGNORE INTO property_agent_assignments (id,property_id,agent_id,round_number,assigned_at,responded_at,outcome) VALUES (16,50,34,1,'2024-02-21 00:00:00','2024-02-21 04:00:00','accepted');
INSERT IGNORE INTO properties (id,landlord_id,title,property_type,address,city,postcode,state,latitude,longitude,maps_url,monthly_rent,deposit,description,facilities,furnishing,status,assigned_agent_id,agent_assigned_at,agent_status,viewing_mode,agent_verified_at,agent_verified_by,created_at,updated_at) VALUES (51,238,'UTeM Area Room #51','room','No. 2, Persiaran Scientex, Durian Tunggal, Melaka','Durian Tunggal','76100','Melaka','2.5010000','102.1990000','https://maps.google.com/?q=2.5010000,102.1990000',290.00,580.00,'Single room with air conditioning and WiFi. Shared kitchen and bathroom.','WiFi,Air Conditioning,Wardrobe,Study Table,Kitchen','none','rented',35,'2024-02-23 00:00:00','accepted','landlord_led','2024-02-26 00:00:00',35,'2024-02-23 00:00:00','2024-02-23 00:00:00');
INSERT IGNORE INTO property_images (id,property_id,image_path,is_primary,uploaded_at) VALUES (1034,51,'uploads/properties/img1.jpg',1,'2024-02-23 00:00:00');
INSERT IGNORE INTO property_images (id,property_id,image_path,is_primary,uploaded_at) VALUES (1035,51,'uploads/properties/img2.jpg',0,'2024-02-23 00:00:00');
INSERT IGNORE INTO property_documents (id,property_id,document_type,file_path,original_name,file_size,mime_type,uploaded_by,uploaded_at,notes) VALUES (1017,51,'ownership_proof','uploads/docs/51/ownership.pdf','ownership_proof.pdf',204800,'application/pdf',238,'2024-02-23 00:00:00',NULL);
INSERT IGNORE INTO property_agent_assignments (id,property_id,agent_id,round_number,assigned_at,responded_at,outcome) VALUES (17,51,35,1,'2024-02-23 00:00:00','2024-02-23 04:00:00','accepted');
INSERT IGNORE INTO properties (id,landlord_id,title,property_type,address,city,postcode,state,latitude,longitude,maps_url,monthly_rent,deposit,description,facilities,furnishing,status,assigned_agent_id,agent_assigned_at,agent_status,viewing_mode,agent_verified_at,agent_verified_by,created_at,updated_at) VALUES (52,239,'UTeM Area Whole_unit #52','whole_unit','No. 3, Jalan Durian Tunggal, Durian Tunggal, Melaka','Durian Tunggal','76100','Melaka','2.4937000','102.2048000','https://maps.google.com/?q=2.4937000,102.2048000',1050.00,2100.00,'Master bedroom with private bathroom in a shared house.','WiFi,Air Conditioning,Wardrobe,Study Table,Washing Machine,Parking','partial','rented',15,'2024-02-25 00:00:00','accepted','landlord_led','2024-02-28 00:00:00',15,'2024-02-25 00:00:00','2024-02-25 00:00:00');
INSERT IGNORE INTO property_images (id,property_id,image_path,is_primary,uploaded_at) VALUES (1036,52,'uploads/properties/img1.jpg',1,'2024-02-25 00:00:00');
INSERT IGNORE INTO property_images (id,property_id,image_path,is_primary,uploaded_at) VALUES (1037,52,'uploads/properties/img2.jpg',0,'2024-02-25 00:00:00');
INSERT IGNORE INTO property_documents (id,property_id,document_type,file_path,original_name,file_size,mime_type,uploaded_by,uploaded_at,notes) VALUES (1018,52,'ownership_proof','uploads/docs/52/ownership.pdf','ownership_proof.pdf',204800,'application/pdf',239,'2024-02-25 00:00:00',NULL);
INSERT IGNORE INTO property_agent_assignments (id,property_id,agent_id,round_number,assigned_at,responded_at,outcome) VALUES (18,52,15,1,'2024-02-25 00:00:00','2024-02-25 04:00:00','accepted');
INSERT IGNORE INTO properties (id,landlord_id,title,property_type,address,city,postcode,state,latitude,longitude,maps_url,monthly_rent,deposit,description,facilities,furnishing,status,assigned_agent_id,agent_assigned_at,agent_status,viewing_mode,agent_verified_at,agent_verified_by,created_at,updated_at) VALUES (53,240,'UTeM Area Whole_unit #53','whole_unit','No. 4, Jalan Tasik Utama, Ayer Keroh, Melaka','Ayer Keroh','75450','Melaka','2.2721000','102.2854000','https://maps.google.com/?q=2.2721000,102.2854000',1200.00,2400.00,'Studio apartment with city view. Fully furnished and ready to move in.','WiFi,Air Conditioning,Swimming Pool,Gym,Parking,Security','full','rented',16,'2024-02-27 00:00:00','accepted','either','2024-03-01 00:00:00',16,'2024-02-27 00:00:00','2024-02-27 00:00:00');
INSERT IGNORE INTO property_images (id,property_id,image_path,is_primary,uploaded_at) VALUES (1038,53,'uploads/properties/img1.jpg',1,'2024-02-27 00:00:00');
INSERT IGNORE INTO property_images (id,property_id,image_path,is_primary,uploaded_at) VALUES (1039,53,'uploads/properties/img2.jpg',0,'2024-02-27 00:00:00');
INSERT IGNORE INTO property_documents (id,property_id,document_type,file_path,original_name,file_size,mime_type,uploaded_by,uploaded_at,notes) VALUES (1019,53,'ownership_proof','uploads/docs/53/ownership.pdf','ownership_proof.pdf',204800,'application/pdf',240,'2024-02-27 00:00:00',NULL);
INSERT IGNORE INTO property_agent_assignments (id,property_id,agent_id,round_number,assigned_at,responded_at,outcome) VALUES (19,53,16,1,'2024-02-27 00:00:00','2024-02-27 04:00:00','accepted');
INSERT IGNORE INTO properties (id,landlord_id,title,property_type,address,city,postcode,state,latitude,longitude,maps_url,monthly_rent,deposit,description,facilities,furnishing,status,assigned_agent_id,agent_assigned_at,agent_status,viewing_mode,agent_verified_at,agent_verified_by,created_at,updated_at) VALUES (54,241,'UTeM Area Whole_unit #54','whole_unit','No. 5, Lorong Tasik 1, Ayer Keroh, Melaka','Ayer Keroh','75450','Melaka','2.2650000','102.2800000','https://maps.google.com/?q=2.2650000,102.2800000',1100.00,2200.00,'Double-storey house unit for rent. 3 rooms available for students.','WiFi,Fan,Washing Machine,Kitchen,Parking','none','rented',34,'2024-02-29 00:00:00','accepted','landlord_led','2024-03-03 00:00:00',34,'2024-02-29 00:00:00','2024-02-29 00:00:00');
INSERT IGNORE INTO property_images (id,property_id,image_path,is_primary,uploaded_at) VALUES (1040,54,'uploads/properties/img1.jpg',1,'2024-02-29 00:00:00');
INSERT IGNORE INTO property_images (id,property_id,image_path,is_primary,uploaded_at) VALUES (1041,54,'uploads/properties/img2.jpg',0,'2024-02-29 00:00:00');
INSERT IGNORE INTO property_documents (id,property_id,document_type,file_path,original_name,file_size,mime_type,uploaded_by,uploaded_at,notes) VALUES (1020,54,'ownership_proof','uploads/docs/54/ownership.pdf','ownership_proof.pdf',204800,'application/pdf',241,'2024-02-29 00:00:00',NULL);
INSERT IGNORE INTO property_agent_assignments (id,property_id,agent_id,round_number,assigned_at,responded_at,outcome) VALUES (20,54,34,1,'2024-02-29 00:00:00','2024-02-29 04:00:00','accepted');
INSERT IGNORE INTO properties (id,landlord_id,title,property_type,address,city,postcode,state,latitude,longitude,maps_url,monthly_rent,deposit,description,facilities,furnishing,status,assigned_agent_id,agent_assigned_at,agent_status,viewing_mode,agent_verified_at,agent_verified_by,created_at,updated_at) VALUES (55,242,'UTeM Area Whole_unit #55','whole_unit','No. 6, Persiaran Scientex, Durian Tunggal, Melaka','Durian Tunggal','76100','Melaka','2.5010000','102.1990000','https://maps.google.com/?q=2.5010000,102.1990000',1150.00,2300.00,'Cozy room near UTeM main gate. 5 minutes by bus to faculty.','WiFi,Air Conditioning,Water Heater,Wardrobe,Study Table,Kitchen,Parking,Security','partial','rented',35,'2024-03-02 00:00:00','accepted','agent_led','2024-03-05 00:00:00',35,'2024-03-02 00:00:00','2024-03-02 00:00:00');
INSERT IGNORE INTO property_images (id,property_id,image_path,is_primary,uploaded_at) VALUES (1042,55,'uploads/properties/img1.jpg',1,'2024-03-02 00:00:00');
INSERT IGNORE INTO property_images (id,property_id,image_path,is_primary,uploaded_at) VALUES (1043,55,'uploads/properties/img2.jpg',0,'2024-03-02 00:00:00');
INSERT IGNORE INTO property_documents (id,property_id,document_type,file_path,original_name,file_size,mime_type,uploaded_by,uploaded_at,notes) VALUES (1021,55,'ownership_proof','uploads/docs/55/ownership.pdf','ownership_proof.pdf',204800,'application/pdf',242,'2024-03-02 00:00:00',NULL);
INSERT IGNORE INTO property_agent_assignments (id,property_id,agent_id,round_number,assigned_at,responded_at,outcome) VALUES (21,55,35,1,'2024-03-02 00:00:00','2024-03-02 04:00:00','accepted');
INSERT IGNORE INTO properties (id,landlord_id,title,property_type,address,city,postcode,state,latitude,longitude,maps_url,monthly_rent,deposit,description,facilities,furnishing,status,assigned_agent_id,agent_assigned_at,agent_status,viewing_mode,agent_verified_at,agent_verified_by,created_at,updated_at) VALUES (56,243,'UTeM Area Whole_unit #56','whole_unit','No. 7, Jalan Durian Tunggal, Durian Tunggal, Melaka','Durian Tunggal','76100','Melaka','2.4937000','102.2048000','https://maps.google.com/?q=2.4937000,102.2048000',1000.00,2000.00,'Comfortable room with attached bathroom, suitable for UTeM students. Close to campus bus stop.','WiFi,Air Conditioning,Washing Machine,Kitchen','full','available',15,'2024-03-04 00:00:00','accepted','landlord_led','2024-03-07 00:00:00',15,'2024-03-04 00:00:00','2024-03-04 00:00:00');
INSERT IGNORE INTO property_images (id,property_id,image_path,is_primary,uploaded_at) VALUES (1044,56,'uploads/properties/img1.jpg',1,'2024-03-04 00:00:00');
INSERT IGNORE INTO property_images (id,property_id,image_path,is_primary,uploaded_at) VALUES (1045,56,'uploads/properties/img2.jpg',0,'2024-03-04 00:00:00');
INSERT IGNORE INTO property_documents (id,property_id,document_type,file_path,original_name,file_size,mime_type,uploaded_by,uploaded_at,notes) VALUES (1022,56,'ownership_proof','uploads/docs/56/ownership.pdf','ownership_proof.pdf',204800,'application/pdf',243,'2024-03-04 00:00:00',NULL);
INSERT IGNORE INTO property_agent_assignments (id,property_id,agent_id,round_number,assigned_at,responded_at,outcome) VALUES (22,56,15,1,'2024-03-04 00:00:00','2024-03-04 04:00:00','accepted');
INSERT IGNORE INTO properties (id,landlord_id,title,property_type,address,city,postcode,state,latitude,longitude,maps_url,monthly_rent,deposit,description,facilities,furnishing,status,assigned_agent_id,agent_assigned_at,agent_status,viewing_mode,agent_verified_at,agent_verified_by,created_at,updated_at) VALUES (57,244,'UTeM Area Studio #57','studio','No. 8, Jalan Tasik Utama, Ayer Keroh, Melaka','Ayer Keroh','75450','Melaka','2.2721000','102.2854000','https://maps.google.com/?q=2.2721000,102.2854000',800.00,1600.00,'Fully furnished studio unit with modern amenities. Quiet neighbourhood.','WiFi,Air Conditioning,Water Heater,Kitchen,Parking','none','rented',16,'2024-03-06 00:00:00','accepted','landlord_led','2024-03-09 00:00:00',16,'2024-03-06 00:00:00','2024-03-06 00:00:00');
INSERT IGNORE INTO property_images (id,property_id,image_path,is_primary,uploaded_at) VALUES (1046,57,'uploads/properties/img1.jpg',1,'2024-03-06 00:00:00');
INSERT IGNORE INTO property_images (id,property_id,image_path,is_primary,uploaded_at) VALUES (1047,57,'uploads/properties/img2.jpg',0,'2024-03-06 00:00:00');
INSERT IGNORE INTO property_documents (id,property_id,document_type,file_path,original_name,file_size,mime_type,uploaded_by,uploaded_at,notes) VALUES (1023,57,'ownership_proof','uploads/docs/57/ownership.pdf','ownership_proof.pdf',204800,'application/pdf',244,'2024-03-06 00:00:00',NULL);
INSERT IGNORE INTO property_agent_assignments (id,property_id,agent_id,round_number,assigned_at,responded_at,outcome) VALUES (23,57,16,1,'2024-03-06 00:00:00','2024-03-06 04:00:00','accepted');
INSERT IGNORE INTO properties (id,landlord_id,title,property_type,address,city,postcode,state,latitude,longitude,maps_url,monthly_rent,deposit,description,facilities,furnishing,status,assigned_agent_id,agent_assigned_at,agent_status,viewing_mode,agent_verified_at,agent_verified_by,created_at,updated_at) VALUES (58,245,'UTeM Area Studio #58','studio','No. 9, Lorong Tasik 1, Ayer Keroh, Melaka','Ayer Keroh','75450','Melaka','2.2650000','102.2800000','https://maps.google.com/?q=2.2650000,102.2800000',700.00,1400.00,'Spacious whole unit suitable for group of students. Near supermarket and food court.','WiFi,Air Conditioning,Washing Machine,Refrigerator,Kitchen,Parking','partial','rented',34,'2024-03-08 00:00:00','accepted','agent_led','2024-03-11 00:00:00',34,'2024-03-08 00:00:00','2024-03-08 00:00:00');
INSERT IGNORE INTO property_images (id,property_id,image_path,is_primary,uploaded_at) VALUES (1048,58,'uploads/properties/img1.jpg',1,'2024-03-08 00:00:00');
INSERT IGNORE INTO property_images (id,property_id,image_path,is_primary,uploaded_at) VALUES (1049,58,'uploads/properties/img2.jpg',0,'2024-03-08 00:00:00');
INSERT IGNORE INTO property_documents (id,property_id,document_type,file_path,original_name,file_size,mime_type,uploaded_by,uploaded_at,notes) VALUES (1024,58,'ownership_proof','uploads/docs/58/ownership.pdf','ownership_proof.pdf',204800,'application/pdf',245,'2024-03-08 00:00:00',NULL);
INSERT IGNORE INTO property_agent_assignments (id,property_id,agent_id,round_number,assigned_at,responded_at,outcome) VALUES (24,58,34,1,'2024-03-08 00:00:00','2024-03-08 04:00:00','accepted');
INSERT IGNORE INTO properties (id,landlord_id,title,property_type,address,city,postcode,state,latitude,longitude,maps_url,monthly_rent,deposit,description,facilities,furnishing,status,assigned_agent_id,agent_assigned_at,agent_status,viewing_mode,agent_verified_at,agent_verified_by,created_at,updated_at) VALUES (59,246,'UTeM Area Studio #59','studio','No. 10, Persiaran Scientex, Durian Tunggal, Melaka','Durian Tunggal','76100','Melaka','2.5010000','102.1990000','https://maps.google.com/?q=2.5010000,102.1990000',750.00,1500.00,'Single room with air conditioning and WiFi. Shared kitchen and bathroom.','WiFi,Air Conditioning,Wardrobe,Study Table,Kitchen','full','rented',35,'2024-03-10 00:00:00','accepted','either','2024-03-13 00:00:00',35,'2024-03-10 00:00:00','2024-03-10 00:00:00');
INSERT IGNORE INTO property_images (id,property_id,image_path,is_primary,uploaded_at) VALUES (1050,59,'uploads/properties/img1.jpg',1,'2024-03-10 00:00:00');
INSERT IGNORE INTO property_images (id,property_id,image_path,is_primary,uploaded_at) VALUES (1051,59,'uploads/properties/img2.jpg',0,'2024-03-10 00:00:00');
INSERT IGNORE INTO property_documents (id,property_id,document_type,file_path,original_name,file_size,mime_type,uploaded_by,uploaded_at,notes) VALUES (1025,59,'ownership_proof','uploads/docs/59/ownership.pdf','ownership_proof.pdf',204800,'application/pdf',246,'2024-03-10 00:00:00',NULL);
INSERT IGNORE INTO property_agent_assignments (id,property_id,agent_id,round_number,assigned_at,responded_at,outcome) VALUES (25,59,35,1,'2024-03-10 00:00:00','2024-03-10 04:00:00','accepted');
INSERT IGNORE INTO properties (id,landlord_id,title,property_type,address,city,postcode,state,latitude,longitude,maps_url,monthly_rent,deposit,description,facilities,furnishing,status,assigned_agent_id,agent_assigned_at,agent_status,viewing_mode,agent_verified_at,agent_verified_by,created_at,updated_at) VALUES (60,247,'UTeM Area Room #60','room','No. 11, Jalan Durian Tunggal, Durian Tunggal, Melaka','Durian Tunggal','76100','Melaka','2.4937000','102.2048000','https://maps.google.com/?q=2.4937000,102.2048000',280.00,560.00,'Master bedroom with private bathroom in a shared house.','WiFi,Air Conditioning,Wardrobe,Study Table,Washing Machine,Parking','none','rejected',NULL,NULL,NULL,'landlord_led',NULL,NULL,'2024-03-12 00:00:00','2024-03-12 00:00:00');
INSERT IGNORE INTO property_images (id,property_id,image_path,is_primary,uploaded_at) VALUES (1052,60,'uploads/properties/img1.jpg',1,'2024-03-12 00:00:00');
INSERT IGNORE INTO property_images (id,property_id,image_path,is_primary,uploaded_at) VALUES (1053,60,'uploads/properties/img2.jpg',0,'2024-03-12 00:00:00');
INSERT IGNORE INTO property_documents (id,property_id,document_type,file_path,original_name,file_size,mime_type,uploaded_by,uploaded_at,notes) VALUES (1026,60,'ownership_proof','uploads/docs/60/ownership.pdf','ownership_proof.pdf',204800,'application/pdf',247,'2024-03-12 00:00:00',NULL);
INSERT IGNORE INTO properties (id,landlord_id,title,property_type,address,city,postcode,state,latitude,longitude,maps_url,monthly_rent,deposit,description,facilities,furnishing,status,assigned_agent_id,agent_assigned_at,agent_status,viewing_mode,agent_verified_at,agent_verified_by,created_at,updated_at) VALUES (61,248,'UTeM Area Room #61','room','No. 12, Jalan Tasik Utama, Ayer Keroh, Melaka','Ayer Keroh','75450','Melaka','2.2721000','102.2854000','https://maps.google.com/?q=2.2721000,102.2854000',290.00,580.00,'Studio apartment with city view. Fully furnished and ready to move in.','WiFi,Air Conditioning,Swimming Pool,Gym,Parking,Security','partial','rented',16,'2024-03-14 00:00:00','accepted','agent_led','2024-03-17 00:00:00',16,'2024-03-14 00:00:00','2024-03-14 00:00:00');
INSERT IGNORE INTO property_images (id,property_id,image_path,is_primary,uploaded_at) VALUES (1054,61,'uploads/properties/img1.jpg',1,'2024-03-14 00:00:00');
INSERT IGNORE INTO property_images (id,property_id,image_path,is_primary,uploaded_at) VALUES (1055,61,'uploads/properties/img2.jpg',0,'2024-03-14 00:00:00');
INSERT IGNORE INTO property_documents (id,property_id,document_type,file_path,original_name,file_size,mime_type,uploaded_by,uploaded_at,notes) VALUES (1027,61,'ownership_proof','uploads/docs/61/ownership.pdf','ownership_proof.pdf',204800,'application/pdf',248,'2024-03-14 00:00:00',NULL);
INSERT IGNORE INTO property_agent_assignments (id,property_id,agent_id,round_number,assigned_at,responded_at,outcome) VALUES (26,61,16,1,'2024-03-14 00:00:00','2024-03-14 04:00:00','accepted');
INSERT IGNORE INTO properties (id,landlord_id,title,property_type,address,city,postcode,state,latitude,longitude,maps_url,monthly_rent,deposit,description,facilities,furnishing,status,assigned_agent_id,agent_assigned_at,agent_status,viewing_mode,agent_verified_at,agent_verified_by,created_at,updated_at) VALUES (62,249,'UTeM Area Room #62','room','No. 13, Lorong Tasik 1, Ayer Keroh, Melaka','Ayer Keroh','75450','Melaka','2.2650000','102.2800000','https://maps.google.com/?q=2.2650000,102.2800000',300.00,600.00,'Double-storey house unit for rent. 3 rooms available for students.','WiFi,Fan,Washing Machine,Kitchen,Parking','full','rented',34,'2024-03-16 00:00:00','accepted','either','2024-03-19 00:00:00',34,'2024-03-16 00:00:00','2024-03-16 00:00:00');
INSERT IGNORE INTO property_images (id,property_id,image_path,is_primary,uploaded_at) VALUES (1056,62,'uploads/properties/img1.jpg',1,'2024-03-16 00:00:00');
INSERT IGNORE INTO property_images (id,property_id,image_path,is_primary,uploaded_at) VALUES (1057,62,'uploads/properties/img2.jpg',0,'2024-03-16 00:00:00');
INSERT IGNORE INTO property_documents (id,property_id,document_type,file_path,original_name,file_size,mime_type,uploaded_by,uploaded_at,notes) VALUES (1028,62,'ownership_proof','uploads/docs/62/ownership.pdf','ownership_proof.pdf',204800,'application/pdf',249,'2024-03-16 00:00:00',NULL);
INSERT IGNORE INTO property_agent_assignments (id,property_id,agent_id,round_number,assigned_at,responded_at,outcome) VALUES (27,62,34,1,'2024-03-16 00:00:00','2024-03-16 04:00:00','accepted');
INSERT IGNORE INTO properties (id,landlord_id,title,property_type,address,city,postcode,state,latitude,longitude,maps_url,monthly_rent,deposit,description,facilities,furnishing,status,assigned_agent_id,agent_assigned_at,agent_status,viewing_mode,agent_verified_at,agent_verified_by,created_at,updated_at) VALUES (63,250,'UTeM Area Room #63','room','No. 14, Persiaran Scientex, Durian Tunggal, Melaka','Durian Tunggal','76100','Melaka','2.5010000','102.1990000','https://maps.google.com/?q=2.5010000,102.1990000',310.00,620.00,'Cozy room near UTeM main gate. 5 minutes by bus to faculty.','WiFi,Air Conditioning,Water Heater,Wardrobe,Study Table,Kitchen,Parking,Security','none','rented',35,'2024-03-18 00:00:00','accepted','landlord_led','2024-03-21 00:00:00',35,'2024-03-18 00:00:00','2024-03-18 00:00:00');
INSERT IGNORE INTO property_images (id,property_id,image_path,is_primary,uploaded_at) VALUES (1058,63,'uploads/properties/img1.jpg',1,'2024-03-18 00:00:00');
INSERT IGNORE INTO property_images (id,property_id,image_path,is_primary,uploaded_at) VALUES (1059,63,'uploads/properties/img2.jpg',0,'2024-03-18 00:00:00');
INSERT IGNORE INTO property_documents (id,property_id,document_type,file_path,original_name,file_size,mime_type,uploaded_by,uploaded_at,notes) VALUES (1029,63,'ownership_proof','uploads/docs/63/ownership.pdf','ownership_proof.pdf',204800,'application/pdf',250,'2024-03-18 00:00:00',NULL);
INSERT IGNORE INTO property_agent_assignments (id,property_id,agent_id,round_number,assigned_at,responded_at,outcome) VALUES (28,63,35,1,'2024-03-18 00:00:00','2024-03-18 04:00:00','accepted');
INSERT IGNORE INTO properties (id,landlord_id,title,property_type,address,city,postcode,state,latitude,longitude,maps_url,monthly_rent,deposit,description,facilities,furnishing,status,assigned_agent_id,agent_assigned_at,agent_status,viewing_mode,agent_verified_at,agent_verified_by,created_at,updated_at) VALUES (64,236,'UTeM Area Room #64','room','No. 15, Jalan Durian Tunggal, Durian Tunggal, Melaka','Durian Tunggal','76100','Melaka','2.4937000','102.2048000','https://maps.google.com/?q=2.4937000,102.2048000',320.00,640.00,'Comfortable room with attached bathroom, suitable for UTeM students. Close to campus bus stop.','WiFi,Air Conditioning,Washing Machine,Kitchen','partial','available',15,'2024-03-20 00:00:00','accepted','landlord_led','2024-03-23 00:00:00',15,'2024-03-20 00:00:00','2024-03-20 00:00:00');
INSERT IGNORE INTO property_images (id,property_id,image_path,is_primary,uploaded_at) VALUES (1060,64,'uploads/properties/img1.jpg',1,'2024-03-20 00:00:00');
INSERT IGNORE INTO property_images (id,property_id,image_path,is_primary,uploaded_at) VALUES (1061,64,'uploads/properties/img2.jpg',0,'2024-03-20 00:00:00');
INSERT IGNORE INTO property_documents (id,property_id,document_type,file_path,original_name,file_size,mime_type,uploaded_by,uploaded_at,notes) VALUES (1030,64,'ownership_proof','uploads/docs/64/ownership.pdf','ownership_proof.pdf',204800,'application/pdf',236,'2024-03-20 00:00:00',NULL);
INSERT IGNORE INTO property_agent_assignments (id,property_id,agent_id,round_number,assigned_at,responded_at,outcome) VALUES (29,64,15,1,'2024-03-20 00:00:00','2024-03-20 04:00:00','accepted');
INSERT IGNORE INTO properties (id,landlord_id,title,property_type,address,city,postcode,state,latitude,longitude,maps_url,monthly_rent,deposit,description,facilities,furnishing,status,assigned_agent_id,agent_assigned_at,agent_status,viewing_mode,agent_verified_at,agent_verified_by,created_at,updated_at) VALUES (65,237,'UTeM Area Room #65','room','No. 16, Jalan Tasik Utama, Ayer Keroh, Melaka','Ayer Keroh','75450','Melaka','2.2721000','102.2854000','https://maps.google.com/?q=2.2721000,102.2854000',280.00,560.00,'Fully furnished studio unit with modern amenities. Quiet neighbourhood.','WiFi,Air Conditioning,Water Heater,Kitchen,Parking','full','rented',16,'2024-03-22 00:00:00','accepted','either','2024-03-25 00:00:00',16,'2024-03-22 00:00:00','2024-03-22 00:00:00');
INSERT IGNORE INTO property_images (id,property_id,image_path,is_primary,uploaded_at) VALUES (1062,65,'uploads/properties/img1.jpg',1,'2024-03-22 00:00:00');
INSERT IGNORE INTO property_images (id,property_id,image_path,is_primary,uploaded_at) VALUES (1063,65,'uploads/properties/img2.jpg',0,'2024-03-22 00:00:00');
INSERT IGNORE INTO property_documents (id,property_id,document_type,file_path,original_name,file_size,mime_type,uploaded_by,uploaded_at,notes) VALUES (1031,65,'ownership_proof','uploads/docs/65/ownership.pdf','ownership_proof.pdf',204800,'application/pdf',237,'2024-03-22 00:00:00',NULL);
INSERT IGNORE INTO property_agent_assignments (id,property_id,agent_id,round_number,assigned_at,responded_at,outcome) VALUES (30,65,16,1,'2024-03-22 00:00:00','2024-03-22 04:00:00','accepted');
INSERT IGNORE INTO properties (id,landlord_id,title,property_type,address,city,postcode,state,latitude,longitude,maps_url,monthly_rent,deposit,description,facilities,furnishing,status,assigned_agent_id,agent_assigned_at,agent_status,viewing_mode,agent_verified_at,agent_verified_by,created_at,updated_at) VALUES (66,238,'UTeM Area Room #66','room','No. 17, Lorong Tasik 1, Ayer Keroh, Melaka','Ayer Keroh','75450','Melaka','2.2650000','102.2800000','https://maps.google.com/?q=2.2650000,102.2800000',290.00,580.00,'Spacious whole unit suitable for group of students. Near supermarket and food court.','WiFi,Air Conditioning,Washing Machine,Refrigerator,Kitchen,Parking','none','rented',34,'2024-03-24 00:00:00','accepted','landlord_led','2024-03-27 00:00:00',34,'2024-03-24 00:00:00','2024-03-24 00:00:00');
INSERT IGNORE INTO property_images (id,property_id,image_path,is_primary,uploaded_at) VALUES (1064,66,'uploads/properties/img1.jpg',1,'2024-03-24 00:00:00');
INSERT IGNORE INTO property_images (id,property_id,image_path,is_primary,uploaded_at) VALUES (1065,66,'uploads/properties/img2.jpg',0,'2024-03-24 00:00:00');
INSERT IGNORE INTO property_documents (id,property_id,document_type,file_path,original_name,file_size,mime_type,uploaded_by,uploaded_at,notes) VALUES (1032,66,'ownership_proof','uploads/docs/66/ownership.pdf','ownership_proof.pdf',204800,'application/pdf',238,'2024-03-24 00:00:00',NULL);
INSERT IGNORE INTO property_agent_assignments (id,property_id,agent_id,round_number,assigned_at,responded_at,outcome) VALUES (31,66,34,1,'2024-03-24 00:00:00','2024-03-24 04:00:00','accepted');
INSERT IGNORE INTO properties (id,landlord_id,title,property_type,address,city,postcode,state,latitude,longitude,maps_url,monthly_rent,deposit,description,facilities,furnishing,status,assigned_agent_id,agent_assigned_at,agent_status,viewing_mode,agent_verified_at,agent_verified_by,created_at,updated_at) VALUES (67,239,'UTeM Area Room #67','room','No. 18, Persiaran Scientex, Durian Tunggal, Melaka','Durian Tunggal','76100','Melaka','2.5010000','102.1990000','https://maps.google.com/?q=2.5010000,102.1990000',310.00,620.00,'Single room with air conditioning and WiFi. Shared kitchen and bathroom.','WiFi,Air Conditioning,Wardrobe,Study Table,Kitchen','partial','rented',35,'2024-03-26 00:00:00','accepted','agent_led','2024-03-29 00:00:00',35,'2024-03-26 00:00:00','2024-03-26 00:00:00');
INSERT IGNORE INTO property_images (id,property_id,image_path,is_primary,uploaded_at) VALUES (1066,67,'uploads/properties/img1.jpg',1,'2024-03-26 00:00:00');
INSERT IGNORE INTO property_images (id,property_id,image_path,is_primary,uploaded_at) VALUES (1067,67,'uploads/properties/img2.jpg',0,'2024-03-26 00:00:00');
INSERT IGNORE INTO property_documents (id,property_id,document_type,file_path,original_name,file_size,mime_type,uploaded_by,uploaded_at,notes) VALUES (1033,67,'ownership_proof','uploads/docs/67/ownership.pdf','ownership_proof.pdf',204800,'application/pdf',239,'2024-03-26 00:00:00',NULL);
INSERT IGNORE INTO property_agent_assignments (id,property_id,agent_id,round_number,assigned_at,responded_at,outcome) VALUES (32,67,35,1,'2024-03-26 00:00:00','2024-03-26 04:00:00','accepted');
INSERT IGNORE INTO properties (id,landlord_id,title,property_type,address,city,postcode,state,latitude,longitude,maps_url,monthly_rent,deposit,description,facilities,furnishing,status,assigned_agent_id,agent_assigned_at,agent_status,viewing_mode,agent_verified_at,agent_verified_by,created_at,updated_at) VALUES (68,240,'UTeM Area Room #68','room','No. 19, Jalan Durian Tunggal, Durian Tunggal, Melaka','Durian Tunggal','76100','Melaka','2.4937000','102.2048000','https://maps.google.com/?q=2.4937000,102.2048000',300.00,600.00,'Master bedroom with private bathroom in a shared house.','WiFi,Air Conditioning,Wardrobe,Study Table,Washing Machine,Parking','full','rented',15,'2024-03-28 00:00:00','accepted','landlord_led','2024-03-31 00:00:00',15,'2024-03-28 00:00:00','2024-03-28 00:00:00');
INSERT IGNORE INTO property_images (id,property_id,image_path,is_primary,uploaded_at) VALUES (1068,68,'uploads/properties/img1.jpg',1,'2024-03-28 00:00:00');
INSERT IGNORE INTO property_images (id,property_id,image_path,is_primary,uploaded_at) VALUES (1069,68,'uploads/properties/img2.jpg',0,'2024-03-28 00:00:00');
INSERT IGNORE INTO property_documents (id,property_id,document_type,file_path,original_name,file_size,mime_type,uploaded_by,uploaded_at,notes) VALUES (1034,68,'ownership_proof','uploads/docs/68/ownership.pdf','ownership_proof.pdf',204800,'application/pdf',240,'2024-03-28 00:00:00',NULL);
INSERT IGNORE INTO property_agent_assignments (id,property_id,agent_id,round_number,assigned_at,responded_at,outcome) VALUES (33,68,15,1,'2024-03-28 00:00:00','2024-03-28 04:00:00','accepted');
INSERT IGNORE INTO properties (id,landlord_id,title,property_type,address,city,postcode,state,latitude,longitude,maps_url,monthly_rent,deposit,description,facilities,furnishing,status,assigned_agent_id,agent_assigned_at,agent_status,viewing_mode,agent_verified_at,agent_verified_by,created_at,updated_at) VALUES (69,241,'UTeM Area Room #69','room','No. 20, Jalan Tasik Utama, Ayer Keroh, Melaka','Ayer Keroh','75450','Melaka','2.2721000','102.2854000','https://maps.google.com/?q=2.2721000,102.2854000',320.00,640.00,'Studio apartment with city view. Fully furnished and ready to move in.','WiFi,Air Conditioning,Swimming Pool,Gym,Parking,Security','none','rented',16,'2024-03-30 00:00:00','accepted','landlord_led','2024-04-02 00:00:00',16,'2024-03-30 00:00:00','2024-03-30 00:00:00');
INSERT IGNORE INTO property_images (id,property_id,image_path,is_primary,uploaded_at) VALUES (1070,69,'uploads/properties/img1.jpg',1,'2024-03-30 00:00:00');
INSERT IGNORE INTO property_images (id,property_id,image_path,is_primary,uploaded_at) VALUES (1071,69,'uploads/properties/img2.jpg',0,'2024-03-30 00:00:00');
INSERT IGNORE INTO property_documents (id,property_id,document_type,file_path,original_name,file_size,mime_type,uploaded_by,uploaded_at,notes) VALUES (1035,69,'ownership_proof','uploads/docs/69/ownership.pdf','ownership_proof.pdf',204800,'application/pdf',241,'2024-03-30 00:00:00',NULL);
INSERT IGNORE INTO property_agent_assignments (id,property_id,agent_id,round_number,assigned_at,responded_at,outcome) VALUES (34,69,16,1,'2024-03-30 00:00:00','2024-03-30 04:00:00','accepted');
INSERT IGNORE INTO properties (id,landlord_id,title,property_type,address,city,postcode,state,latitude,longitude,maps_url,monthly_rent,deposit,description,facilities,furnishing,status,assigned_agent_id,agent_assigned_at,agent_status,viewing_mode,agent_verified_at,agent_verified_by,created_at,updated_at) VALUES (70,242,'UTeM Area Room #70','room','No. 21, Lorong Tasik 1, Ayer Keroh, Melaka','Ayer Keroh','75450','Melaka','2.2650000','102.2800000','https://maps.google.com/?q=2.2650000,102.2800000',285.00,570.00,'Double-storey house unit for rent. 3 rooms available for students.','WiFi,Fan,Washing Machine,Kitchen,Parking','partial','rented',34,'2024-04-01 00:00:00','accepted','agent_led','2024-04-04 00:00:00',34,'2024-04-01 00:00:00','2024-04-01 00:00:00');
INSERT IGNORE INTO property_images (id,property_id,image_path,is_primary,uploaded_at) VALUES (1072,70,'uploads/properties/img1.jpg',1,'2024-04-01 00:00:00');
INSERT IGNORE INTO property_images (id,property_id,image_path,is_primary,uploaded_at) VALUES (1073,70,'uploads/properties/img2.jpg',0,'2024-04-01 00:00:00');
INSERT IGNORE INTO property_documents (id,property_id,document_type,file_path,original_name,file_size,mime_type,uploaded_by,uploaded_at,notes) VALUES (1036,70,'ownership_proof','uploads/docs/70/ownership.pdf','ownership_proof.pdf',204800,'application/pdf',242,'2024-04-01 00:00:00',NULL);
INSERT IGNORE INTO property_agent_assignments (id,property_id,agent_id,round_number,assigned_at,responded_at,outcome) VALUES (35,70,34,1,'2024-04-01 00:00:00','2024-04-01 04:00:00','accepted');
INSERT IGNORE INTO properties (id,landlord_id,title,property_type,address,city,postcode,state,latitude,longitude,maps_url,monthly_rent,deposit,description,facilities,furnishing,status,assigned_agent_id,agent_assigned_at,agent_status,viewing_mode,agent_verified_at,agent_verified_by,created_at,updated_at) VALUES (71,243,'UTeM Area Room #71','room','No. 22, Persiaran Scientex, Durian Tunggal, Melaka','Durian Tunggal','76100','Melaka','2.5010000','102.1990000','https://maps.google.com/?q=2.5010000,102.1990000',295.00,590.00,'Cozy room near UTeM main gate. 5 minutes by bus to faculty.','WiFi,Air Conditioning,Water Heater,Wardrobe,Study Table,Kitchen,Parking,Security','full','rented',35,'2024-04-03 00:00:00','accepted','either','2024-04-06 00:00:00',35,'2024-04-03 00:00:00','2024-04-03 00:00:00');
INSERT IGNORE INTO property_images (id,property_id,image_path,is_primary,uploaded_at) VALUES (1074,71,'uploads/properties/img1.jpg',1,'2024-04-03 00:00:00');
INSERT IGNORE INTO property_images (id,property_id,image_path,is_primary,uploaded_at) VALUES (1075,71,'uploads/properties/img2.jpg',0,'2024-04-03 00:00:00');
INSERT IGNORE INTO property_documents (id,property_id,document_type,file_path,original_name,file_size,mime_type,uploaded_by,uploaded_at,notes) VALUES (1037,71,'ownership_proof','uploads/docs/71/ownership.pdf','ownership_proof.pdf',204800,'application/pdf',243,'2024-04-03 00:00:00',NULL);
INSERT IGNORE INTO property_agent_assignments (id,property_id,agent_id,round_number,assigned_at,responded_at,outcome) VALUES (36,71,35,1,'2024-04-03 00:00:00','2024-04-03 04:00:00','accepted');
INSERT IGNORE INTO properties (id,landlord_id,title,property_type,address,city,postcode,state,latitude,longitude,maps_url,monthly_rent,deposit,description,facilities,furnishing,status,assigned_agent_id,agent_assigned_at,agent_status,viewing_mode,agent_verified_at,agent_verified_by,created_at,updated_at) VALUES (72,244,'UTeM Area Whole_unit #72','whole_unit','No. 23, Jalan Durian Tunggal, Durian Tunggal, Melaka','Durian Tunggal','76100','Melaka','2.4937000','102.2048000','https://maps.google.com/?q=2.4937000,102.2048000',1200.00,2400.00,'Comfortable room with attached bathroom, suitable for UTeM students. Close to campus bus stop.','WiFi,Air Conditioning,Washing Machine,Kitchen','none','available',15,'2024-04-05 00:00:00','accepted','landlord_led','2024-04-08 00:00:00',15,'2024-04-05 00:00:00','2024-04-05 00:00:00');
INSERT IGNORE INTO property_images (id,property_id,image_path,is_primary,uploaded_at) VALUES (1076,72,'uploads/properties/img1.jpg',1,'2024-04-05 00:00:00');
INSERT IGNORE INTO property_images (id,property_id,image_path,is_primary,uploaded_at) VALUES (1077,72,'uploads/properties/img2.jpg',0,'2024-04-05 00:00:00');
INSERT IGNORE INTO property_documents (id,property_id,document_type,file_path,original_name,file_size,mime_type,uploaded_by,uploaded_at,notes) VALUES (1038,72,'ownership_proof','uploads/docs/72/ownership.pdf','ownership_proof.pdf',204800,'application/pdf',244,'2024-04-05 00:00:00',NULL);
INSERT IGNORE INTO property_agent_assignments (id,property_id,agent_id,round_number,assigned_at,responded_at,outcome) VALUES (37,72,15,1,'2024-04-05 00:00:00','2024-04-05 04:00:00','accepted');
INSERT IGNORE INTO properties (id,landlord_id,title,property_type,address,city,postcode,state,latitude,longitude,maps_url,monthly_rent,deposit,description,facilities,furnishing,status,assigned_agent_id,agent_assigned_at,agent_status,viewing_mode,agent_verified_at,agent_verified_by,created_at,updated_at) VALUES (73,245,'UTeM Area Whole_unit #73','whole_unit','No. 24, Jalan Tasik Utama, Ayer Keroh, Melaka','Ayer Keroh','75450','Melaka','2.2721000','102.2854000','https://maps.google.com/?q=2.2721000,102.2854000',1050.00,2100.00,'Fully furnished studio unit with modern amenities. Quiet neighbourhood.','WiFi,Air Conditioning,Water Heater,Kitchen,Parking','partial','rented',16,'2024-04-07 00:00:00','accepted','agent_led','2024-04-10 00:00:00',16,'2024-04-07 00:00:00','2024-04-07 00:00:00');
INSERT IGNORE INTO property_images (id,property_id,image_path,is_primary,uploaded_at) VALUES (1078,73,'uploads/properties/img1.jpg',1,'2024-04-07 00:00:00');
INSERT IGNORE INTO property_images (id,property_id,image_path,is_primary,uploaded_at) VALUES (1079,73,'uploads/properties/img2.jpg',0,'2024-04-07 00:00:00');
INSERT IGNORE INTO property_documents (id,property_id,document_type,file_path,original_name,file_size,mime_type,uploaded_by,uploaded_at,notes) VALUES (1039,73,'ownership_proof','uploads/docs/73/ownership.pdf','ownership_proof.pdf',204800,'application/pdf',245,'2024-04-07 00:00:00',NULL);
INSERT IGNORE INTO property_agent_assignments (id,property_id,agent_id,round_number,assigned_at,responded_at,outcome) VALUES (38,73,16,1,'2024-04-07 00:00:00','2024-04-07 04:00:00','accepted');

-- Sem 2 properties
INSERT IGNORE INTO properties (id,landlord_id,title,property_type,address,city,postcode,state,latitude,longitude,maps_url,monthly_rent,deposit,description,facilities,furnishing,status,assigned_agent_id,agent_assigned_at,agent_status,viewing_mode,agent_verified_at,agent_verified_by,created_at,updated_at) VALUES (74,236,'UTeM Area Whole_unit #74','whole_unit','No. 25, Lorong Tasik 1, Ayer Keroh, Melaka','Ayer Keroh','75450','Melaka','2.2650000','102.2800000','https://maps.google.com/?q=2.2650000,102.2800000',1100.00,2200.00,'Spacious whole unit suitable for group of students. Near supermarket and food court.','WiFi,Air Conditioning,Washing Machine,Refrigerator,Kitchen,Parking','full','rented',34,'2024-08-05 00:00:00','accepted','either','2024-08-08 00:00:00',34,'2024-08-05 00:00:00','2024-08-05 00:00:00');
INSERT IGNORE INTO property_images (id,property_id,image_path,is_primary,uploaded_at) VALUES (1080,74,'uploads/properties/img1.jpg',1,'2024-08-05 00:00:00');
INSERT IGNORE INTO property_images (id,property_id,image_path,is_primary,uploaded_at) VALUES (1081,74,'uploads/properties/img2.jpg',0,'2024-08-05 00:00:00');
INSERT IGNORE INTO property_documents (id,property_id,document_type,file_path,original_name,file_size,mime_type,uploaded_by,uploaded_at,notes) VALUES (1040,74,'ownership_proof','uploads/docs/74/ownership.pdf','ownership_proof.pdf',204800,'application/pdf',236,'2024-08-05 00:00:00',NULL);
INSERT IGNORE INTO property_agent_assignments (id,property_id,agent_id,round_number,assigned_at,responded_at,outcome) VALUES (39,74,34,1,'2024-08-05 00:00:00','2024-08-05 04:00:00','accepted');
INSERT IGNORE INTO properties (id,landlord_id,title,property_type,address,city,postcode,state,latitude,longitude,maps_url,monthly_rent,deposit,description,facilities,furnishing,status,assigned_agent_id,agent_assigned_at,agent_status,viewing_mode,agent_verified_at,agent_verified_by,created_at,updated_at) VALUES (75,237,'UTeM Area Whole_unit #75','whole_unit','No. 26, Persiaran Scientex, Durian Tunggal, Melaka','Durian Tunggal','76100','Melaka','2.5010000','102.1990000','https://maps.google.com/?q=2.5010000,102.1990000',1000.00,2000.00,'Single room with air conditioning and WiFi. Shared kitchen and bathroom.','WiFi,Air Conditioning,Wardrobe,Study Table,Kitchen','none','rented',35,'2024-08-07 00:00:00','accepted','landlord_led','2024-08-10 00:00:00',35,'2024-08-07 00:00:00','2024-08-07 00:00:00');
INSERT IGNORE INTO property_images (id,property_id,image_path,is_primary,uploaded_at) VALUES (1082,75,'uploads/properties/img1.jpg',1,'2024-08-07 00:00:00');
INSERT IGNORE INTO property_images (id,property_id,image_path,is_primary,uploaded_at) VALUES (1083,75,'uploads/properties/img2.jpg',0,'2024-08-07 00:00:00');
INSERT IGNORE INTO property_documents (id,property_id,document_type,file_path,original_name,file_size,mime_type,uploaded_by,uploaded_at,notes) VALUES (1041,75,'ownership_proof','uploads/docs/75/ownership.pdf','ownership_proof.pdf',204800,'application/pdf',237,'2024-08-07 00:00:00',NULL);
INSERT IGNORE INTO property_agent_assignments (id,property_id,agent_id,round_number,assigned_at,responded_at,outcome) VALUES (40,75,35,1,'2024-08-07 00:00:00','2024-08-07 04:00:00','accepted');
INSERT IGNORE INTO properties (id,landlord_id,title,property_type,address,city,postcode,state,latitude,longitude,maps_url,monthly_rent,deposit,description,facilities,furnishing,status,assigned_agent_id,agent_assigned_at,agent_status,viewing_mode,agent_verified_at,agent_verified_by,created_at,updated_at) VALUES (76,238,'UTeM Area Whole_unit #76','whole_unit','No. 27, Jalan Durian Tunggal, Durian Tunggal, Melaka','Durian Tunggal','76100','Melaka','2.4937000','102.2048000','https://maps.google.com/?q=2.4937000,102.2048000',1050.00,2100.00,'Master bedroom with private bathroom in a shared house.','WiFi,Air Conditioning,Wardrobe,Study Table,Washing Machine,Parking','partial','rented',15,'2024-08-09 00:00:00','accepted','landlord_led','2024-08-12 00:00:00',15,'2024-08-09 00:00:00','2024-08-09 00:00:00');
INSERT IGNORE INTO property_images (id,property_id,image_path,is_primary,uploaded_at) VALUES (1084,76,'uploads/properties/img1.jpg',1,'2024-08-09 00:00:00');
INSERT IGNORE INTO property_images (id,property_id,image_path,is_primary,uploaded_at) VALUES (1085,76,'uploads/properties/img2.jpg',0,'2024-08-09 00:00:00');
INSERT IGNORE INTO property_documents (id,property_id,document_type,file_path,original_name,file_size,mime_type,uploaded_by,uploaded_at,notes) VALUES (1042,76,'ownership_proof','uploads/docs/76/ownership.pdf','ownership_proof.pdf',204800,'application/pdf',238,'2024-08-09 00:00:00',NULL);
INSERT IGNORE INTO property_agent_assignments (id,property_id,agent_id,round_number,assigned_at,responded_at,outcome) VALUES (41,76,15,1,'2024-08-09 00:00:00','2024-08-09 04:00:00','accepted');
INSERT IGNORE INTO properties (id,landlord_id,title,property_type,address,city,postcode,state,latitude,longitude,maps_url,monthly_rent,deposit,description,facilities,furnishing,status,assigned_agent_id,agent_assigned_at,agent_status,viewing_mode,agent_verified_at,agent_verified_by,created_at,updated_at) VALUES (77,239,'UTeM Area Studio #77','studio','No. 28, Jalan Tasik Utama, Ayer Keroh, Melaka','Ayer Keroh','75450','Melaka','2.2721000','102.2854000','https://maps.google.com/?q=2.2721000,102.2854000',750.00,1500.00,'Studio apartment with city view. Fully furnished and ready to move in.','WiFi,Air Conditioning,Swimming Pool,Gym,Parking,Security','full','available',16,'2024-08-11 00:00:00','accepted','either','2024-08-14 00:00:00',16,'2024-08-11 00:00:00','2024-08-11 00:00:00');
INSERT IGNORE INTO property_images (id,property_id,image_path,is_primary,uploaded_at) VALUES (1086,77,'uploads/properties/img1.jpg',1,'2024-08-11 00:00:00');
INSERT IGNORE INTO property_images (id,property_id,image_path,is_primary,uploaded_at) VALUES (1087,77,'uploads/properties/img2.jpg',0,'2024-08-11 00:00:00');
INSERT IGNORE INTO property_documents (id,property_id,document_type,file_path,original_name,file_size,mime_type,uploaded_by,uploaded_at,notes) VALUES (1043,77,'ownership_proof','uploads/docs/77/ownership.pdf','ownership_proof.pdf',204800,'application/pdf',239,'2024-08-11 00:00:00',NULL);
INSERT IGNORE INTO property_agent_assignments (id,property_id,agent_id,round_number,assigned_at,responded_at,outcome) VALUES (42,77,16,1,'2024-08-11 00:00:00','2024-08-11 04:00:00','accepted');
INSERT IGNORE INTO properties (id,landlord_id,title,property_type,address,city,postcode,state,latitude,longitude,maps_url,monthly_rent,deposit,description,facilities,furnishing,status,assigned_agent_id,agent_assigned_at,agent_status,viewing_mode,agent_verified_at,agent_verified_by,created_at,updated_at) VALUES (78,240,'UTeM Area Studio #78','studio','No. 29, Lorong Tasik 1, Ayer Keroh, Melaka','Ayer Keroh','75450','Melaka','2.2650000','102.2800000','https://maps.google.com/?q=2.2650000,102.2800000',780.00,1560.00,'Double-storey house unit for rent. 3 rooms available for students.','WiFi,Fan,Washing Machine,Kitchen,Parking','none','rented',34,'2024-08-13 00:00:00','accepted','landlord_led','2024-08-16 00:00:00',34,'2024-08-13 00:00:00','2024-08-13 00:00:00');
INSERT IGNORE INTO property_images (id,property_id,image_path,is_primary,uploaded_at) VALUES (1088,78,'uploads/properties/img1.jpg',1,'2024-08-13 00:00:00');
INSERT IGNORE INTO property_images (id,property_id,image_path,is_primary,uploaded_at) VALUES (1089,78,'uploads/properties/img2.jpg',0,'2024-08-13 00:00:00');
INSERT IGNORE INTO property_documents (id,property_id,document_type,file_path,original_name,file_size,mime_type,uploaded_by,uploaded_at,notes) VALUES (1044,78,'ownership_proof','uploads/docs/78/ownership.pdf','ownership_proof.pdf',204800,'application/pdf',240,'2024-08-13 00:00:00',NULL);
INSERT IGNORE INTO property_agent_assignments (id,property_id,agent_id,round_number,assigned_at,responded_at,outcome) VALUES (43,78,34,1,'2024-08-13 00:00:00','2024-08-13 04:00:00','accepted');
INSERT IGNORE INTO properties (id,landlord_id,title,property_type,address,city,postcode,state,latitude,longitude,maps_url,monthly_rent,deposit,description,facilities,furnishing,status,assigned_agent_id,agent_assigned_at,agent_status,viewing_mode,agent_verified_at,agent_verified_by,created_at,updated_at) VALUES (79,241,'UTeM Area Studio #79','studio','No. 30, Persiaran Scientex, Durian Tunggal, Melaka','Durian Tunggal','76100','Melaka','2.5010000','102.1990000','https://maps.google.com/?q=2.5010000,102.1990000',800.00,1600.00,'Cozy room near UTeM main gate. 5 minutes by bus to faculty.','WiFi,Air Conditioning,Water Heater,Wardrobe,Study Table,Kitchen,Parking,Security','partial','rented',35,'2024-08-15 00:00:00','accepted','agent_led','2024-08-18 00:00:00',35,'2024-08-15 00:00:00','2024-08-15 00:00:00');
INSERT IGNORE INTO property_images (id,property_id,image_path,is_primary,uploaded_at) VALUES (1090,79,'uploads/properties/img1.jpg',1,'2024-08-15 00:00:00');
INSERT IGNORE INTO property_images (id,property_id,image_path,is_primary,uploaded_at) VALUES (1091,79,'uploads/properties/img2.jpg',0,'2024-08-15 00:00:00');
INSERT IGNORE INTO property_documents (id,property_id,document_type,file_path,original_name,file_size,mime_type,uploaded_by,uploaded_at,notes) VALUES (1045,79,'ownership_proof','uploads/docs/79/ownership.pdf','ownership_proof.pdf',204800,'application/pdf',241,'2024-08-15 00:00:00',NULL);
INSERT IGNORE INTO property_agent_assignments (id,property_id,agent_id,round_number,assigned_at,responded_at,outcome) VALUES (44,79,35,1,'2024-08-15 00:00:00','2024-08-15 04:00:00','accepted');
INSERT IGNORE INTO properties (id,landlord_id,title,property_type,address,city,postcode,state,latitude,longitude,maps_url,monthly_rent,deposit,description,facilities,furnishing,status,assigned_agent_id,agent_assigned_at,agent_status,viewing_mode,agent_verified_at,agent_verified_by,created_at,updated_at) VALUES (80,242,'UTeM Area Whole_unit #80','whole_unit','No. 31, Jalan Durian Tunggal, Durian Tunggal, Melaka','Durian Tunggal','76100','Melaka','2.4937000','102.2048000','https://maps.google.com/?q=2.4937000,102.2048000',1100.00,2200.00,'Comfortable room with attached bathroom, suitable for UTeM students. Close to campus bus stop.','WiFi,Air Conditioning,Washing Machine,Kitchen','full','rented',15,'2024-08-17 00:00:00','accepted','landlord_led','2024-08-20 00:00:00',15,'2024-08-17 00:00:00','2024-08-17 00:00:00');
INSERT IGNORE INTO property_images (id,property_id,image_path,is_primary,uploaded_at) VALUES (1092,80,'uploads/properties/img1.jpg',1,'2024-08-17 00:00:00');
INSERT IGNORE INTO property_images (id,property_id,image_path,is_primary,uploaded_at) VALUES (1093,80,'uploads/properties/img2.jpg',0,'2024-08-17 00:00:00');
INSERT IGNORE INTO property_documents (id,property_id,document_type,file_path,original_name,file_size,mime_type,uploaded_by,uploaded_at,notes) VALUES (1046,80,'ownership_proof','uploads/docs/80/ownership.pdf','ownership_proof.pdf',204800,'application/pdf',242,'2024-08-17 00:00:00',NULL);
INSERT IGNORE INTO property_agent_assignments (id,property_id,agent_id,round_number,assigned_at,responded_at,outcome) VALUES (45,80,15,1,'2024-08-17 00:00:00','2024-08-17 04:00:00','accepted');
INSERT IGNORE INTO properties (id,landlord_id,title,property_type,address,city,postcode,state,latitude,longitude,maps_url,monthly_rent,deposit,description,facilities,furnishing,status,assigned_agent_id,agent_assigned_at,agent_status,viewing_mode,agent_verified_at,agent_verified_by,created_at,updated_at) VALUES (81,243,'UTeM Area Room #81','room','No. 32, Jalan Tasik Utama, Ayer Keroh, Melaka','Ayer Keroh','75450','Melaka','2.2721000','102.2854000','https://maps.google.com/?q=2.2721000,102.2854000',290.00,580.00,'Fully furnished studio unit with modern amenities. Quiet neighbourhood.','WiFi,Air Conditioning,Water Heater,Kitchen,Parking','none','rented',16,'2024-08-19 00:00:00','accepted','landlord_led','2024-08-22 00:00:00',16,'2024-08-19 00:00:00','2024-08-19 00:00:00');
INSERT IGNORE INTO property_images (id,property_id,image_path,is_primary,uploaded_at) VALUES (1094,81,'uploads/properties/img1.jpg',1,'2024-08-19 00:00:00');
INSERT IGNORE INTO property_images (id,property_id,image_path,is_primary,uploaded_at) VALUES (1095,81,'uploads/properties/img2.jpg',0,'2024-08-19 00:00:00');
INSERT IGNORE INTO property_documents (id,property_id,document_type,file_path,original_name,file_size,mime_type,uploaded_by,uploaded_at,notes) VALUES (1047,81,'ownership_proof','uploads/docs/81/ownership.pdf','ownership_proof.pdf',204800,'application/pdf',243,'2024-08-19 00:00:00',NULL);
INSERT IGNORE INTO property_agent_assignments (id,property_id,agent_id,round_number,assigned_at,responded_at,outcome) VALUES (46,81,16,1,'2024-08-19 00:00:00','2024-08-19 04:00:00','accepted');
INSERT IGNORE INTO properties (id,landlord_id,title,property_type,address,city,postcode,state,latitude,longitude,maps_url,monthly_rent,deposit,description,facilities,furnishing,status,assigned_agent_id,agent_assigned_at,agent_status,viewing_mode,agent_verified_at,agent_verified_by,created_at,updated_at) VALUES (82,244,'UTeM Area Room #82','room','No. 33, Lorong Tasik 1, Ayer Keroh, Melaka','Ayer Keroh','75450','Melaka','2.2650000','102.2800000','https://maps.google.com/?q=2.2650000,102.2800000',310.00,620.00,'Spacious whole unit suitable for group of students. Near supermarket and food court.','WiFi,Air Conditioning,Washing Machine,Refrigerator,Kitchen,Parking','partial','rented',34,'2024-08-21 00:00:00','accepted','agent_led','2024-08-24 00:00:00',34,'2024-08-21 00:00:00','2024-08-21 00:00:00');
INSERT IGNORE INTO property_images (id,property_id,image_path,is_primary,uploaded_at) VALUES (1096,82,'uploads/properties/img1.jpg',1,'2024-08-21 00:00:00');
INSERT IGNORE INTO property_images (id,property_id,image_path,is_primary,uploaded_at) VALUES (1097,82,'uploads/properties/img2.jpg',0,'2024-08-21 00:00:00');
INSERT IGNORE INTO property_documents (id,property_id,document_type,file_path,original_name,file_size,mime_type,uploaded_by,uploaded_at,notes) VALUES (1048,82,'ownership_proof','uploads/docs/82/ownership.pdf','ownership_proof.pdf',204800,'application/pdf',244,'2024-08-21 00:00:00',NULL);
INSERT IGNORE INTO property_agent_assignments (id,property_id,agent_id,round_number,assigned_at,responded_at,outcome) VALUES (47,82,34,1,'2024-08-21 00:00:00','2024-08-21 04:00:00','accepted');
INSERT IGNORE INTO properties (id,landlord_id,title,property_type,address,city,postcode,state,latitude,longitude,maps_url,monthly_rent,deposit,description,facilities,furnishing,status,assigned_agent_id,agent_assigned_at,agent_status,viewing_mode,agent_verified_at,agent_verified_by,created_at,updated_at) VALUES (83,245,'UTeM Area Room #83','room','No. 34, Persiaran Scientex, Durian Tunggal, Melaka','Durian Tunggal','76100','Melaka','2.5010000','102.1990000','https://maps.google.com/?q=2.5010000,102.1990000',300.00,600.00,'Single room with air conditioning and WiFi. Shared kitchen and bathroom.','WiFi,Air Conditioning,Wardrobe,Study Table,Kitchen','full','rented',35,'2024-08-23 00:00:00','accepted','either','2024-08-26 00:00:00',35,'2024-08-23 00:00:00','2024-08-23 00:00:00');
INSERT IGNORE INTO property_images (id,property_id,image_path,is_primary,uploaded_at) VALUES (1098,83,'uploads/properties/img1.jpg',1,'2024-08-23 00:00:00');
INSERT IGNORE INTO property_images (id,property_id,image_path,is_primary,uploaded_at) VALUES (1099,83,'uploads/properties/img2.jpg',0,'2024-08-23 00:00:00');
INSERT IGNORE INTO property_documents (id,property_id,document_type,file_path,original_name,file_size,mime_type,uploaded_by,uploaded_at,notes) VALUES (1049,83,'ownership_proof','uploads/docs/83/ownership.pdf','ownership_proof.pdf',204800,'application/pdf',245,'2024-08-23 00:00:00',NULL);
INSERT IGNORE INTO property_agent_assignments (id,property_id,agent_id,round_number,assigned_at,responded_at,outcome) VALUES (48,83,35,1,'2024-08-23 00:00:00','2024-08-23 04:00:00','accepted');
INSERT IGNORE INTO properties (id,landlord_id,title,property_type,address,city,postcode,state,latitude,longitude,maps_url,monthly_rent,deposit,description,facilities,furnishing,status,assigned_agent_id,agent_assigned_at,agent_status,viewing_mode,agent_verified_at,agent_verified_by,created_at,updated_at) VALUES (84,246,'UTeM Area Room #84','room','No. 35, Jalan Durian Tunggal, Durian Tunggal, Melaka','Durian Tunggal','76100','Melaka','2.4937000','102.2048000','https://maps.google.com/?q=2.4937000,102.2048000',320.00,640.00,'Master bedroom with private bathroom in a shared house.','WiFi,Air Conditioning,Wardrobe,Study Table,Washing Machine,Parking','none','pending_approval',NULL,NULL,NULL,'landlord_led',NULL,NULL,'2024-08-25 00:00:00','2024-08-25 00:00:00');
INSERT IGNORE INTO property_images (id,property_id,image_path,is_primary,uploaded_at) VALUES (1100,84,'uploads/properties/img1.jpg',1,'2024-08-25 00:00:00');
INSERT IGNORE INTO property_images (id,property_id,image_path,is_primary,uploaded_at) VALUES (1101,84,'uploads/properties/img2.jpg',0,'2024-08-25 00:00:00');
INSERT IGNORE INTO property_documents (id,property_id,document_type,file_path,original_name,file_size,mime_type,uploaded_by,uploaded_at,notes) VALUES (1050,84,'ownership_proof','uploads/docs/84/ownership.pdf','ownership_proof.pdf',204800,'application/pdf',246,'2024-08-25 00:00:00',NULL);
INSERT IGNORE INTO properties (id,landlord_id,title,property_type,address,city,postcode,state,latitude,longitude,maps_url,monthly_rent,deposit,description,facilities,furnishing,status,assigned_agent_id,agent_assigned_at,agent_status,viewing_mode,agent_verified_at,agent_verified_by,created_at,updated_at) VALUES (85,247,'UTeM Area Room #85','room','No. 36, Jalan Tasik Utama, Ayer Keroh, Melaka','Ayer Keroh','75450','Melaka','2.2721000','102.2854000','https://maps.google.com/?q=2.2721000,102.2854000',285.00,570.00,'Studio apartment with city view. Fully furnished and ready to move in.','WiFi,Air Conditioning,Swimming Pool,Gym,Parking,Security','partial','rented',16,'2024-08-27 00:00:00','accepted','agent_led','2024-08-30 00:00:00',16,'2024-08-27 00:00:00','2024-08-27 00:00:00');
INSERT IGNORE INTO property_images (id,property_id,image_path,is_primary,uploaded_at) VALUES (1102,85,'uploads/properties/img1.jpg',1,'2024-08-27 00:00:00');
INSERT IGNORE INTO property_images (id,property_id,image_path,is_primary,uploaded_at) VALUES (1103,85,'uploads/properties/img2.jpg',0,'2024-08-27 00:00:00');
INSERT IGNORE INTO property_documents (id,property_id,document_type,file_path,original_name,file_size,mime_type,uploaded_by,uploaded_at,notes) VALUES (1051,85,'ownership_proof','uploads/docs/85/ownership.pdf','ownership_proof.pdf',204800,'application/pdf',247,'2024-08-27 00:00:00',NULL);
INSERT IGNORE INTO property_agent_assignments (id,property_id,agent_id,round_number,assigned_at,responded_at,outcome) VALUES (49,85,16,1,'2024-08-27 00:00:00','2024-08-27 04:00:00','accepted');
INSERT IGNORE INTO properties (id,landlord_id,title,property_type,address,city,postcode,state,latitude,longitude,maps_url,monthly_rent,deposit,description,facilities,furnishing,status,assigned_agent_id,agent_assigned_at,agent_status,viewing_mode,agent_verified_at,agent_verified_by,created_at,updated_at) VALUES (86,248,'UTeM Area Room #86','room','No. 37, Lorong Tasik 1, Ayer Keroh, Melaka','Ayer Keroh','75450','Melaka','2.2650000','102.2800000','https://maps.google.com/?q=2.2650000,102.2800000',295.00,590.00,'Double-storey house unit for rent. 3 rooms available for students.','WiFi,Fan,Washing Machine,Kitchen,Parking','full','rented',34,'2024-08-29 00:00:00','accepted','either','2024-09-01 00:00:00',34,'2024-08-29 00:00:00','2024-08-29 00:00:00');
INSERT IGNORE INTO property_images (id,property_id,image_path,is_primary,uploaded_at) VALUES (1104,86,'uploads/properties/img1.jpg',1,'2024-08-29 00:00:00');
INSERT IGNORE INTO property_images (id,property_id,image_path,is_primary,uploaded_at) VALUES (1105,86,'uploads/properties/img2.jpg',0,'2024-08-29 00:00:00');
INSERT IGNORE INTO property_documents (id,property_id,document_type,file_path,original_name,file_size,mime_type,uploaded_by,uploaded_at,notes) VALUES (1052,86,'ownership_proof','uploads/docs/86/ownership.pdf','ownership_proof.pdf',204800,'application/pdf',248,'2024-08-29 00:00:00',NULL);
INSERT IGNORE INTO property_agent_assignments (id,property_id,agent_id,round_number,assigned_at,responded_at,outcome) VALUES (50,86,34,1,'2024-08-29 00:00:00','2024-08-29 04:00:00','accepted');
INSERT IGNORE INTO properties (id,landlord_id,title,property_type,address,city,postcode,state,latitude,longitude,maps_url,monthly_rent,deposit,description,facilities,furnishing,status,assigned_agent_id,agent_assigned_at,agent_status,viewing_mode,agent_verified_at,agent_verified_by,created_at,updated_at) VALUES (87,249,'UTeM Area Room #87','room','No. 38, Persiaran Scientex, Durian Tunggal, Melaka','Durian Tunggal','76100','Melaka','2.5010000','102.1990000','https://maps.google.com/?q=2.5010000,102.1990000',305.00,610.00,'Cozy room near UTeM main gate. 5 minutes by bus to faculty.','WiFi,Air Conditioning,Water Heater,Wardrobe,Study Table,Kitchen,Parking,Security','none','rented',35,'2024-08-31 00:00:00','accepted','landlord_led','2024-09-03 00:00:00',35,'2024-08-31 00:00:00','2024-08-31 00:00:00');
INSERT IGNORE INTO property_images (id,property_id,image_path,is_primary,uploaded_at) VALUES (1106,87,'uploads/properties/img1.jpg',1,'2024-08-31 00:00:00');
INSERT IGNORE INTO property_images (id,property_id,image_path,is_primary,uploaded_at) VALUES (1107,87,'uploads/properties/img2.jpg',0,'2024-08-31 00:00:00');
INSERT IGNORE INTO property_documents (id,property_id,document_type,file_path,original_name,file_size,mime_type,uploaded_by,uploaded_at,notes) VALUES (1053,87,'ownership_proof','uploads/docs/87/ownership.pdf','ownership_proof.pdf',204800,'application/pdf',249,'2024-08-31 00:00:00',NULL);
INSERT IGNORE INTO property_agent_assignments (id,property_id,agent_id,round_number,assigned_at,responded_at,outcome) VALUES (51,87,35,1,'2024-08-31 00:00:00','2024-08-31 04:00:00','accepted');
INSERT IGNORE INTO properties (id,landlord_id,title,property_type,address,city,postcode,state,latitude,longitude,maps_url,monthly_rent,deposit,description,facilities,furnishing,status,assigned_agent_id,agent_assigned_at,agent_status,viewing_mode,agent_verified_at,agent_verified_by,created_at,updated_at) VALUES (88,250,'UTeM Area Room #88','room','No. 39, Jalan Durian Tunggal, Durian Tunggal, Melaka','Durian Tunggal','76100','Melaka','2.4937000','102.2048000','https://maps.google.com/?q=2.4937000,102.2048000',315.00,630.00,'Comfortable room with attached bathroom, suitable for UTeM students. Close to campus bus stop.','WiFi,Air Conditioning,Washing Machine,Kitchen','partial','rented',15,'2024-09-02 00:00:00','accepted','landlord_led','2024-09-05 00:00:00',15,'2024-09-02 00:00:00','2024-09-02 00:00:00');
INSERT IGNORE INTO property_images (id,property_id,image_path,is_primary,uploaded_at) VALUES (1108,88,'uploads/properties/img1.jpg',1,'2024-09-02 00:00:00');
INSERT IGNORE INTO property_images (id,property_id,image_path,is_primary,uploaded_at) VALUES (1109,88,'uploads/properties/img2.jpg',0,'2024-09-02 00:00:00');
INSERT IGNORE INTO property_documents (id,property_id,document_type,file_path,original_name,file_size,mime_type,uploaded_by,uploaded_at,notes) VALUES (1054,88,'ownership_proof','uploads/docs/88/ownership.pdf','ownership_proof.pdf',204800,'application/pdf',250,'2024-09-02 00:00:00',NULL);
INSERT IGNORE INTO property_agent_assignments (id,property_id,agent_id,round_number,assigned_at,responded_at,outcome) VALUES (52,88,15,1,'2024-09-02 00:00:00','2024-09-02 04:00:00','accepted');
INSERT IGNORE INTO properties (id,landlord_id,title,property_type,address,city,postcode,state,latitude,longitude,maps_url,monthly_rent,deposit,description,facilities,furnishing,status,assigned_agent_id,agent_assigned_at,agent_status,viewing_mode,agent_verified_at,agent_verified_by,created_at,updated_at) VALUES (89,251,'UTeM Area Room #89','room','No. 40, Jalan Tasik Utama, Ayer Keroh, Melaka','Ayer Keroh','75450','Melaka','2.2721000','102.2854000','https://maps.google.com/?q=2.2721000,102.2854000',280.00,560.00,'Fully furnished studio unit with modern amenities. Quiet neighbourhood.','WiFi,Air Conditioning,Water Heater,Kitchen,Parking','full','rented',16,'2024-09-04 00:00:00','accepted','either','2024-09-07 00:00:00',16,'2024-09-04 00:00:00','2024-09-04 00:00:00');
INSERT IGNORE INTO property_images (id,property_id,image_path,is_primary,uploaded_at) VALUES (1110,89,'uploads/properties/img1.jpg',1,'2024-09-04 00:00:00');
INSERT IGNORE INTO property_images (id,property_id,image_path,is_primary,uploaded_at) VALUES (1111,89,'uploads/properties/img2.jpg',0,'2024-09-04 00:00:00');
INSERT IGNORE INTO property_documents (id,property_id,document_type,file_path,original_name,file_size,mime_type,uploaded_by,uploaded_at,notes) VALUES (1055,89,'ownership_proof','uploads/docs/89/ownership.pdf','ownership_proof.pdf',204800,'application/pdf',251,'2024-09-04 00:00:00',NULL);
INSERT IGNORE INTO property_agent_assignments (id,property_id,agent_id,round_number,assigned_at,responded_at,outcome) VALUES (53,89,16,1,'2024-09-04 00:00:00','2024-09-04 04:00:00','accepted');
INSERT IGNORE INTO properties (id,landlord_id,title,property_type,address,city,postcode,state,latitude,longitude,maps_url,monthly_rent,deposit,description,facilities,furnishing,status,assigned_agent_id,agent_assigned_at,agent_status,viewing_mode,agent_verified_at,agent_verified_by,created_at,updated_at) VALUES (90,252,'UTeM Area Room #90','room','No. 41, Lorong Tasik 1, Ayer Keroh, Melaka','Ayer Keroh','75450','Melaka','2.2650000','102.2800000','https://maps.google.com/?q=2.2650000,102.2800000',280.00,560.00,'Spacious whole unit suitable for group of students. Near supermarket and food court.','WiFi,Air Conditioning,Washing Machine,Refrigerator,Kitchen,Parking','none','rented',34,'2024-09-06 00:00:00','accepted','landlord_led','2024-09-09 00:00:00',34,'2024-09-06 00:00:00','2024-09-06 00:00:00');
INSERT IGNORE INTO property_images (id,property_id,image_path,is_primary,uploaded_at) VALUES (1112,90,'uploads/properties/img1.jpg',1,'2024-09-06 00:00:00');
INSERT IGNORE INTO property_images (id,property_id,image_path,is_primary,uploaded_at) VALUES (1113,90,'uploads/properties/img2.jpg',0,'2024-09-06 00:00:00');
INSERT IGNORE INTO property_documents (id,property_id,document_type,file_path,original_name,file_size,mime_type,uploaded_by,uploaded_at,notes) VALUES (1056,90,'ownership_proof','uploads/docs/90/ownership.pdf','ownership_proof.pdf',204800,'application/pdf',252,'2024-09-06 00:00:00',NULL);
INSERT IGNORE INTO property_agent_assignments (id,property_id,agent_id,round_number,assigned_at,responded_at,outcome) VALUES (54,90,34,1,'2024-09-06 00:00:00','2024-09-06 04:00:00','accepted');
INSERT IGNORE INTO properties (id,landlord_id,title,property_type,address,city,postcode,state,latitude,longitude,maps_url,monthly_rent,deposit,description,facilities,furnishing,status,assigned_agent_id,agent_assigned_at,agent_status,viewing_mode,agent_verified_at,agent_verified_by,created_at,updated_at) VALUES (91,253,'UTeM Area Room #91','room','No. 42, Persiaran Scientex, Durian Tunggal, Melaka','Durian Tunggal','76100','Melaka','2.5010000','102.1990000','https://maps.google.com/?q=2.5010000,102.1990000',290.00,580.00,'Single room with air conditioning and WiFi. Shared kitchen and bathroom.','WiFi,Air Conditioning,Wardrobe,Study Table,Kitchen','partial','available',35,'2024-09-08 00:00:00','accepted','agent_led','2024-09-11 00:00:00',35,'2024-09-08 00:00:00','2024-09-08 00:00:00');
INSERT IGNORE INTO property_images (id,property_id,image_path,is_primary,uploaded_at) VALUES (1114,91,'uploads/properties/img1.jpg',1,'2024-09-08 00:00:00');
INSERT IGNORE INTO property_images (id,property_id,image_path,is_primary,uploaded_at) VALUES (1115,91,'uploads/properties/img2.jpg',0,'2024-09-08 00:00:00');
INSERT IGNORE INTO property_documents (id,property_id,document_type,file_path,original_name,file_size,mime_type,uploaded_by,uploaded_at,notes) VALUES (1057,91,'ownership_proof','uploads/docs/91/ownership.pdf','ownership_proof.pdf',204800,'application/pdf',253,'2024-09-08 00:00:00',NULL);
INSERT IGNORE INTO property_agent_assignments (id,property_id,agent_id,round_number,assigned_at,responded_at,outcome) VALUES (55,91,35,1,'2024-09-08 00:00:00','2024-09-08 04:00:00','accepted');
INSERT IGNORE INTO properties (id,landlord_id,title,property_type,address,city,postcode,state,latitude,longitude,maps_url,monthly_rent,deposit,description,facilities,furnishing,status,assigned_agent_id,agent_assigned_at,agent_status,viewing_mode,agent_verified_at,agent_verified_by,created_at,updated_at) VALUES (92,254,'UTeM Area Whole_unit #92','whole_unit','No. 43, Jalan Durian Tunggal, Durian Tunggal, Melaka','Durian Tunggal','76100','Melaka','2.4937000','102.2048000','https://maps.google.com/?q=2.4937000,102.2048000',1100.00,2200.00,'Master bedroom with private bathroom in a shared house.','WiFi,Air Conditioning,Wardrobe,Study Table,Washing Machine,Parking','full','rented',15,'2024-09-10 00:00:00','accepted','landlord_led','2024-09-13 00:00:00',15,'2024-09-10 00:00:00','2024-09-10 00:00:00');
INSERT IGNORE INTO property_images (id,property_id,image_path,is_primary,uploaded_at) VALUES (1116,92,'uploads/properties/img1.jpg',1,'2024-09-10 00:00:00');
INSERT IGNORE INTO property_images (id,property_id,image_path,is_primary,uploaded_at) VALUES (1117,92,'uploads/properties/img2.jpg',0,'2024-09-10 00:00:00');
INSERT IGNORE INTO property_documents (id,property_id,document_type,file_path,original_name,file_size,mime_type,uploaded_by,uploaded_at,notes) VALUES (1058,92,'ownership_proof','uploads/docs/92/ownership.pdf','ownership_proof.pdf',204800,'application/pdf',254,'2024-09-10 00:00:00',NULL);
INSERT IGNORE INTO property_agent_assignments (id,property_id,agent_id,round_number,assigned_at,responded_at,outcome) VALUES (56,92,15,1,'2024-09-10 00:00:00','2024-09-10 04:00:00','accepted');
INSERT IGNORE INTO properties (id,landlord_id,title,property_type,address,city,postcode,state,latitude,longitude,maps_url,monthly_rent,deposit,description,facilities,furnishing,status,assigned_agent_id,agent_assigned_at,agent_status,viewing_mode,agent_verified_at,agent_verified_by,created_at,updated_at) VALUES (93,255,'UTeM Area Whole_unit #93','whole_unit','No. 44, Jalan Tasik Utama, Ayer Keroh, Melaka','Ayer Keroh','75450','Melaka','2.2721000','102.2854000','https://maps.google.com/?q=2.2721000,102.2854000',1150.00,2300.00,'Studio apartment with city view. Fully furnished and ready to move in.','WiFi,Air Conditioning,Swimming Pool,Gym,Parking,Security','none','rented',16,'2024-09-12 00:00:00','accepted','landlord_led','2024-09-15 00:00:00',16,'2024-09-12 00:00:00','2024-09-12 00:00:00');
INSERT IGNORE INTO property_images (id,property_id,image_path,is_primary,uploaded_at) VALUES (1118,93,'uploads/properties/img1.jpg',1,'2024-09-12 00:00:00');
INSERT IGNORE INTO property_images (id,property_id,image_path,is_primary,uploaded_at) VALUES (1119,93,'uploads/properties/img2.jpg',0,'2024-09-12 00:00:00');
INSERT IGNORE INTO property_documents (id,property_id,document_type,file_path,original_name,file_size,mime_type,uploaded_by,uploaded_at,notes) VALUES (1059,93,'ownership_proof','uploads/docs/93/ownership.pdf','ownership_proof.pdf',204800,'application/pdf',255,'2024-09-12 00:00:00',NULL);
INSERT IGNORE INTO property_agent_assignments (id,property_id,agent_id,round_number,assigned_at,responded_at,outcome) VALUES (57,93,16,1,'2024-09-12 00:00:00','2024-09-12 04:00:00','accepted');
INSERT IGNORE INTO properties (id,landlord_id,title,property_type,address,city,postcode,state,latitude,longitude,maps_url,monthly_rent,deposit,description,facilities,furnishing,status,assigned_agent_id,agent_assigned_at,agent_status,viewing_mode,agent_verified_at,agent_verified_by,created_at,updated_at) VALUES (94,256,'UTeM Area Whole_unit #94','whole_unit','No. 45, Lorong Tasik 1, Ayer Keroh, Melaka','Ayer Keroh','75450','Melaka','2.2650000','102.2800000','https://maps.google.com/?q=2.2650000,102.2800000',1200.00,2400.00,'Double-storey house unit for rent. 3 rooms available for students.','WiFi,Fan,Washing Machine,Kitchen,Parking','partial','rented',34,'2024-09-14 00:00:00','accepted','agent_led','2024-09-17 00:00:00',34,'2024-09-14 00:00:00','2024-09-14 00:00:00');
INSERT IGNORE INTO property_images (id,property_id,image_path,is_primary,uploaded_at) VALUES (1120,94,'uploads/properties/img1.jpg',1,'2024-09-14 00:00:00');
INSERT IGNORE INTO property_images (id,property_id,image_path,is_primary,uploaded_at) VALUES (1121,94,'uploads/properties/img2.jpg',0,'2024-09-14 00:00:00');
INSERT IGNORE INTO property_documents (id,property_id,document_type,file_path,original_name,file_size,mime_type,uploaded_by,uploaded_at,notes) VALUES (1060,94,'ownership_proof','uploads/docs/94/ownership.pdf','ownership_proof.pdf',204800,'application/pdf',256,'2024-09-14 00:00:00',NULL);
INSERT IGNORE INTO property_agent_assignments (id,property_id,agent_id,round_number,assigned_at,responded_at,outcome) VALUES (58,94,34,1,'2024-09-14 00:00:00','2024-09-14 04:00:00','accepted');
INSERT IGNORE INTO properties (id,landlord_id,title,property_type,address,city,postcode,state,latitude,longitude,maps_url,monthly_rent,deposit,description,facilities,furnishing,status,assigned_agent_id,agent_assigned_at,agent_status,viewing_mode,agent_verified_at,agent_verified_by,created_at,updated_at) VALUES (95,257,'UTeM Area Whole_unit #95','whole_unit','No. 46, Persiaran Scientex, Durian Tunggal, Melaka','Durian Tunggal','76100','Melaka','2.5010000','102.1990000','https://maps.google.com/?q=2.5010000,102.1990000',1000.00,2000.00,'Cozy room near UTeM main gate. 5 minutes by bus to faculty.','WiFi,Air Conditioning,Water Heater,Wardrobe,Study Table,Kitchen,Parking,Security','full','rented',35,'2024-09-16 00:00:00','accepted','either','2024-09-19 00:00:00',35,'2024-09-16 00:00:00','2024-09-16 00:00:00');
INSERT IGNORE INTO property_images (id,property_id,image_path,is_primary,uploaded_at) VALUES (1122,95,'uploads/properties/img1.jpg',1,'2024-09-16 00:00:00');
INSERT IGNORE INTO property_images (id,property_id,image_path,is_primary,uploaded_at) VALUES (1123,95,'uploads/properties/img2.jpg',0,'2024-09-16 00:00:00');
INSERT IGNORE INTO property_documents (id,property_id,document_type,file_path,original_name,file_size,mime_type,uploaded_by,uploaded_at,notes) VALUES (1061,95,'ownership_proof','uploads/docs/95/ownership.pdf','ownership_proof.pdf',204800,'application/pdf',257,'2024-09-16 00:00:00',NULL);
INSERT IGNORE INTO property_agent_assignments (id,property_id,agent_id,round_number,assigned_at,responded_at,outcome) VALUES (59,95,35,1,'2024-09-16 00:00:00','2024-09-16 04:00:00','accepted');
INSERT IGNORE INTO properties (id,landlord_id,title,property_type,address,city,postcode,state,latitude,longitude,maps_url,monthly_rent,deposit,description,facilities,furnishing,status,assigned_agent_id,agent_assigned_at,agent_status,viewing_mode,agent_verified_at,agent_verified_by,created_at,updated_at) VALUES (96,258,'UTeM Area Whole_unit #96','whole_unit','No. 47, Jalan Durian Tunggal, Durian Tunggal, Melaka','Durian Tunggal','76100','Melaka','2.4937000','102.2048000','https://maps.google.com/?q=2.4937000,102.2048000',1100.00,2200.00,'Comfortable room with attached bathroom, suitable for UTeM students. Close to campus bus stop.','WiFi,Air Conditioning,Washing Machine,Kitchen','none','pending_approval',NULL,NULL,NULL,'landlord_led',NULL,NULL,'2024-09-18 00:00:00','2024-09-18 00:00:00');
INSERT IGNORE INTO property_images (id,property_id,image_path,is_primary,uploaded_at) VALUES (1124,96,'uploads/properties/img1.jpg',1,'2024-09-18 00:00:00');
INSERT IGNORE INTO property_images (id,property_id,image_path,is_primary,uploaded_at) VALUES (1125,96,'uploads/properties/img2.jpg',0,'2024-09-18 00:00:00');
INSERT IGNORE INTO property_documents (id,property_id,document_type,file_path,original_name,file_size,mime_type,uploaded_by,uploaded_at,notes) VALUES (1062,96,'ownership_proof','uploads/docs/96/ownership.pdf','ownership_proof.pdf',204800,'application/pdf',258,'2024-09-18 00:00:00',NULL);
INSERT IGNORE INTO properties (id,landlord_id,title,property_type,address,city,postcode,state,latitude,longitude,maps_url,monthly_rent,deposit,description,facilities,furnishing,status,assigned_agent_id,agent_assigned_at,agent_status,viewing_mode,agent_verified_at,agent_verified_by,created_at,updated_at) VALUES (97,259,'UTeM Area Studio #97','studio','No. 48, Jalan Tasik Utama, Ayer Keroh, Melaka','Ayer Keroh','75450','Melaka','2.2721000','102.2854000','https://maps.google.com/?q=2.2721000,102.2854000',800.00,1600.00,'Fully furnished studio unit with modern amenities. Quiet neighbourhood.','WiFi,Air Conditioning,Water Heater,Kitchen,Parking','partial','rented',16,'2024-09-20 00:00:00','accepted','agent_led','2024-09-23 00:00:00',16,'2024-09-20 00:00:00','2024-09-20 00:00:00');
INSERT IGNORE INTO property_images (id,property_id,image_path,is_primary,uploaded_at) VALUES (1126,97,'uploads/properties/img1.jpg',1,'2024-09-20 00:00:00');
INSERT IGNORE INTO property_images (id,property_id,image_path,is_primary,uploaded_at) VALUES (1127,97,'uploads/properties/img2.jpg',0,'2024-09-20 00:00:00');
INSERT IGNORE INTO property_documents (id,property_id,document_type,file_path,original_name,file_size,mime_type,uploaded_by,uploaded_at,notes) VALUES (1063,97,'ownership_proof','uploads/docs/97/ownership.pdf','ownership_proof.pdf',204800,'application/pdf',259,'2024-09-20 00:00:00',NULL);
INSERT IGNORE INTO property_agent_assignments (id,property_id,agent_id,round_number,assigned_at,responded_at,outcome) VALUES (60,97,16,1,'2024-09-20 00:00:00','2024-09-20 04:00:00','accepted');
INSERT IGNORE INTO properties (id,landlord_id,title,property_type,address,city,postcode,state,latitude,longitude,maps_url,monthly_rent,deposit,description,facilities,furnishing,status,assigned_agent_id,agent_assigned_at,agent_status,viewing_mode,agent_verified_at,agent_verified_by,created_at,updated_at) VALUES (98,260,'UTeM Area Studio #98','studio','No. 49, Lorong Tasik 1, Ayer Keroh, Melaka','Ayer Keroh','75450','Melaka','2.2650000','102.2800000','https://maps.google.com/?q=2.2650000,102.2800000',700.00,1400.00,'Spacious whole unit suitable for group of students. Near supermarket and food court.','WiFi,Air Conditioning,Washing Machine,Refrigerator,Kitchen,Parking','full','available',34,'2024-09-22 00:00:00','accepted','either','2024-09-25 00:00:00',34,'2024-09-22 00:00:00','2024-09-22 00:00:00');
INSERT IGNORE INTO property_images (id,property_id,image_path,is_primary,uploaded_at) VALUES (1128,98,'uploads/properties/img1.jpg',1,'2024-09-22 00:00:00');
INSERT IGNORE INTO property_images (id,property_id,image_path,is_primary,uploaded_at) VALUES (1129,98,'uploads/properties/img2.jpg',0,'2024-09-22 00:00:00');
INSERT IGNORE INTO property_documents (id,property_id,document_type,file_path,original_name,file_size,mime_type,uploaded_by,uploaded_at,notes) VALUES (1064,98,'ownership_proof','uploads/docs/98/ownership.pdf','ownership_proof.pdf',204800,'application/pdf',260,'2024-09-22 00:00:00',NULL);
INSERT IGNORE INTO property_agent_assignments (id,property_id,agent_id,round_number,assigned_at,responded_at,outcome) VALUES (61,98,34,1,'2024-09-22 00:00:00','2024-09-22 04:00:00','accepted');
INSERT IGNORE INTO properties (id,landlord_id,title,property_type,address,city,postcode,state,latitude,longitude,maps_url,monthly_rent,deposit,description,facilities,furnishing,status,assigned_agent_id,agent_assigned_at,agent_status,viewing_mode,agent_verified_at,agent_verified_by,created_at,updated_at) VALUES (99,236,'UTeM Area Studio #99','studio','No. 50, Persiaran Scientex, Durian Tunggal, Melaka','Durian Tunggal','76100','Melaka','2.5010000','102.1990000','https://maps.google.com/?q=2.5010000,102.1990000',780.00,1560.00,'Single room with air conditioning and WiFi. Shared kitchen and bathroom.','WiFi,Air Conditioning,Wardrobe,Study Table,Kitchen','none','rented',35,'2024-09-24 00:00:00','accepted','landlord_led','2024-09-27 00:00:00',35,'2024-09-24 00:00:00','2024-09-24 00:00:00');
INSERT IGNORE INTO property_images (id,property_id,image_path,is_primary,uploaded_at) VALUES (1130,99,'uploads/properties/img1.jpg',1,'2024-09-24 00:00:00');
INSERT IGNORE INTO property_images (id,property_id,image_path,is_primary,uploaded_at) VALUES (1131,99,'uploads/properties/img2.jpg',0,'2024-09-24 00:00:00');
INSERT IGNORE INTO property_documents (id,property_id,document_type,file_path,original_name,file_size,mime_type,uploaded_by,uploaded_at,notes) VALUES (1065,99,'ownership_proof','uploads/docs/99/ownership.pdf','ownership_proof.pdf',204800,'application/pdf',236,'2024-09-24 00:00:00',NULL);
INSERT IGNORE INTO property_agent_assignments (id,property_id,agent_id,round_number,assigned_at,responded_at,outcome) VALUES (62,99,35,1,'2024-09-24 00:00:00','2024-09-24 04:00:00','accepted');
INSERT IGNORE INTO properties (id,landlord_id,title,property_type,address,city,postcode,state,latitude,longitude,maps_url,monthly_rent,deposit,description,facilities,furnishing,status,assigned_agent_id,agent_assigned_at,agent_status,viewing_mode,agent_verified_at,agent_verified_by,created_at,updated_at) VALUES (100,237,'UTeM Area Room #100','room','No. 1, Jalan Durian Tunggal, Durian Tunggal, Melaka','Durian Tunggal','76100','Melaka','2.4937000','102.2048000','https://maps.google.com/?q=2.4937000,102.2048000',285.00,570.00,'Master bedroom with private bathroom in a shared house.','WiFi,Air Conditioning,Wardrobe,Study Table,Washing Machine,Parking','partial','rented',15,'2024-09-26 00:00:00','accepted','landlord_led','2024-09-29 00:00:00',15,'2024-09-26 00:00:00','2024-09-26 00:00:00');
INSERT IGNORE INTO property_images (id,property_id,image_path,is_primary,uploaded_at) VALUES (1132,100,'uploads/properties/img1.jpg',1,'2024-09-26 00:00:00');
INSERT IGNORE INTO property_images (id,property_id,image_path,is_primary,uploaded_at) VALUES (1133,100,'uploads/properties/img2.jpg',0,'2024-09-26 00:00:00');
INSERT IGNORE INTO property_documents (id,property_id,document_type,file_path,original_name,file_size,mime_type,uploaded_by,uploaded_at,notes) VALUES (1066,100,'ownership_proof','uploads/docs/100/ownership.pdf','ownership_proof.pdf',204800,'application/pdf',237,'2024-09-26 00:00:00',NULL);
INSERT IGNORE INTO property_agent_assignments (id,property_id,agent_id,round_number,assigned_at,responded_at,outcome) VALUES (63,100,15,1,'2024-09-26 00:00:00','2024-09-26 04:00:00','accepted');
INSERT IGNORE INTO properties (id,landlord_id,title,property_type,address,city,postcode,state,latitude,longitude,maps_url,monthly_rent,deposit,description,facilities,furnishing,status,assigned_agent_id,agent_assigned_at,agent_status,viewing_mode,agent_verified_at,agent_verified_by,created_at,updated_at) VALUES (101,238,'UTeM Area Room #101','room','No. 2, Jalan Tasik Utama, Ayer Keroh, Melaka','Ayer Keroh','75450','Melaka','2.2721000','102.2854000','https://maps.google.com/?q=2.2721000,102.2854000',295.00,590.00,'Studio apartment with city view. Fully furnished and ready to move in.','WiFi,Air Conditioning,Swimming Pool,Gym,Parking,Security','full','rented',16,'2024-09-28 00:00:00','accepted','either','2024-10-01 00:00:00',16,'2024-09-28 00:00:00','2024-09-28 00:00:00');
INSERT IGNORE INTO property_images (id,property_id,image_path,is_primary,uploaded_at) VALUES (1134,101,'uploads/properties/img1.jpg',1,'2024-09-28 00:00:00');
INSERT IGNORE INTO property_images (id,property_id,image_path,is_primary,uploaded_at) VALUES (1135,101,'uploads/properties/img2.jpg',0,'2024-09-28 00:00:00');
INSERT IGNORE INTO property_documents (id,property_id,document_type,file_path,original_name,file_size,mime_type,uploaded_by,uploaded_at,notes) VALUES (1067,101,'ownership_proof','uploads/docs/101/ownership.pdf','ownership_proof.pdf',204800,'application/pdf',238,'2024-09-28 00:00:00',NULL);
INSERT IGNORE INTO property_agent_assignments (id,property_id,agent_id,round_number,assigned_at,responded_at,outcome) VALUES (64,101,16,1,'2024-09-28 00:00:00','2024-09-28 04:00:00','accepted');
INSERT IGNORE INTO properties (id,landlord_id,title,property_type,address,city,postcode,state,latitude,longitude,maps_url,monthly_rent,deposit,description,facilities,furnishing,status,assigned_agent_id,agent_assigned_at,agent_status,viewing_mode,agent_verified_at,agent_verified_by,created_at,updated_at) VALUES (102,239,'UTeM Area Room #102','room','No. 3, Lorong Tasik 1, Ayer Keroh, Melaka','Ayer Keroh','75450','Melaka','2.2650000','102.2800000','https://maps.google.com/?q=2.2650000,102.2800000',305.00,610.00,'Double-storey house unit for rent. 3 rooms available for students.','WiFi,Fan,Washing Machine,Kitchen,Parking','none','rented',34,'2024-09-30 00:00:00','accepted','landlord_led','2024-10-03 00:00:00',34,'2024-09-30 00:00:00','2024-09-30 00:00:00');
INSERT IGNORE INTO property_images (id,property_id,image_path,is_primary,uploaded_at) VALUES (1136,102,'uploads/properties/img1.jpg',1,'2024-09-30 00:00:00');
INSERT IGNORE INTO property_images (id,property_id,image_path,is_primary,uploaded_at) VALUES (1137,102,'uploads/properties/img2.jpg',0,'2024-09-30 00:00:00');
INSERT IGNORE INTO property_documents (id,property_id,document_type,file_path,original_name,file_size,mime_type,uploaded_by,uploaded_at,notes) VALUES (1068,102,'ownership_proof','uploads/docs/102/ownership.pdf','ownership_proof.pdf',204800,'application/pdf',239,'2024-09-30 00:00:00',NULL);
INSERT IGNORE INTO property_agent_assignments (id,property_id,agent_id,round_number,assigned_at,responded_at,outcome) VALUES (65,102,34,1,'2024-09-30 00:00:00','2024-09-30 04:00:00','accepted');
INSERT IGNORE INTO properties (id,landlord_id,title,property_type,address,city,postcode,state,latitude,longitude,maps_url,monthly_rent,deposit,description,facilities,furnishing,status,assigned_agent_id,agent_assigned_at,agent_status,viewing_mode,agent_verified_at,agent_verified_by,created_at,updated_at) VALUES (103,240,'UTeM Area Room #103','room','No. 4, Persiaran Scientex, Durian Tunggal, Melaka','Durian Tunggal','76100','Melaka','2.5010000','102.1990000','https://maps.google.com/?q=2.5010000,102.1990000',315.00,630.00,'Cozy room near UTeM main gate. 5 minutes by bus to faculty.','WiFi,Air Conditioning,Water Heater,Wardrobe,Study Table,Kitchen,Parking,Security','partial','rented',35,'2024-10-02 00:00:00','accepted','agent_led','2024-10-05 00:00:00',35,'2024-10-02 00:00:00','2024-10-02 00:00:00');
INSERT IGNORE INTO property_images (id,property_id,image_path,is_primary,uploaded_at) VALUES (1138,103,'uploads/properties/img1.jpg',1,'2024-10-02 00:00:00');
INSERT IGNORE INTO property_images (id,property_id,image_path,is_primary,uploaded_at) VALUES (1139,103,'uploads/properties/img2.jpg',0,'2024-10-02 00:00:00');
INSERT IGNORE INTO property_documents (id,property_id,document_type,file_path,original_name,file_size,mime_type,uploaded_by,uploaded_at,notes) VALUES (1069,103,'ownership_proof','uploads/docs/103/ownership.pdf','ownership_proof.pdf',204800,'application/pdf',240,'2024-10-02 00:00:00',NULL);
INSERT IGNORE INTO property_agent_assignments (id,property_id,agent_id,round_number,assigned_at,responded_at,outcome) VALUES (66,103,35,1,'2024-10-02 00:00:00','2024-10-02 04:00:00','accepted');
INSERT IGNORE INTO properties (id,landlord_id,title,property_type,address,city,postcode,state,latitude,longitude,maps_url,monthly_rent,deposit,description,facilities,furnishing,status,assigned_agent_id,agent_assigned_at,agent_status,viewing_mode,agent_verified_at,agent_verified_by,created_at,updated_at) VALUES (104,241,'UTeM Area Room #104','room','No. 5, Jalan Durian Tunggal, Durian Tunggal, Melaka','Durian Tunggal','76100','Melaka','2.4937000','102.2048000','https://maps.google.com/?q=2.4937000,102.2048000',280.00,560.00,'Comfortable room with attached bathroom, suitable for UTeM students. Close to campus bus stop.','WiFi,Air Conditioning,Washing Machine,Kitchen','full','rented',15,'2024-10-04 00:00:00','accepted','landlord_led','2024-10-07 00:00:00',15,'2024-10-04 00:00:00','2024-10-04 00:00:00');
INSERT IGNORE INTO property_images (id,property_id,image_path,is_primary,uploaded_at) VALUES (1140,104,'uploads/properties/img1.jpg',1,'2024-10-04 00:00:00');
INSERT IGNORE INTO property_images (id,property_id,image_path,is_primary,uploaded_at) VALUES (1141,104,'uploads/properties/img2.jpg',0,'2024-10-04 00:00:00');
INSERT IGNORE INTO property_documents (id,property_id,document_type,file_path,original_name,file_size,mime_type,uploaded_by,uploaded_at,notes) VALUES (1070,104,'ownership_proof','uploads/docs/104/ownership.pdf','ownership_proof.pdf',204800,'application/pdf',241,'2024-10-04 00:00:00',NULL);
INSERT IGNORE INTO property_agent_assignments (id,property_id,agent_id,round_number,assigned_at,responded_at,outcome) VALUES (67,104,15,1,'2024-10-04 00:00:00','2024-10-04 04:00:00','accepted');
INSERT IGNORE INTO properties (id,landlord_id,title,property_type,address,city,postcode,state,latitude,longitude,maps_url,monthly_rent,deposit,description,facilities,furnishing,status,assigned_agent_id,agent_assigned_at,agent_status,viewing_mode,agent_verified_at,agent_verified_by,created_at,updated_at) VALUES (105,242,'UTeM Area Room #105','room','No. 6, Jalan Tasik Utama, Ayer Keroh, Melaka','Ayer Keroh','75450','Melaka','2.2721000','102.2854000','https://maps.google.com/?q=2.2721000,102.2854000',280.00,560.00,'Fully furnished studio unit with modern amenities. Quiet neighbourhood.','WiFi,Air Conditioning,Water Heater,Kitchen,Parking','none','available',16,'2024-10-06 00:00:00','accepted','landlord_led','2024-10-09 00:00:00',16,'2024-10-06 00:00:00','2024-10-06 00:00:00');
INSERT IGNORE INTO property_images (id,property_id,image_path,is_primary,uploaded_at) VALUES (1142,105,'uploads/properties/img1.jpg',1,'2024-10-06 00:00:00');
INSERT IGNORE INTO property_images (id,property_id,image_path,is_primary,uploaded_at) VALUES (1143,105,'uploads/properties/img2.jpg',0,'2024-10-06 00:00:00');
INSERT IGNORE INTO property_documents (id,property_id,document_type,file_path,original_name,file_size,mime_type,uploaded_by,uploaded_at,notes) VALUES (1071,105,'ownership_proof','uploads/docs/105/ownership.pdf','ownership_proof.pdf',204800,'application/pdf',242,'2024-10-06 00:00:00',NULL);
INSERT IGNORE INTO property_agent_assignments (id,property_id,agent_id,round_number,assigned_at,responded_at,outcome) VALUES (68,105,16,1,'2024-10-06 00:00:00','2024-10-06 04:00:00','accepted');
INSERT IGNORE INTO properties (id,landlord_id,title,property_type,address,city,postcode,state,latitude,longitude,maps_url,monthly_rent,deposit,description,facilities,furnishing,status,assigned_agent_id,agent_assigned_at,agent_status,viewing_mode,agent_verified_at,agent_verified_by,created_at,updated_at) VALUES (106,243,'UTeM Area Room #106','room','No. 7, Lorong Tasik 1, Ayer Keroh, Melaka','Ayer Keroh','75450','Melaka','2.2650000','102.2800000','https://maps.google.com/?q=2.2650000,102.2800000',290.00,580.00,'Spacious whole unit suitable for group of students. Near supermarket and food court.','WiFi,Air Conditioning,Washing Machine,Refrigerator,Kitchen,Parking','partial','rented',34,'2024-10-08 00:00:00','accepted','agent_led','2024-10-11 00:00:00',34,'2024-10-08 00:00:00','2024-10-08 00:00:00');
INSERT IGNORE INTO property_images (id,property_id,image_path,is_primary,uploaded_at) VALUES (1144,106,'uploads/properties/img1.jpg',1,'2024-10-08 00:00:00');
INSERT IGNORE INTO property_images (id,property_id,image_path,is_primary,uploaded_at) VALUES (1145,106,'uploads/properties/img2.jpg',0,'2024-10-08 00:00:00');
INSERT IGNORE INTO property_documents (id,property_id,document_type,file_path,original_name,file_size,mime_type,uploaded_by,uploaded_at,notes) VALUES (1072,106,'ownership_proof','uploads/docs/106/ownership.pdf','ownership_proof.pdf',204800,'application/pdf',243,'2024-10-08 00:00:00',NULL);
INSERT IGNORE INTO property_agent_assignments (id,property_id,agent_id,round_number,assigned_at,responded_at,outcome) VALUES (69,106,34,1,'2024-10-08 00:00:00','2024-10-08 04:00:00','accepted');
INSERT IGNORE INTO properties (id,landlord_id,title,property_type,address,city,postcode,state,latitude,longitude,maps_url,monthly_rent,deposit,description,facilities,furnishing,status,assigned_agent_id,agent_assigned_at,agent_status,viewing_mode,agent_verified_at,agent_verified_by,created_at,updated_at) VALUES (107,244,'UTeM Area Room #107','room','No. 8, Persiaran Scientex, Durian Tunggal, Melaka','Durian Tunggal','76100','Melaka','2.5010000','102.1990000','https://maps.google.com/?q=2.5010000,102.1990000',300.00,600.00,'Single room with air conditioning and WiFi. Shared kitchen and bathroom.','WiFi,Air Conditioning,Wardrobe,Study Table,Kitchen','full','rented',35,'2024-10-10 00:00:00','accepted','either','2024-10-13 00:00:00',35,'2024-10-10 00:00:00','2024-10-10 00:00:00');
INSERT IGNORE INTO property_images (id,property_id,image_path,is_primary,uploaded_at) VALUES (1146,107,'uploads/properties/img1.jpg',1,'2024-10-10 00:00:00');
INSERT IGNORE INTO property_images (id,property_id,image_path,is_primary,uploaded_at) VALUES (1147,107,'uploads/properties/img2.jpg',0,'2024-10-10 00:00:00');
INSERT IGNORE INTO property_documents (id,property_id,document_type,file_path,original_name,file_size,mime_type,uploaded_by,uploaded_at,notes) VALUES (1073,107,'ownership_proof','uploads/docs/107/ownership.pdf','ownership_proof.pdf',204800,'application/pdf',244,'2024-10-10 00:00:00',NULL);
INSERT IGNORE INTO property_agent_assignments (id,property_id,agent_id,round_number,assigned_at,responded_at,outcome) VALUES (70,107,35,1,'2024-10-10 00:00:00','2024-10-10 04:00:00','accepted');
INSERT IGNORE INTO properties (id,landlord_id,title,property_type,address,city,postcode,state,latitude,longitude,maps_url,monthly_rent,deposit,description,facilities,furnishing,status,assigned_agent_id,agent_assigned_at,agent_status,viewing_mode,agent_verified_at,agent_verified_by,created_at,updated_at) VALUES (108,245,'UTeM Area Room #108','room','No. 9, Jalan Durian Tunggal, Durian Tunggal, Melaka','Durian Tunggal','76100','Melaka','2.4937000','102.2048000','https://maps.google.com/?q=2.4937000,102.2048000',310.00,620.00,'Master bedroom with private bathroom in a shared house.','WiFi,Air Conditioning,Wardrobe,Study Table,Washing Machine,Parking','none','pending_approval',NULL,NULL,NULL,'landlord_led',NULL,NULL,'2024-10-12 00:00:00','2024-10-12 00:00:00');
INSERT IGNORE INTO property_images (id,property_id,image_path,is_primary,uploaded_at) VALUES (1148,108,'uploads/properties/img1.jpg',1,'2024-10-12 00:00:00');
INSERT IGNORE INTO property_images (id,property_id,image_path,is_primary,uploaded_at) VALUES (1149,108,'uploads/properties/img2.jpg',0,'2024-10-12 00:00:00');
INSERT IGNORE INTO property_documents (id,property_id,document_type,file_path,original_name,file_size,mime_type,uploaded_by,uploaded_at,notes) VALUES (1074,108,'ownership_proof','uploads/docs/108/ownership.pdf','ownership_proof.pdf',204800,'application/pdf',245,'2024-10-12 00:00:00',NULL);

-- Sem 3 properties
INSERT IGNORE INTO properties (id,landlord_id,title,property_type,address,city,postcode,state,latitude,longitude,maps_url,monthly_rent,deposit,description,facilities,furnishing,status,assigned_agent_id,agent_assigned_at,agent_status,viewing_mode,agent_verified_at,agent_verified_by,created_at,updated_at) VALUES (109,236,'UTeM Area Room #109','room','No. 10, Jalan Tasik Utama, Ayer Keroh, Melaka','Ayer Keroh','75450','Melaka','2.2721000','102.2854000','https://maps.google.com/?q=2.2721000,102.2854000',320.00,640.00,'Studio apartment with city view. Fully furnished and ready to move in.','WiFi,Air Conditioning,Swimming Pool,Gym,Parking,Security','partial','rented',16,'2025-02-05 00:00:00','accepted','agent_led','2025-02-08 00:00:00',16,'2025-02-05 00:00:00','2025-02-05 00:00:00');
INSERT IGNORE INTO property_images (id,property_id,image_path,is_primary,uploaded_at) VALUES (1150,109,'uploads/properties/img1.jpg',1,'2025-02-05 00:00:00');
INSERT IGNORE INTO property_images (id,property_id,image_path,is_primary,uploaded_at) VALUES (1151,109,'uploads/properties/img2.jpg',0,'2025-02-05 00:00:00');
INSERT IGNORE INTO property_documents (id,property_id,document_type,file_path,original_name,file_size,mime_type,uploaded_by,uploaded_at,notes) VALUES (1075,109,'ownership_proof','uploads/docs/109/ownership.pdf','ownership_proof.pdf',204800,'application/pdf',236,'2025-02-05 00:00:00',NULL);
INSERT IGNORE INTO property_agent_assignments (id,property_id,agent_id,round_number,assigned_at,responded_at,outcome) VALUES (71,109,16,1,'2025-02-05 00:00:00','2025-02-05 04:00:00','accepted');
INSERT IGNORE INTO properties (id,landlord_id,title,property_type,address,city,postcode,state,latitude,longitude,maps_url,monthly_rent,deposit,description,facilities,furnishing,status,assigned_agent_id,agent_assigned_at,agent_status,viewing_mode,agent_verified_at,agent_verified_by,created_at,updated_at) VALUES (110,237,'UTeM Area Room #110','room','No. 11, Lorong Tasik 1, Ayer Keroh, Melaka','Ayer Keroh','75450','Melaka','2.2650000','102.2800000','https://maps.google.com/?q=2.2650000,102.2800000',280.00,560.00,'Double-storey house unit for rent. 3 rooms available for students.','WiFi,Fan,Washing Machine,Kitchen,Parking','full','pending_approval',NULL,NULL,NULL,'either',NULL,NULL,'2025-02-07 00:00:00','2025-02-07 00:00:00');
INSERT IGNORE INTO property_images (id,property_id,image_path,is_primary,uploaded_at) VALUES (1152,110,'uploads/properties/img1.jpg',1,'2025-02-07 00:00:00');
INSERT IGNORE INTO property_images (id,property_id,image_path,is_primary,uploaded_at) VALUES (1153,110,'uploads/properties/img2.jpg',0,'2025-02-07 00:00:00');
INSERT IGNORE INTO property_documents (id,property_id,document_type,file_path,original_name,file_size,mime_type,uploaded_by,uploaded_at,notes) VALUES (1076,110,'ownership_proof','uploads/docs/110/ownership.pdf','ownership_proof.pdf',204800,'application/pdf',237,'2025-02-07 00:00:00',NULL);
INSERT IGNORE INTO properties (id,landlord_id,title,property_type,address,city,postcode,state,latitude,longitude,maps_url,monthly_rent,deposit,description,facilities,furnishing,status,assigned_agent_id,agent_assigned_at,agent_status,viewing_mode,agent_verified_at,agent_verified_by,created_at,updated_at) VALUES (111,238,'UTeM Area Room #111','room','No. 12, Persiaran Scientex, Durian Tunggal, Melaka','Durian Tunggal','76100','Melaka','2.5010000','102.1990000','https://maps.google.com/?q=2.5010000,102.1990000',290.00,580.00,'Cozy room near UTeM main gate. 5 minutes by bus to faculty.','WiFi,Air Conditioning,Water Heater,Wardrobe,Study Table,Kitchen,Parking,Security','none','rented',35,'2025-02-09 00:00:00','accepted','landlord_led','2025-02-12 00:00:00',35,'2025-02-09 00:00:00','2025-02-09 00:00:00');
INSERT IGNORE INTO property_images (id,property_id,image_path,is_primary,uploaded_at) VALUES (1154,111,'uploads/properties/img1.jpg',1,'2025-02-09 00:00:00');
INSERT IGNORE INTO property_images (id,property_id,image_path,is_primary,uploaded_at) VALUES (1155,111,'uploads/properties/img2.jpg',0,'2025-02-09 00:00:00');
INSERT IGNORE INTO property_documents (id,property_id,document_type,file_path,original_name,file_size,mime_type,uploaded_by,uploaded_at,notes) VALUES (1077,111,'ownership_proof','uploads/docs/111/ownership.pdf','ownership_proof.pdf',204800,'application/pdf',238,'2025-02-09 00:00:00',NULL);
INSERT IGNORE INTO property_agent_assignments (id,property_id,agent_id,round_number,assigned_at,responded_at,outcome) VALUES (72,111,35,1,'2025-02-09 00:00:00','2025-02-09 04:00:00','accepted');
INSERT IGNORE INTO properties (id,landlord_id,title,property_type,address,city,postcode,state,latitude,longitude,maps_url,monthly_rent,deposit,description,facilities,furnishing,status,assigned_agent_id,agent_assigned_at,agent_status,viewing_mode,agent_verified_at,agent_verified_by,created_at,updated_at) VALUES (112,239,'UTeM Area Whole_unit #112','whole_unit','No. 13, Jalan Durian Tunggal, Durian Tunggal, Melaka','Durian Tunggal','76100','Melaka','2.4937000','102.2048000','https://maps.google.com/?q=2.4937000,102.2048000',1050.00,2100.00,'Comfortable room with attached bathroom, suitable for UTeM students. Close to campus bus stop.','WiFi,Air Conditioning,Washing Machine,Kitchen','partial','rented',15,'2025-02-11 00:00:00','accepted','landlord_led','2025-02-14 00:00:00',15,'2025-02-11 00:00:00','2025-02-11 00:00:00');
INSERT IGNORE INTO property_images (id,property_id,image_path,is_primary,uploaded_at) VALUES (1156,112,'uploads/properties/img1.jpg',1,'2025-02-11 00:00:00');
INSERT IGNORE INTO property_images (id,property_id,image_path,is_primary,uploaded_at) VALUES (1157,112,'uploads/properties/img2.jpg',0,'2025-02-11 00:00:00');
INSERT IGNORE INTO property_documents (id,property_id,document_type,file_path,original_name,file_size,mime_type,uploaded_by,uploaded_at,notes) VALUES (1078,112,'ownership_proof','uploads/docs/112/ownership.pdf','ownership_proof.pdf',204800,'application/pdf',239,'2025-02-11 00:00:00',NULL);
INSERT IGNORE INTO property_agent_assignments (id,property_id,agent_id,round_number,assigned_at,responded_at,outcome) VALUES (73,112,15,1,'2025-02-11 00:00:00','2025-02-11 04:00:00','accepted');
INSERT IGNORE INTO properties (id,landlord_id,title,property_type,address,city,postcode,state,latitude,longitude,maps_url,monthly_rent,deposit,description,facilities,furnishing,status,assigned_agent_id,agent_assigned_at,agent_status,viewing_mode,agent_verified_at,agent_verified_by,created_at,updated_at) VALUES (113,240,'UTeM Area Whole_unit #113','whole_unit','No. 14, Jalan Tasik Utama, Ayer Keroh, Melaka','Ayer Keroh','75450','Melaka','2.2721000','102.2854000','https://maps.google.com/?q=2.2721000,102.2854000',1200.00,2400.00,'Fully furnished studio unit with modern amenities. Quiet neighbourhood.','WiFi,Air Conditioning,Water Heater,Kitchen,Parking','full','rented',16,'2025-02-13 00:00:00','accepted','either','2025-02-16 00:00:00',16,'2025-02-13 00:00:00','2025-02-13 00:00:00');
INSERT IGNORE INTO property_images (id,property_id,image_path,is_primary,uploaded_at) VALUES (1158,113,'uploads/properties/img1.jpg',1,'2025-02-13 00:00:00');
INSERT IGNORE INTO property_images (id,property_id,image_path,is_primary,uploaded_at) VALUES (1159,113,'uploads/properties/img2.jpg',0,'2025-02-13 00:00:00');
INSERT IGNORE INTO property_documents (id,property_id,document_type,file_path,original_name,file_size,mime_type,uploaded_by,uploaded_at,notes) VALUES (1079,113,'ownership_proof','uploads/docs/113/ownership.pdf','ownership_proof.pdf',204800,'application/pdf',240,'2025-02-13 00:00:00',NULL);
INSERT IGNORE INTO property_agent_assignments (id,property_id,agent_id,round_number,assigned_at,responded_at,outcome) VALUES (74,113,16,1,'2025-02-13 00:00:00','2025-02-13 04:00:00','accepted');
INSERT IGNORE INTO properties (id,landlord_id,title,property_type,address,city,postcode,state,latitude,longitude,maps_url,monthly_rent,deposit,description,facilities,furnishing,status,assigned_agent_id,agent_assigned_at,agent_status,viewing_mode,agent_verified_at,agent_verified_by,created_at,updated_at) VALUES (114,241,'UTeM Area Whole_unit #114','whole_unit','No. 15, Lorong Tasik 1, Ayer Keroh, Melaka','Ayer Keroh','75450','Melaka','2.2650000','102.2800000','https://maps.google.com/?q=2.2650000,102.2800000',1100.00,2200.00,'Spacious whole unit suitable for group of students. Near supermarket and food court.','WiFi,Air Conditioning,Washing Machine,Refrigerator,Kitchen,Parking','none','rented',34,'2025-02-15 00:00:00','accepted','landlord_led','2025-02-18 00:00:00',34,'2025-02-15 00:00:00','2025-02-15 00:00:00');
INSERT IGNORE INTO property_images (id,property_id,image_path,is_primary,uploaded_at) VALUES (1160,114,'uploads/properties/img1.jpg',1,'2025-02-15 00:00:00');
INSERT IGNORE INTO property_images (id,property_id,image_path,is_primary,uploaded_at) VALUES (1161,114,'uploads/properties/img2.jpg',0,'2025-02-15 00:00:00');
INSERT IGNORE INTO property_documents (id,property_id,document_type,file_path,original_name,file_size,mime_type,uploaded_by,uploaded_at,notes) VALUES (1080,114,'ownership_proof','uploads/docs/114/ownership.pdf','ownership_proof.pdf',204800,'application/pdf',241,'2025-02-15 00:00:00',NULL);
INSERT IGNORE INTO property_agent_assignments (id,property_id,agent_id,round_number,assigned_at,responded_at,outcome) VALUES (75,114,34,1,'2025-02-15 00:00:00','2025-02-15 04:00:00','accepted');
INSERT IGNORE INTO properties (id,landlord_id,title,property_type,address,city,postcode,state,latitude,longitude,maps_url,monthly_rent,deposit,description,facilities,furnishing,status,assigned_agent_id,agent_assigned_at,agent_status,viewing_mode,agent_verified_at,agent_verified_by,created_at,updated_at) VALUES (115,242,'UTeM Area Whole_unit #115','whole_unit','No. 16, Persiaran Scientex, Durian Tunggal, Melaka','Durian Tunggal','76100','Melaka','2.5010000','102.1990000','https://maps.google.com/?q=2.5010000,102.1990000',1150.00,2300.00,'Single room with air conditioning and WiFi. Shared kitchen and bathroom.','WiFi,Air Conditioning,Wardrobe,Study Table,Kitchen','partial','available',35,'2025-02-17 00:00:00','accepted','agent_led','2025-02-20 00:00:00',35,'2025-02-17 00:00:00','2025-02-17 00:00:00');
INSERT IGNORE INTO property_images (id,property_id,image_path,is_primary,uploaded_at) VALUES (1162,115,'uploads/properties/img1.jpg',1,'2025-02-17 00:00:00');
INSERT IGNORE INTO property_images (id,property_id,image_path,is_primary,uploaded_at) VALUES (1163,115,'uploads/properties/img2.jpg',0,'2025-02-17 00:00:00');
INSERT IGNORE INTO property_documents (id,property_id,document_type,file_path,original_name,file_size,mime_type,uploaded_by,uploaded_at,notes) VALUES (1081,115,'ownership_proof','uploads/docs/115/ownership.pdf','ownership_proof.pdf',204800,'application/pdf',242,'2025-02-17 00:00:00',NULL);
INSERT IGNORE INTO property_agent_assignments (id,property_id,agent_id,round_number,assigned_at,responded_at,outcome) VALUES (76,115,35,1,'2025-02-17 00:00:00','2025-02-17 04:00:00','accepted');
INSERT IGNORE INTO properties (id,landlord_id,title,property_type,address,city,postcode,state,latitude,longitude,maps_url,monthly_rent,deposit,description,facilities,furnishing,status,assigned_agent_id,agent_assigned_at,agent_status,viewing_mode,agent_verified_at,agent_verified_by,created_at,updated_at) VALUES (116,243,'UTeM Area Whole_unit #116','whole_unit','No. 17, Jalan Durian Tunggal, Durian Tunggal, Melaka','Durian Tunggal','76100','Melaka','2.4937000','102.2048000','https://maps.google.com/?q=2.4937000,102.2048000',1000.00,2000.00,'Master bedroom with private bathroom in a shared house.','WiFi,Air Conditioning,Wardrobe,Study Table,Washing Machine,Parking','full','rented',15,'2025-02-19 00:00:00','accepted','landlord_led','2025-02-22 00:00:00',15,'2025-02-19 00:00:00','2025-02-19 00:00:00');
INSERT IGNORE INTO property_images (id,property_id,image_path,is_primary,uploaded_at) VALUES (1164,116,'uploads/properties/img1.jpg',1,'2025-02-19 00:00:00');
INSERT IGNORE INTO property_images (id,property_id,image_path,is_primary,uploaded_at) VALUES (1165,116,'uploads/properties/img2.jpg',0,'2025-02-19 00:00:00');
INSERT IGNORE INTO property_documents (id,property_id,document_type,file_path,original_name,file_size,mime_type,uploaded_by,uploaded_at,notes) VALUES (1082,116,'ownership_proof','uploads/docs/116/ownership.pdf','ownership_proof.pdf',204800,'application/pdf',243,'2025-02-19 00:00:00',NULL);
INSERT IGNORE INTO property_agent_assignments (id,property_id,agent_id,round_number,assigned_at,responded_at,outcome) VALUES (77,116,15,1,'2025-02-19 00:00:00','2025-02-19 04:00:00','accepted');
INSERT IGNORE INTO properties (id,landlord_id,title,property_type,address,city,postcode,state,latitude,longitude,maps_url,monthly_rent,deposit,description,facilities,furnishing,status,assigned_agent_id,agent_assigned_at,agent_status,viewing_mode,agent_verified_at,agent_verified_by,created_at,updated_at) VALUES (117,244,'UTeM Area Studio #117','studio','No. 18, Jalan Tasik Utama, Ayer Keroh, Melaka','Ayer Keroh','75450','Melaka','2.2721000','102.2854000','https://maps.google.com/?q=2.2721000,102.2854000',800.00,1600.00,'Studio apartment with city view. Fully furnished and ready to move in.','WiFi,Air Conditioning,Swimming Pool,Gym,Parking,Security','none','rented',16,'2025-02-21 00:00:00','accepted','landlord_led','2025-02-24 00:00:00',16,'2025-02-21 00:00:00','2025-02-21 00:00:00');
INSERT IGNORE INTO property_images (id,property_id,image_path,is_primary,uploaded_at) VALUES (1166,117,'uploads/properties/img1.jpg',1,'2025-02-21 00:00:00');
INSERT IGNORE INTO property_images (id,property_id,image_path,is_primary,uploaded_at) VALUES (1167,117,'uploads/properties/img2.jpg',0,'2025-02-21 00:00:00');
INSERT IGNORE INTO property_documents (id,property_id,document_type,file_path,original_name,file_size,mime_type,uploaded_by,uploaded_at,notes) VALUES (1083,117,'ownership_proof','uploads/docs/117/ownership.pdf','ownership_proof.pdf',204800,'application/pdf',244,'2025-02-21 00:00:00',NULL);
INSERT IGNORE INTO property_agent_assignments (id,property_id,agent_id,round_number,assigned_at,responded_at,outcome) VALUES (78,117,16,1,'2025-02-21 00:00:00','2025-02-21 04:00:00','accepted');
INSERT IGNORE INTO properties (id,landlord_id,title,property_type,address,city,postcode,state,latitude,longitude,maps_url,monthly_rent,deposit,description,facilities,furnishing,status,assigned_agent_id,agent_assigned_at,agent_status,viewing_mode,agent_verified_at,agent_verified_by,created_at,updated_at) VALUES (118,245,'UTeM Area Studio #118','studio','No. 19, Lorong Tasik 1, Ayer Keroh, Melaka','Ayer Keroh','75450','Melaka','2.2650000','102.2800000','https://maps.google.com/?q=2.2650000,102.2800000',700.00,1400.00,'Double-storey house unit for rent. 3 rooms available for students.','WiFi,Fan,Washing Machine,Kitchen,Parking','partial','rented',34,'2025-02-23 00:00:00','accepted','agent_led','2025-02-26 00:00:00',34,'2025-02-23 00:00:00','2025-02-23 00:00:00');
INSERT IGNORE INTO property_images (id,property_id,image_path,is_primary,uploaded_at) VALUES (1168,118,'uploads/properties/img1.jpg',1,'2025-02-23 00:00:00');
INSERT IGNORE INTO property_images (id,property_id,image_path,is_primary,uploaded_at) VALUES (1169,118,'uploads/properties/img2.jpg',0,'2025-02-23 00:00:00');
INSERT IGNORE INTO property_documents (id,property_id,document_type,file_path,original_name,file_size,mime_type,uploaded_by,uploaded_at,notes) VALUES (1084,118,'ownership_proof','uploads/docs/118/ownership.pdf','ownership_proof.pdf',204800,'application/pdf',245,'2025-02-23 00:00:00',NULL);
INSERT IGNORE INTO property_agent_assignments (id,property_id,agent_id,round_number,assigned_at,responded_at,outcome) VALUES (79,118,34,1,'2025-02-23 00:00:00','2025-02-23 04:00:00','accepted');
INSERT IGNORE INTO properties (id,landlord_id,title,property_type,address,city,postcode,state,latitude,longitude,maps_url,monthly_rent,deposit,description,facilities,furnishing,status,assigned_agent_id,agent_assigned_at,agent_status,viewing_mode,agent_verified_at,agent_verified_by,created_at,updated_at) VALUES (119,246,'UTeM Area Studio #119','studio','No. 20, Persiaran Scientex, Durian Tunggal, Melaka','Durian Tunggal','76100','Melaka','2.5010000','102.1990000','https://maps.google.com/?q=2.5010000,102.1990000',750.00,1500.00,'Cozy room near UTeM main gate. 5 minutes by bus to faculty.','WiFi,Air Conditioning,Water Heater,Wardrobe,Study Table,Kitchen,Parking,Security','full','rented',35,'2025-02-25 00:00:00','accepted','either','2025-02-28 00:00:00',35,'2025-02-25 00:00:00','2025-02-25 00:00:00');
INSERT IGNORE INTO property_images (id,property_id,image_path,is_primary,uploaded_at) VALUES (1170,119,'uploads/properties/img1.jpg',1,'2025-02-25 00:00:00');
INSERT IGNORE INTO property_images (id,property_id,image_path,is_primary,uploaded_at) VALUES (1171,119,'uploads/properties/img2.jpg',0,'2025-02-25 00:00:00');
INSERT IGNORE INTO property_documents (id,property_id,document_type,file_path,original_name,file_size,mime_type,uploaded_by,uploaded_at,notes) VALUES (1085,119,'ownership_proof','uploads/docs/119/ownership.pdf','ownership_proof.pdf',204800,'application/pdf',246,'2025-02-25 00:00:00',NULL);
INSERT IGNORE INTO property_agent_assignments (id,property_id,agent_id,round_number,assigned_at,responded_at,outcome) VALUES (80,119,35,1,'2025-02-25 00:00:00','2025-02-25 04:00:00','accepted');
INSERT IGNORE INTO properties (id,landlord_id,title,property_type,address,city,postcode,state,latitude,longitude,maps_url,monthly_rent,deposit,description,facilities,furnishing,status,assigned_agent_id,agent_assigned_at,agent_status,viewing_mode,agent_verified_at,agent_verified_by,created_at,updated_at) VALUES (120,247,'UTeM Area Room #120','room','No. 21, Jalan Durian Tunggal, Durian Tunggal, Melaka','Durian Tunggal','76100','Melaka','2.4937000','102.2048000','https://maps.google.com/?q=2.4937000,102.2048000',280.00,560.00,'Comfortable room with attached bathroom, suitable for UTeM students. Close to campus bus stop.','WiFi,Air Conditioning,Washing Machine,Kitchen','none','pending_approval',NULL,NULL,NULL,'landlord_led',NULL,NULL,'2025-02-27 00:00:00','2025-02-27 00:00:00');
INSERT IGNORE INTO property_images (id,property_id,image_path,is_primary,uploaded_at) VALUES (1172,120,'uploads/properties/img1.jpg',1,'2025-02-27 00:00:00');
INSERT IGNORE INTO property_images (id,property_id,image_path,is_primary,uploaded_at) VALUES (1173,120,'uploads/properties/img2.jpg',0,'2025-02-27 00:00:00');
INSERT IGNORE INTO property_documents (id,property_id,document_type,file_path,original_name,file_size,mime_type,uploaded_by,uploaded_at,notes) VALUES (1086,120,'ownership_proof','uploads/docs/120/ownership.pdf','ownership_proof.pdf',204800,'application/pdf',247,'2025-02-27 00:00:00',NULL);
INSERT IGNORE INTO properties (id,landlord_id,title,property_type,address,city,postcode,state,latitude,longitude,maps_url,monthly_rent,deposit,description,facilities,furnishing,status,assigned_agent_id,agent_assigned_at,agent_status,viewing_mode,agent_verified_at,agent_verified_by,created_at,updated_at) VALUES (121,248,'UTeM Area Room #121','room','No. 22, Jalan Tasik Utama, Ayer Keroh, Melaka','Ayer Keroh','75450','Melaka','2.2721000','102.2854000','https://maps.google.com/?q=2.2721000,102.2854000',290.00,580.00,'Fully furnished studio unit with modern amenities. Quiet neighbourhood.','WiFi,Air Conditioning,Water Heater,Kitchen,Parking','partial','rented',16,'2025-03-01 00:00:00','accepted','agent_led','2025-03-04 00:00:00',16,'2025-03-01 00:00:00','2025-03-01 00:00:00');
INSERT IGNORE INTO property_images (id,property_id,image_path,is_primary,uploaded_at) VALUES (1174,121,'uploads/properties/img1.jpg',1,'2025-03-01 00:00:00');
INSERT IGNORE INTO property_images (id,property_id,image_path,is_primary,uploaded_at) VALUES (1175,121,'uploads/properties/img2.jpg',0,'2025-03-01 00:00:00');
INSERT IGNORE INTO property_documents (id,property_id,document_type,file_path,original_name,file_size,mime_type,uploaded_by,uploaded_at,notes) VALUES (1087,121,'ownership_proof','uploads/docs/121/ownership.pdf','ownership_proof.pdf',204800,'application/pdf',248,'2025-03-01 00:00:00',NULL);
INSERT IGNORE INTO property_agent_assignments (id,property_id,agent_id,round_number,assigned_at,responded_at,outcome) VALUES (81,121,16,1,'2025-03-01 00:00:00','2025-03-01 04:00:00','accepted');
INSERT IGNORE INTO properties (id,landlord_id,title,property_type,address,city,postcode,state,latitude,longitude,maps_url,monthly_rent,deposit,description,facilities,furnishing,status,assigned_agent_id,agent_assigned_at,agent_status,viewing_mode,agent_verified_at,agent_verified_by,created_at,updated_at) VALUES (122,249,'UTeM Area Room #122','room','No. 23, Lorong Tasik 1, Ayer Keroh, Melaka','Ayer Keroh','75450','Melaka','2.2650000','102.2800000','https://maps.google.com/?q=2.2650000,102.2800000',300.00,600.00,'Spacious whole unit suitable for group of students. Near supermarket and food court.','WiFi,Air Conditioning,Washing Machine,Refrigerator,Kitchen,Parking','full','rented',34,'2025-03-03 00:00:00','accepted','either','2025-03-06 00:00:00',34,'2025-03-03 00:00:00','2025-03-03 00:00:00');
INSERT IGNORE INTO property_images (id,property_id,image_path,is_primary,uploaded_at) VALUES (1176,122,'uploads/properties/img1.jpg',1,'2025-03-03 00:00:00');
INSERT IGNORE INTO property_images (id,property_id,image_path,is_primary,uploaded_at) VALUES (1177,122,'uploads/properties/img2.jpg',0,'2025-03-03 00:00:00');
INSERT IGNORE INTO property_documents (id,property_id,document_type,file_path,original_name,file_size,mime_type,uploaded_by,uploaded_at,notes) VALUES (1088,122,'ownership_proof','uploads/docs/122/ownership.pdf','ownership_proof.pdf',204800,'application/pdf',249,'2025-03-03 00:00:00',NULL);
INSERT IGNORE INTO property_agent_assignments (id,property_id,agent_id,round_number,assigned_at,responded_at,outcome) VALUES (82,122,34,1,'2025-03-03 00:00:00','2025-03-03 04:00:00','accepted');
INSERT IGNORE INTO properties (id,landlord_id,title,property_type,address,city,postcode,state,latitude,longitude,maps_url,monthly_rent,deposit,description,facilities,furnishing,status,assigned_agent_id,agent_assigned_at,agent_status,viewing_mode,agent_verified_at,agent_verified_by,created_at,updated_at) VALUES (123,250,'UTeM Area Room #123','room','No. 24, Persiaran Scientex, Durian Tunggal, Melaka','Durian Tunggal','76100','Melaka','2.5010000','102.1990000','https://maps.google.com/?q=2.5010000,102.1990000',310.00,620.00,'Single room with air conditioning and WiFi. Shared kitchen and bathroom.','WiFi,Air Conditioning,Wardrobe,Study Table,Kitchen','none','rented',35,'2025-03-05 00:00:00','accepted','landlord_led','2025-03-08 00:00:00',35,'2025-03-05 00:00:00','2025-03-05 00:00:00');
INSERT IGNORE INTO property_images (id,property_id,image_path,is_primary,uploaded_at) VALUES (1178,123,'uploads/properties/img1.jpg',1,'2025-03-05 00:00:00');
INSERT IGNORE INTO property_images (id,property_id,image_path,is_primary,uploaded_at) VALUES (1179,123,'uploads/properties/img2.jpg',0,'2025-03-05 00:00:00');
INSERT IGNORE INTO property_documents (id,property_id,document_type,file_path,original_name,file_size,mime_type,uploaded_by,uploaded_at,notes) VALUES (1089,123,'ownership_proof','uploads/docs/123/ownership.pdf','ownership_proof.pdf',204800,'application/pdf',250,'2025-03-05 00:00:00',NULL);
INSERT IGNORE INTO property_agent_assignments (id,property_id,agent_id,round_number,assigned_at,responded_at,outcome) VALUES (83,123,35,1,'2025-03-05 00:00:00','2025-03-05 04:00:00','accepted');
INSERT IGNORE INTO properties (id,landlord_id,title,property_type,address,city,postcode,state,latitude,longitude,maps_url,monthly_rent,deposit,description,facilities,furnishing,status,assigned_agent_id,agent_assigned_at,agent_status,viewing_mode,agent_verified_at,agent_verified_by,created_at,updated_at) VALUES (124,251,'UTeM Area Room #124','room','No. 25, Jalan Durian Tunggal, Durian Tunggal, Melaka','Durian Tunggal','76100','Melaka','2.4937000','102.2048000','https://maps.google.com/?q=2.4937000,102.2048000',320.00,640.00,'Master bedroom with private bathroom in a shared house.','WiFi,Air Conditioning,Wardrobe,Study Table,Washing Machine,Parking','partial','rented',15,'2025-03-07 00:00:00','accepted','landlord_led','2025-03-10 00:00:00',15,'2025-03-07 00:00:00','2025-03-07 00:00:00');
INSERT IGNORE INTO property_images (id,property_id,image_path,is_primary,uploaded_at) VALUES (1180,124,'uploads/properties/img1.jpg',1,'2025-03-07 00:00:00');
INSERT IGNORE INTO property_images (id,property_id,image_path,is_primary,uploaded_at) VALUES (1181,124,'uploads/properties/img2.jpg',0,'2025-03-07 00:00:00');
INSERT IGNORE INTO property_documents (id,property_id,document_type,file_path,original_name,file_size,mime_type,uploaded_by,uploaded_at,notes) VALUES (1090,124,'ownership_proof','uploads/docs/124/ownership.pdf','ownership_proof.pdf',204800,'application/pdf',251,'2025-03-07 00:00:00',NULL);
INSERT IGNORE INTO property_agent_assignments (id,property_id,agent_id,round_number,assigned_at,responded_at,outcome) VALUES (84,124,15,1,'2025-03-07 00:00:00','2025-03-07 04:00:00','accepted');
INSERT IGNORE INTO properties (id,landlord_id,title,property_type,address,city,postcode,state,latitude,longitude,maps_url,monthly_rent,deposit,description,facilities,furnishing,status,assigned_agent_id,agent_assigned_at,agent_status,viewing_mode,agent_verified_at,agent_verified_by,created_at,updated_at) VALUES (125,252,'UTeM Area Room #125','room','No. 26, Jalan Tasik Utama, Ayer Keroh, Melaka','Ayer Keroh','75450','Melaka','2.2721000','102.2854000','https://maps.google.com/?q=2.2721000,102.2854000',280.00,560.00,'Studio apartment with city view. Fully furnished and ready to move in.','WiFi,Air Conditioning,Swimming Pool,Gym,Parking,Security','full','available',16,'2025-03-09 00:00:00','accepted','either','2025-03-12 00:00:00',16,'2025-03-09 00:00:00','2025-03-09 00:00:00');
INSERT IGNORE INTO property_images (id,property_id,image_path,is_primary,uploaded_at) VALUES (1182,125,'uploads/properties/img1.jpg',1,'2025-03-09 00:00:00');
INSERT IGNORE INTO property_images (id,property_id,image_path,is_primary,uploaded_at) VALUES (1183,125,'uploads/properties/img2.jpg',0,'2025-03-09 00:00:00');
INSERT IGNORE INTO property_documents (id,property_id,document_type,file_path,original_name,file_size,mime_type,uploaded_by,uploaded_at,notes) VALUES (1091,125,'ownership_proof','uploads/docs/125/ownership.pdf','ownership_proof.pdf',204800,'application/pdf',252,'2025-03-09 00:00:00',NULL);
INSERT IGNORE INTO property_agent_assignments (id,property_id,agent_id,round_number,assigned_at,responded_at,outcome) VALUES (85,125,16,1,'2025-03-09 00:00:00','2025-03-09 04:00:00','accepted');
INSERT IGNORE INTO properties (id,landlord_id,title,property_type,address,city,postcode,state,latitude,longitude,maps_url,monthly_rent,deposit,description,facilities,furnishing,status,assigned_agent_id,agent_assigned_at,agent_status,viewing_mode,agent_verified_at,agent_verified_by,created_at,updated_at) VALUES (126,253,'UTeM Area Room #126','room','No. 27, Lorong Tasik 1, Ayer Keroh, Melaka','Ayer Keroh','75450','Melaka','2.2650000','102.2800000','https://maps.google.com/?q=2.2650000,102.2800000',290.00,580.00,'Double-storey house unit for rent. 3 rooms available for students.','WiFi,Fan,Washing Machine,Kitchen,Parking','none','rented',34,'2025-03-11 00:00:00','accepted','landlord_led','2025-03-14 00:00:00',34,'2025-03-11 00:00:00','2025-03-11 00:00:00');
INSERT IGNORE INTO property_images (id,property_id,image_path,is_primary,uploaded_at) VALUES (1184,126,'uploads/properties/img1.jpg',1,'2025-03-11 00:00:00');
INSERT IGNORE INTO property_images (id,property_id,image_path,is_primary,uploaded_at) VALUES (1185,126,'uploads/properties/img2.jpg',0,'2025-03-11 00:00:00');
INSERT IGNORE INTO property_documents (id,property_id,document_type,file_path,original_name,file_size,mime_type,uploaded_by,uploaded_at,notes) VALUES (1092,126,'ownership_proof','uploads/docs/126/ownership.pdf','ownership_proof.pdf',204800,'application/pdf',253,'2025-03-11 00:00:00',NULL);
INSERT IGNORE INTO property_agent_assignments (id,property_id,agent_id,round_number,assigned_at,responded_at,outcome) VALUES (86,126,34,1,'2025-03-11 00:00:00','2025-03-11 04:00:00','accepted');
INSERT IGNORE INTO properties (id,landlord_id,title,property_type,address,city,postcode,state,latitude,longitude,maps_url,monthly_rent,deposit,description,facilities,furnishing,status,assigned_agent_id,agent_assigned_at,agent_status,viewing_mode,agent_verified_at,agent_verified_by,created_at,updated_at) VALUES (127,254,'UTeM Area Room #127','room','No. 28, Persiaran Scientex, Durian Tunggal, Melaka','Durian Tunggal','76100','Melaka','2.5010000','102.1990000','https://maps.google.com/?q=2.5010000,102.1990000',310.00,620.00,'Cozy room near UTeM main gate. 5 minutes by bus to faculty.','WiFi,Air Conditioning,Water Heater,Wardrobe,Study Table,Kitchen,Parking,Security','partial','rented',35,'2025-03-13 00:00:00','accepted','agent_led','2025-03-16 00:00:00',35,'2025-03-13 00:00:00','2025-03-13 00:00:00');
INSERT IGNORE INTO property_images (id,property_id,image_path,is_primary,uploaded_at) VALUES (1186,127,'uploads/properties/img1.jpg',1,'2025-03-13 00:00:00');
INSERT IGNORE INTO property_images (id,property_id,image_path,is_primary,uploaded_at) VALUES (1187,127,'uploads/properties/img2.jpg',0,'2025-03-13 00:00:00');
INSERT IGNORE INTO property_documents (id,property_id,document_type,file_path,original_name,file_size,mime_type,uploaded_by,uploaded_at,notes) VALUES (1093,127,'ownership_proof','uploads/docs/127/ownership.pdf','ownership_proof.pdf',204800,'application/pdf',254,'2025-03-13 00:00:00',NULL);
INSERT IGNORE INTO property_agent_assignments (id,property_id,agent_id,round_number,assigned_at,responded_at,outcome) VALUES (87,127,35,1,'2025-03-13 00:00:00','2025-03-13 04:00:00','accepted');
INSERT IGNORE INTO properties (id,landlord_id,title,property_type,address,city,postcode,state,latitude,longitude,maps_url,monthly_rent,deposit,description,facilities,furnishing,status,assigned_agent_id,agent_assigned_at,agent_status,viewing_mode,agent_verified_at,agent_verified_by,created_at,updated_at) VALUES (128,255,'UTeM Area Room #128','room','No. 29, Jalan Durian Tunggal, Durian Tunggal, Melaka','Durian Tunggal','76100','Melaka','2.4937000','102.2048000','https://maps.google.com/?q=2.4937000,102.2048000',300.00,600.00,'Comfortable room with attached bathroom, suitable for UTeM students. Close to campus bus stop.','WiFi,Air Conditioning,Washing Machine,Kitchen','full','rented',15,'2025-03-15 00:00:00','accepted','landlord_led','2025-03-18 00:00:00',15,'2025-03-15 00:00:00','2025-03-15 00:00:00');
INSERT IGNORE INTO property_images (id,property_id,image_path,is_primary,uploaded_at) VALUES (1188,128,'uploads/properties/img1.jpg',1,'2025-03-15 00:00:00');
INSERT IGNORE INTO property_images (id,property_id,image_path,is_primary,uploaded_at) VALUES (1189,128,'uploads/properties/img2.jpg',0,'2025-03-15 00:00:00');
INSERT IGNORE INTO property_documents (id,property_id,document_type,file_path,original_name,file_size,mime_type,uploaded_by,uploaded_at,notes) VALUES (1094,128,'ownership_proof','uploads/docs/128/ownership.pdf','ownership_proof.pdf',204800,'application/pdf',255,'2025-03-15 00:00:00',NULL);
INSERT IGNORE INTO property_agent_assignments (id,property_id,agent_id,round_number,assigned_at,responded_at,outcome) VALUES (88,128,15,1,'2025-03-15 00:00:00','2025-03-15 04:00:00','accepted');
INSERT IGNORE INTO properties (id,landlord_id,title,property_type,address,city,postcode,state,latitude,longitude,maps_url,monthly_rent,deposit,description,facilities,furnishing,status,assigned_agent_id,agent_assigned_at,agent_status,viewing_mode,agent_verified_at,agent_verified_by,created_at,updated_at) VALUES (129,256,'UTeM Area Room #129','room','No. 30, Jalan Tasik Utama, Ayer Keroh, Melaka','Ayer Keroh','75450','Melaka','2.2721000','102.2854000','https://maps.google.com/?q=2.2721000,102.2854000',320.00,640.00,'Fully furnished studio unit with modern amenities. Quiet neighbourhood.','WiFi,Air Conditioning,Water Heater,Kitchen,Parking','none','rented',16,'2025-03-17 00:00:00','accepted','landlord_led','2025-03-20 00:00:00',16,'2025-03-17 00:00:00','2025-03-17 00:00:00');
INSERT IGNORE INTO property_images (id,property_id,image_path,is_primary,uploaded_at) VALUES (1190,129,'uploads/properties/img1.jpg',1,'2025-03-17 00:00:00');
INSERT IGNORE INTO property_images (id,property_id,image_path,is_primary,uploaded_at) VALUES (1191,129,'uploads/properties/img2.jpg',0,'2025-03-17 00:00:00');
INSERT IGNORE INTO property_documents (id,property_id,document_type,file_path,original_name,file_size,mime_type,uploaded_by,uploaded_at,notes) VALUES (1095,129,'ownership_proof','uploads/docs/129/ownership.pdf','ownership_proof.pdf',204800,'application/pdf',256,'2025-03-17 00:00:00',NULL);
INSERT IGNORE INTO property_agent_assignments (id,property_id,agent_id,round_number,assigned_at,responded_at,outcome) VALUES (89,129,16,1,'2025-03-17 00:00:00','2025-03-17 04:00:00','accepted');
INSERT IGNORE INTO properties (id,landlord_id,title,property_type,address,city,postcode,state,latitude,longitude,maps_url,monthly_rent,deposit,description,facilities,furnishing,status,assigned_agent_id,agent_assigned_at,agent_status,viewing_mode,agent_verified_at,agent_verified_by,created_at,updated_at) VALUES (130,257,'UTeM Area Room #130','room','No. 31, Lorong Tasik 1, Ayer Keroh, Melaka','Ayer Keroh','75450','Melaka','2.2650000','102.2800000','https://maps.google.com/?q=2.2650000,102.2800000',285.00,570.00,'Spacious whole unit suitable for group of students. Near supermarket and food court.','WiFi,Air Conditioning,Washing Machine,Refrigerator,Kitchen,Parking','partial','pending_approval',NULL,NULL,NULL,'agent_led',NULL,NULL,'2025-03-19 00:00:00','2025-03-19 00:00:00');
INSERT IGNORE INTO property_images (id,property_id,image_path,is_primary,uploaded_at) VALUES (1192,130,'uploads/properties/img1.jpg',1,'2025-03-19 00:00:00');
INSERT IGNORE INTO property_images (id,property_id,image_path,is_primary,uploaded_at) VALUES (1193,130,'uploads/properties/img2.jpg',0,'2025-03-19 00:00:00');
INSERT IGNORE INTO property_documents (id,property_id,document_type,file_path,original_name,file_size,mime_type,uploaded_by,uploaded_at,notes) VALUES (1096,130,'ownership_proof','uploads/docs/130/ownership.pdf','ownership_proof.pdf',204800,'application/pdf',257,'2025-03-19 00:00:00',NULL);
INSERT IGNORE INTO properties (id,landlord_id,title,property_type,address,city,postcode,state,latitude,longitude,maps_url,monthly_rent,deposit,description,facilities,furnishing,status,assigned_agent_id,agent_assigned_at,agent_status,viewing_mode,agent_verified_at,agent_verified_by,created_at,updated_at) VALUES (131,258,'UTeM Area Room #131','room','No. 32, Persiaran Scientex, Durian Tunggal, Melaka','Durian Tunggal','76100','Melaka','2.5010000','102.1990000','https://maps.google.com/?q=2.5010000,102.1990000',295.00,590.00,'Single room with air conditioning and WiFi. Shared kitchen and bathroom.','WiFi,Air Conditioning,Wardrobe,Study Table,Kitchen','full','rented',35,'2025-03-21 00:00:00','accepted','either','2025-03-24 00:00:00',35,'2025-03-21 00:00:00','2025-03-21 00:00:00');
INSERT IGNORE INTO property_images (id,property_id,image_path,is_primary,uploaded_at) VALUES (1194,131,'uploads/properties/img1.jpg',1,'2025-03-21 00:00:00');
INSERT IGNORE INTO property_images (id,property_id,image_path,is_primary,uploaded_at) VALUES (1195,131,'uploads/properties/img2.jpg',0,'2025-03-21 00:00:00');
INSERT IGNORE INTO property_documents (id,property_id,document_type,file_path,original_name,file_size,mime_type,uploaded_by,uploaded_at,notes) VALUES (1097,131,'ownership_proof','uploads/docs/131/ownership.pdf','ownership_proof.pdf',204800,'application/pdf',258,'2025-03-21 00:00:00',NULL);
INSERT IGNORE INTO property_agent_assignments (id,property_id,agent_id,round_number,assigned_at,responded_at,outcome) VALUES (90,131,35,1,'2025-03-21 00:00:00','2025-03-21 04:00:00','accepted');
INSERT IGNORE INTO properties (id,landlord_id,title,property_type,address,city,postcode,state,latitude,longitude,maps_url,monthly_rent,deposit,description,facilities,furnishing,status,assigned_agent_id,agent_assigned_at,agent_status,viewing_mode,agent_verified_at,agent_verified_by,created_at,updated_at) VALUES (132,259,'UTeM Area Whole_unit #132','whole_unit','No. 33, Jalan Durian Tunggal, Durian Tunggal, Melaka','Durian Tunggal','76100','Melaka','2.4937000','102.2048000','https://maps.google.com/?q=2.4937000,102.2048000',1200.00,2400.00,'Master bedroom with private bathroom in a shared house.','WiFi,Air Conditioning,Wardrobe,Study Table,Washing Machine,Parking','none','rented',15,'2025-03-23 00:00:00','accepted','landlord_led','2025-03-26 00:00:00',15,'2025-03-23 00:00:00','2025-03-23 00:00:00');
INSERT IGNORE INTO property_images (id,property_id,image_path,is_primary,uploaded_at) VALUES (1196,132,'uploads/properties/img1.jpg',1,'2025-03-23 00:00:00');
INSERT IGNORE INTO property_images (id,property_id,image_path,is_primary,uploaded_at) VALUES (1197,132,'uploads/properties/img2.jpg',0,'2025-03-23 00:00:00');
INSERT IGNORE INTO property_documents (id,property_id,document_type,file_path,original_name,file_size,mime_type,uploaded_by,uploaded_at,notes) VALUES (1098,132,'ownership_proof','uploads/docs/132/ownership.pdf','ownership_proof.pdf',204800,'application/pdf',259,'2025-03-23 00:00:00',NULL);
INSERT IGNORE INTO property_agent_assignments (id,property_id,agent_id,round_number,assigned_at,responded_at,outcome) VALUES (91,132,15,1,'2025-03-23 00:00:00','2025-03-23 04:00:00','accepted');
INSERT IGNORE INTO properties (id,landlord_id,title,property_type,address,city,postcode,state,latitude,longitude,maps_url,monthly_rent,deposit,description,facilities,furnishing,status,assigned_agent_id,agent_assigned_at,agent_status,viewing_mode,agent_verified_at,agent_verified_by,created_at,updated_at) VALUES (133,260,'UTeM Area Whole_unit #133','whole_unit','No. 34, Jalan Tasik Utama, Ayer Keroh, Melaka','Ayer Keroh','75450','Melaka','2.2721000','102.2854000','https://maps.google.com/?q=2.2721000,102.2854000',1050.00,2100.00,'Studio apartment with city view. Fully furnished and ready to move in.','WiFi,Air Conditioning,Swimming Pool,Gym,Parking,Security','partial','rented',16,'2025-03-25 00:00:00','accepted','agent_led','2025-03-28 00:00:00',16,'2025-03-25 00:00:00','2025-03-25 00:00:00');
INSERT IGNORE INTO property_images (id,property_id,image_path,is_primary,uploaded_at) VALUES (1198,133,'uploads/properties/img1.jpg',1,'2025-03-25 00:00:00');
INSERT IGNORE INTO property_images (id,property_id,image_path,is_primary,uploaded_at) VALUES (1199,133,'uploads/properties/img2.jpg',0,'2025-03-25 00:00:00');
INSERT IGNORE INTO property_documents (id,property_id,document_type,file_path,original_name,file_size,mime_type,uploaded_by,uploaded_at,notes) VALUES (1099,133,'ownership_proof','uploads/docs/133/ownership.pdf','ownership_proof.pdf',204800,'application/pdf',260,'2025-03-25 00:00:00',NULL);
INSERT IGNORE INTO property_agent_assignments (id,property_id,agent_id,round_number,assigned_at,responded_at,outcome) VALUES (92,133,16,1,'2025-03-25 00:00:00','2025-03-25 04:00:00','accepted');
INSERT IGNORE INTO properties (id,landlord_id,title,property_type,address,city,postcode,state,latitude,longitude,maps_url,monthly_rent,deposit,description,facilities,furnishing,status,assigned_agent_id,agent_assigned_at,agent_status,viewing_mode,agent_verified_at,agent_verified_by,created_at,updated_at) VALUES (134,261,'UTeM Area Whole_unit #134','whole_unit','No. 35, Lorong Tasik 1, Ayer Keroh, Melaka','Ayer Keroh','75450','Melaka','2.2650000','102.2800000','https://maps.google.com/?q=2.2650000,102.2800000',1100.00,2200.00,'Double-storey house unit for rent. 3 rooms available for students.','WiFi,Fan,Washing Machine,Kitchen,Parking','full','rented',34,'2025-03-27 00:00:00','accepted','either','2025-03-30 00:00:00',34,'2025-03-27 00:00:00','2025-03-27 00:00:00');
INSERT IGNORE INTO property_images (id,property_id,image_path,is_primary,uploaded_at) VALUES (1200,134,'uploads/properties/img1.jpg',1,'2025-03-27 00:00:00');
INSERT IGNORE INTO property_images (id,property_id,image_path,is_primary,uploaded_at) VALUES (1201,134,'uploads/properties/img2.jpg',0,'2025-03-27 00:00:00');
INSERT IGNORE INTO property_documents (id,property_id,document_type,file_path,original_name,file_size,mime_type,uploaded_by,uploaded_at,notes) VALUES (1100,134,'ownership_proof','uploads/docs/134/ownership.pdf','ownership_proof.pdf',204800,'application/pdf',261,'2025-03-27 00:00:00',NULL);
INSERT IGNORE INTO property_agent_assignments (id,property_id,agent_id,round_number,assigned_at,responded_at,outcome) VALUES (93,134,34,1,'2025-03-27 00:00:00','2025-03-27 04:00:00','accepted');
INSERT IGNORE INTO properties (id,landlord_id,title,property_type,address,city,postcode,state,latitude,longitude,maps_url,monthly_rent,deposit,description,facilities,furnishing,status,assigned_agent_id,agent_assigned_at,agent_status,viewing_mode,agent_verified_at,agent_verified_by,created_at,updated_at) VALUES (135,262,'UTeM Area Whole_unit #135','whole_unit','No. 36, Persiaran Scientex, Durian Tunggal, Melaka','Durian Tunggal','76100','Melaka','2.5010000','102.1990000','https://maps.google.com/?q=2.5010000,102.1990000',1000.00,2000.00,'Cozy room near UTeM main gate. 5 minutes by bus to faculty.','WiFi,Air Conditioning,Water Heater,Wardrobe,Study Table,Kitchen,Parking,Security','none','available',35,'2025-03-29 00:00:00','accepted','landlord_led','2025-04-01 00:00:00',35,'2025-03-29 00:00:00','2025-03-29 00:00:00');
INSERT IGNORE INTO property_images (id,property_id,image_path,is_primary,uploaded_at) VALUES (1202,135,'uploads/properties/img1.jpg',1,'2025-03-29 00:00:00');
INSERT IGNORE INTO property_images (id,property_id,image_path,is_primary,uploaded_at) VALUES (1203,135,'uploads/properties/img2.jpg',0,'2025-03-29 00:00:00');
INSERT IGNORE INTO property_documents (id,property_id,document_type,file_path,original_name,file_size,mime_type,uploaded_by,uploaded_at,notes) VALUES (1101,135,'ownership_proof','uploads/docs/135/ownership.pdf','ownership_proof.pdf',204800,'application/pdf',262,'2025-03-29 00:00:00',NULL);
INSERT IGNORE INTO property_agent_assignments (id,property_id,agent_id,round_number,assigned_at,responded_at,outcome) VALUES (94,135,35,1,'2025-03-29 00:00:00','2025-03-29 04:00:00','accepted');
INSERT IGNORE INTO properties (id,landlord_id,title,property_type,address,city,postcode,state,latitude,longitude,maps_url,monthly_rent,deposit,description,facilities,furnishing,status,assigned_agent_id,agent_assigned_at,agent_status,viewing_mode,agent_verified_at,agent_verified_by,created_at,updated_at) VALUES (136,263,'UTeM Area Whole_unit #136','whole_unit','No. 37, Jalan Durian Tunggal, Durian Tunggal, Melaka','Durian Tunggal','76100','Melaka','2.4937000','102.2048000','https://maps.google.com/?q=2.4937000,102.2048000',1050.00,2100.00,'Comfortable room with attached bathroom, suitable for UTeM students. Close to campus bus stop.','WiFi,Air Conditioning,Washing Machine,Kitchen','partial','rented',15,'2025-03-31 00:00:00','accepted','landlord_led','2025-04-03 00:00:00',15,'2025-03-31 00:00:00','2025-03-31 00:00:00');
INSERT IGNORE INTO property_images (id,property_id,image_path,is_primary,uploaded_at) VALUES (1204,136,'uploads/properties/img1.jpg',1,'2025-03-31 00:00:00');
INSERT IGNORE INTO property_images (id,property_id,image_path,is_primary,uploaded_at) VALUES (1205,136,'uploads/properties/img2.jpg',0,'2025-03-31 00:00:00');
INSERT IGNORE INTO property_documents (id,property_id,document_type,file_path,original_name,file_size,mime_type,uploaded_by,uploaded_at,notes) VALUES (1102,136,'ownership_proof','uploads/docs/136/ownership.pdf','ownership_proof.pdf',204800,'application/pdf',263,'2025-03-31 00:00:00',NULL);
INSERT IGNORE INTO property_agent_assignments (id,property_id,agent_id,round_number,assigned_at,responded_at,outcome) VALUES (95,136,15,1,'2025-03-31 00:00:00','2025-03-31 04:00:00','accepted');
INSERT IGNORE INTO properties (id,landlord_id,title,property_type,address,city,postcode,state,latitude,longitude,maps_url,monthly_rent,deposit,description,facilities,furnishing,status,assigned_agent_id,agent_assigned_at,agent_status,viewing_mode,agent_verified_at,agent_verified_by,created_at,updated_at) VALUES (137,264,'UTeM Area Studio #137','studio','No. 38, Jalan Tasik Utama, Ayer Keroh, Melaka','Ayer Keroh','75450','Melaka','2.2721000','102.2854000','https://maps.google.com/?q=2.2721000,102.2854000',750.00,1500.00,'Fully furnished studio unit with modern amenities. Quiet neighbourhood.','WiFi,Air Conditioning,Water Heater,Kitchen,Parking','full','rented',16,'2025-04-02 00:00:00','accepted','either','2025-04-05 00:00:00',16,'2025-04-02 00:00:00','2025-04-02 00:00:00');
INSERT IGNORE INTO property_images (id,property_id,image_path,is_primary,uploaded_at) VALUES (1206,137,'uploads/properties/img1.jpg',1,'2025-04-02 00:00:00');
INSERT IGNORE INTO property_images (id,property_id,image_path,is_primary,uploaded_at) VALUES (1207,137,'uploads/properties/img2.jpg',0,'2025-04-02 00:00:00');
INSERT IGNORE INTO property_documents (id,property_id,document_type,file_path,original_name,file_size,mime_type,uploaded_by,uploaded_at,notes) VALUES (1103,137,'ownership_proof','uploads/docs/137/ownership.pdf','ownership_proof.pdf',204800,'application/pdf',264,'2025-04-02 00:00:00',NULL);
INSERT IGNORE INTO property_agent_assignments (id,property_id,agent_id,round_number,assigned_at,responded_at,outcome) VALUES (96,137,16,1,'2025-04-02 00:00:00','2025-04-02 04:00:00','accepted');
INSERT IGNORE INTO properties (id,landlord_id,title,property_type,address,city,postcode,state,latitude,longitude,maps_url,monthly_rent,deposit,description,facilities,furnishing,status,assigned_agent_id,agent_assigned_at,agent_status,viewing_mode,agent_verified_at,agent_verified_by,created_at,updated_at) VALUES (138,265,'UTeM Area Studio #138','studio','No. 39, Lorong Tasik 1, Ayer Keroh, Melaka','Ayer Keroh','75450','Melaka','2.2650000','102.2800000','https://maps.google.com/?q=2.2650000,102.2800000',780.00,1560.00,'Spacious whole unit suitable for group of students. Near supermarket and food court.','WiFi,Air Conditioning,Washing Machine,Refrigerator,Kitchen,Parking','none','rented',34,'2025-04-04 00:00:00','accepted','landlord_led','2025-04-07 00:00:00',34,'2025-04-04 00:00:00','2025-04-04 00:00:00');
INSERT IGNORE INTO property_images (id,property_id,image_path,is_primary,uploaded_at) VALUES (1208,138,'uploads/properties/img1.jpg',1,'2025-04-04 00:00:00');
INSERT IGNORE INTO property_images (id,property_id,image_path,is_primary,uploaded_at) VALUES (1209,138,'uploads/properties/img2.jpg',0,'2025-04-04 00:00:00');
INSERT IGNORE INTO property_documents (id,property_id,document_type,file_path,original_name,file_size,mime_type,uploaded_by,uploaded_at,notes) VALUES (1104,138,'ownership_proof','uploads/docs/138/ownership.pdf','ownership_proof.pdf',204800,'application/pdf',265,'2025-04-04 00:00:00',NULL);
INSERT IGNORE INTO property_agent_assignments (id,property_id,agent_id,round_number,assigned_at,responded_at,outcome) VALUES (97,138,34,1,'2025-04-04 00:00:00','2025-04-04 04:00:00','accepted');

-- ============================================================
-- BOOKINGS
-- ============================================================

-- Sem 1 tenancies
INSERT IGNORE INTO tenancies (id,student_id,property_id,landlord_id,agent_id,start_date,end_date,duration_type,monthly_rent,deposit,status,signed_contract_path,signed_uploaded_at,signed_uploaded_by,student_note,landlord_response,cancellation_reason,cancelled_by,created_at,updated_at) VALUES (1,36,34,236,16,'2024-02-01','2024-07-30','1_semester',1200.00,2400.00,'active','uploads/contracts/tenancy_1_signed.pdf','2024-01-25 00:00:00',36,'I am interested in this property. Please consider my application.',NULL,NULL,NULL,'2024-01-25 00:00:00','2024-01-25 00:00:00');
INSERT IGNORE INTO tenancies (id,student_id,property_id,landlord_id,agent_id,start_date,end_date,duration_type,monthly_rent,deposit,status,signed_contract_path,signed_uploaded_at,signed_uploaded_by,student_note,landlord_response,cancellation_reason,cancelled_by,created_at,updated_at) VALUES (2,37,35,237,34,'2024-02-02','2025-02-01','1_year',1000.00,2000.00,'active','uploads/contracts/tenancy_2_signed.pdf','2024-01-26 00:00:00',37,'I am interested in this property. Please consider my application.',NULL,NULL,NULL,'2024-01-26 00:00:00','2024-01-26 00:00:00');
INSERT IGNORE INTO tenancies (id,student_id,property_id,landlord_id,agent_id,start_date,end_date,duration_type,monthly_rent,deposit,status,signed_contract_path,signed_uploaded_at,signed_uploaded_by,student_note,landlord_response,cancellation_reason,cancelled_by,created_at,updated_at) VALUES (3,38,36,238,35,'2024-02-03','2024-08-01','1_semester',1100.00,2200.00,'active','uploads/contracts/tenancy_3_signed.pdf','2024-01-27 00:00:00',38,'I am interested in this property. Please consider my application.',NULL,NULL,NULL,'2024-01-27 00:00:00','2024-01-27 00:00:00');
INSERT IGNORE INTO tenancies (id,student_id,property_id,landlord_id,agent_id,start_date,end_date,duration_type,monthly_rent,deposit,status,signed_contract_path,signed_uploaded_at,signed_uploaded_by,student_note,landlord_response,cancellation_reason,cancelled_by,created_at,updated_at) VALUES (4,39,37,239,15,'2024-02-04','2025-02-03','1_year',800.00,1600.00,'active','uploads/contracts/tenancy_4_signed.pdf','2024-01-28 00:00:00',39,'I am interested in this property. Please consider my application.',NULL,NULL,NULL,'2024-01-28 00:00:00','2024-01-28 00:00:00');
INSERT IGNORE INTO tenancies (id,student_id,property_id,landlord_id,agent_id,start_date,end_date,duration_type,monthly_rent,deposit,status,signed_contract_path,signed_uploaded_at,signed_uploaded_by,student_note,landlord_response,cancellation_reason,cancelled_by,created_at,updated_at) VALUES (5,40,38,240,16,'2024-02-05','2024-08-03','1_semester',700.00,1400.00,'active','uploads/contracts/tenancy_5_signed.pdf','2024-01-29 00:00:00',40,'I am interested in this property. Please consider my application.',NULL,NULL,NULL,'2024-01-29 00:00:00','2024-01-29 00:00:00');
INSERT IGNORE INTO tenancies (id,student_id,property_id,landlord_id,agent_id,start_date,end_date,duration_type,monthly_rent,deposit,status,signed_contract_path,signed_uploaded_at,signed_uploaded_by,student_note,landlord_response,cancellation_reason,cancelled_by,created_at,updated_at) VALUES (6,50,39,241,34,'2024-02-06','2025-02-05','1_year',780.00,1560.00,'cancelled_by_student',NULL,NULL,NULL,'I am interested in this property. Please consider my application.',NULL,'Found another place closer to campus',50,'2024-01-30 00:00:00','2024-01-30 00:00:00');
INSERT IGNORE INTO tenancies (id,student_id,property_id,landlord_id,agent_id,start_date,end_date,duration_type,monthly_rent,deposit,status,signed_contract_path,signed_uploaded_at,signed_uploaded_by,student_note,landlord_response,cancellation_reason,cancelled_by,created_at,updated_at) VALUES (7,42,40,238,35,'2024-02-07','2024-08-05','1_semester',285.00,570.00,'active','uploads/contracts/tenancy_7_signed.pdf','2024-01-31 00:00:00',42,'I am interested in this property. Please consider my application.',NULL,NULL,NULL,'2024-01-31 00:00:00','2024-01-31 00:00:00');
INSERT IGNORE INTO tenancies (id,student_id,property_id,landlord_id,agent_id,start_date,end_date,duration_type,monthly_rent,deposit,status,signed_contract_path,signed_uploaded_at,signed_uploaded_by,student_note,landlord_response,cancellation_reason,cancelled_by,created_at,updated_at) VALUES (8,43,41,238,15,'2024-02-08','2025-02-07','1_year',295.00,590.00,'active','uploads/contracts/tenancy_8_signed.pdf','2024-02-01 00:00:00',43,'I am interested in this property. Please consider my application.',NULL,NULL,NULL,'2024-02-01 00:00:00','2024-02-01 00:00:00');
INSERT IGNORE INTO tenancies (id,student_id,property_id,landlord_id,agent_id,start_date,end_date,duration_type,monthly_rent,deposit,status,signed_contract_path,signed_uploaded_at,signed_uploaded_by,student_note,landlord_response,cancellation_reason,cancelled_by,created_at,updated_at) VALUES (9,44,42,238,16,'2024-02-09','2024-08-07','1_semester',305.00,610.00,'rejected_by_landlord',NULL,NULL,NULL,'I am interested in this property. Please consider my application.','Sorry, already rented to a walk-in tenant',NULL,NULL,'2024-02-02 00:00:00','2024-02-02 00:00:00');
INSERT IGNORE INTO tenancies (id,student_id,property_id,landlord_id,agent_id,start_date,end_date,duration_type,monthly_rent,deposit,status,signed_contract_path,signed_uploaded_at,signed_uploaded_by,student_note,landlord_response,cancellation_reason,cancelled_by,created_at,updated_at) VALUES (10,45,43,245,34,'2024-02-10','2025-02-09','1_year',315.00,630.00,'active','uploads/contracts/tenancy_10_signed.pdf','2024-02-03 00:00:00',45,'I am interested in this property. Please consider my application.',NULL,NULL,NULL,'2024-02-03 00:00:00','2024-02-03 00:00:00');
INSERT IGNORE INTO tenancies (id,student_id,property_id,landlord_id,agent_id,start_date,end_date,duration_type,monthly_rent,deposit,status,signed_contract_path,signed_uploaded_at,signed_uploaded_by,student_note,landlord_response,cancellation_reason,cancelled_by,created_at,updated_at) VALUES (11,46,44,246,35,'2024-02-11','2024-08-09','1_semester',280.00,560.00,'active','uploads/contracts/tenancy_11_signed.pdf','2024-02-04 00:00:00',46,'I am interested in this property. Please consider my application.',NULL,NULL,NULL,'2024-02-04 00:00:00','2024-02-04 00:00:00');
INSERT IGNORE INTO tenancies (id,student_id,property_id,landlord_id,agent_id,start_date,end_date,duration_type,monthly_rent,deposit,status,signed_contract_path,signed_uploaded_at,signed_uploaded_by,student_note,landlord_response,cancellation_reason,cancelled_by,created_at,updated_at) VALUES (12,47,45,247,15,'2024-02-12','2025-02-11','1_year',280.00,560.00,'active','uploads/contracts/tenancy_12_signed.pdf','2024-02-05 00:00:00',47,'I am interested in this property. Please consider my application.',NULL,NULL,NULL,'2024-02-05 00:00:00','2024-02-05 00:00:00');
INSERT IGNORE INTO tenancies (id,student_id,property_id,landlord_id,agent_id,start_date,end_date,duration_type,monthly_rent,deposit,status,signed_contract_path,signed_uploaded_at,signed_uploaded_by,student_note,landlord_response,cancellation_reason,cancelled_by,created_at,updated_at) VALUES (13,48,46,248,16,'2024-02-13','2024-08-11','1_semester',290.00,580.00,'active','uploads/contracts/tenancy_13_signed.pdf','2024-02-06 00:00:00',48,'I am interested in this property. Please consider my application.',NULL,NULL,NULL,'2024-02-06 00:00:00','2024-02-06 00:00:00');
INSERT IGNORE INTO tenancies (id,student_id,property_id,landlord_id,agent_id,start_date,end_date,duration_type,monthly_rent,deposit,status,signed_contract_path,signed_uploaded_at,signed_uploaded_by,student_note,landlord_response,cancellation_reason,cancelled_by,created_at,updated_at) VALUES (14,49,47,249,34,'2024-02-14','2025-02-13','1_year',300.00,600.00,'active','uploads/contracts/tenancy_14_signed.pdf','2024-02-07 00:00:00',49,'I am interested in this property. Please consider my application.',NULL,NULL,NULL,'2024-02-07 00:00:00','2024-02-07 00:00:00');
INSERT IGNORE INTO tenancies (id,student_id,property_id,landlord_id,agent_id,start_date,end_date,duration_type,monthly_rent,deposit,status,signed_contract_path,signed_uploaded_at,signed_uploaded_by,student_note,landlord_response,cancellation_reason,cancelled_by,created_at,updated_at) VALUES (15,50,48,250,35,'2024-02-15','2024-08-13','1_semester',310.00,620.00,'active','uploads/contracts/tenancy_15_signed.pdf','2024-02-08 00:00:00',50,'I am interested in this property. Please consider my application.',NULL,NULL,NULL,'2024-02-08 00:00:00','2024-02-08 00:00:00');
INSERT IGNORE INTO tenancies (id,student_id,property_id,landlord_id,agent_id,start_date,end_date,duration_type,monthly_rent,deposit,status,signed_contract_path,signed_uploaded_at,signed_uploaded_by,student_note,landlord_response,cancellation_reason,cancelled_by,created_at,updated_at) VALUES (16,51,49,236,15,'2024-02-16','2025-02-15','1_year',320.00,640.00,'active','uploads/contracts/tenancy_16_signed.pdf','2024-02-09 00:00:00',51,'I am interested in this property. Please consider my application.',NULL,NULL,NULL,'2024-02-09 00:00:00','2024-02-09 00:00:00');
INSERT IGNORE INTO tenancies (id,student_id,property_id,landlord_id,agent_id,start_date,end_date,duration_type,monthly_rent,deposit,status,signed_contract_path,signed_uploaded_at,signed_uploaded_by,student_note,landlord_response,cancellation_reason,cancelled_by,created_at,updated_at) VALUES (17,52,50,237,16,'2024-02-17','2024-08-15','1_semester',280.00,560.00,'active','uploads/contracts/tenancy_17_signed.pdf','2024-02-10 00:00:00',52,'I am interested in this property. Please consider my application.',NULL,NULL,NULL,'2024-02-10 00:00:00','2024-02-10 00:00:00');
INSERT IGNORE INTO tenancies (id,student_id,property_id,landlord_id,agent_id,start_date,end_date,duration_type,monthly_rent,deposit,status,signed_contract_path,signed_uploaded_at,signed_uploaded_by,student_note,landlord_response,cancellation_reason,cancelled_by,created_at,updated_at) VALUES (18,53,51,238,34,'2024-02-18','2025-02-17','1_year',290.00,580.00,'completed','uploads/contracts/tenancy_18_signed.pdf','2024-02-11 00:00:00',53,'I am interested in this property. Please consider my application.',NULL,NULL,NULL,'2024-02-11 00:00:00','2024-02-11 00:00:00');
INSERT IGNORE INTO tenancies (id,student_id,property_id,landlord_id,agent_id,start_date,end_date,duration_type,monthly_rent,deposit,status,signed_contract_path,signed_uploaded_at,signed_uploaded_by,student_note,landlord_response,cancellation_reason,cancelled_by,created_at,updated_at) VALUES (19,54,52,239,35,'2024-02-19','2024-08-17','1_semester',1050.00,2100.00,'completed','uploads/contracts/tenancy_19_signed.pdf','2024-02-12 00:00:00',54,'I am interested in this property. Please consider my application.',NULL,NULL,NULL,'2024-02-12 00:00:00','2024-02-12 00:00:00');
INSERT IGNORE INTO tenancies (id,student_id,property_id,landlord_id,agent_id,start_date,end_date,duration_type,monthly_rent,deposit,status,signed_contract_path,signed_uploaded_at,signed_uploaded_by,student_note,landlord_response,cancellation_reason,cancelled_by,created_at,updated_at) VALUES (20,55,53,240,15,'2024-02-20','2025-02-19','1_year',1200.00,2400.00,'completed','uploads/contracts/tenancy_20_signed.pdf','2024-02-13 00:00:00',55,'I am interested in this property. Please consider my application.',NULL,NULL,NULL,'2024-02-13 00:00:00','2024-02-13 00:00:00');
INSERT IGNORE INTO tenancies (id,student_id,property_id,landlord_id,agent_id,start_date,end_date,duration_type,monthly_rent,deposit,status,signed_contract_path,signed_uploaded_at,signed_uploaded_by,student_note,landlord_response,cancellation_reason,cancelled_by,created_at,updated_at) VALUES (21,56,54,241,16,'2024-02-21','2024-08-19','1_semester',1100.00,2200.00,'completed','uploads/contracts/tenancy_21_signed.pdf','2024-02-14 00:00:00',56,'I am interested in this property. Please consider my application.',NULL,NULL,NULL,'2024-02-14 00:00:00','2024-02-14 00:00:00');
INSERT IGNORE INTO tenancies (id,student_id,property_id,landlord_id,agent_id,start_date,end_date,duration_type,monthly_rent,deposit,status,signed_contract_path,signed_uploaded_at,signed_uploaded_by,student_note,landlord_response,cancellation_reason,cancelled_by,created_at,updated_at) VALUES (22,57,55,242,34,'2024-02-22','2025-02-21','1_year',1150.00,2300.00,'completed','uploads/contracts/tenancy_22_signed.pdf','2024-02-15 00:00:00',57,'I am interested in this property. Please consider my application.',NULL,NULL,NULL,'2024-02-15 00:00:00','2024-02-15 00:00:00');
INSERT IGNORE INTO tenancies (id,student_id,property_id,landlord_id,agent_id,start_date,end_date,duration_type,monthly_rent,deposit,status,signed_contract_path,signed_uploaded_at,signed_uploaded_by,student_note,landlord_response,cancellation_reason,cancelled_by,created_at,updated_at) VALUES (23,58,56,243,35,'2024-02-23','2024-08-21','1_semester',1000.00,2000.00,'completed','uploads/contracts/tenancy_23_signed.pdf','2024-02-16 00:00:00',58,'I am interested in this property. Please consider my application.',NULL,NULL,NULL,'2024-02-16 00:00:00','2024-02-16 00:00:00');
INSERT IGNORE INTO tenancies (id,student_id,property_id,landlord_id,agent_id,start_date,end_date,duration_type,monthly_rent,deposit,status,signed_contract_path,signed_uploaded_at,signed_uploaded_by,student_note,landlord_response,cancellation_reason,cancelled_by,created_at,updated_at) VALUES (24,59,57,244,15,'2024-02-24','2025-02-23','1_year',800.00,1600.00,'completed','uploads/contracts/tenancy_24_signed.pdf','2024-02-17 00:00:00',59,'I am interested in this property. Please consider my application.',NULL,NULL,NULL,'2024-02-17 00:00:00','2024-02-17 00:00:00');
INSERT IGNORE INTO tenancies (id,student_id,property_id,landlord_id,agent_id,start_date,end_date,duration_type,monthly_rent,deposit,status,signed_contract_path,signed_uploaded_at,signed_uploaded_by,student_note,landlord_response,cancellation_reason,cancelled_by,created_at,updated_at) VALUES (25,60,58,245,16,'2024-02-25','2024-08-23','1_semester',700.00,1400.00,'completed','uploads/contracts/tenancy_25_signed.pdf','2024-02-18 00:00:00',60,'I am interested in this property. Please consider my application.',NULL,NULL,NULL,'2024-02-18 00:00:00','2024-02-18 00:00:00');
INSERT IGNORE INTO tenancies (id,student_id,property_id,landlord_id,agent_id,start_date,end_date,duration_type,monthly_rent,deposit,status,signed_contract_path,signed_uploaded_at,signed_uploaded_by,student_note,landlord_response,cancellation_reason,cancelled_by,created_at,updated_at) VALUES (26,61,59,246,34,'2024-02-26','2025-02-25','1_year',750.00,1500.00,'completed','uploads/contracts/tenancy_26_signed.pdf','2024-02-19 00:00:00',61,'I am interested in this property. Please consider my application.',NULL,NULL,NULL,'2024-02-19 00:00:00','2024-02-19 00:00:00');
INSERT IGNORE INTO tenancies (id,student_id,property_id,landlord_id,agent_id,start_date,end_date,duration_type,monthly_rent,deposit,status,signed_contract_path,signed_uploaded_at,signed_uploaded_by,student_note,landlord_response,cancellation_reason,cancelled_by,created_at,updated_at) VALUES (27,62,60,247,35,'2024-02-27','2024-08-25','1_semester',280.00,560.00,'completed','uploads/contracts/tenancy_27_signed.pdf','2024-02-20 00:00:00',62,'I am interested in this property. Please consider my application.',NULL,NULL,NULL,'2024-02-20 00:00:00','2024-02-20 00:00:00');
INSERT IGNORE INTO tenancies (id,student_id,property_id,landlord_id,agent_id,start_date,end_date,duration_type,monthly_rent,deposit,status,signed_contract_path,signed_uploaded_at,signed_uploaded_by,student_note,landlord_response,cancellation_reason,cancelled_by,created_at,updated_at) VALUES (28,63,61,248,15,'2024-02-28','2025-02-27','1_year',290.00,580.00,'completed','uploads/contracts/tenancy_28_signed.pdf','2024-02-21 00:00:00',63,'I am interested in this property. Please consider my application.',NULL,NULL,NULL,'2024-02-21 00:00:00','2024-02-21 00:00:00');
INSERT IGNORE INTO tenancies (id,student_id,property_id,landlord_id,agent_id,start_date,end_date,duration_type,monthly_rent,deposit,status,signed_contract_path,signed_uploaded_at,signed_uploaded_by,student_note,landlord_response,cancellation_reason,cancelled_by,created_at,updated_at) VALUES (29,64,62,249,16,'2024-02-01','2024-07-30','1_semester',300.00,600.00,'completed','uploads/contracts/tenancy_29_signed.pdf','2024-01-25 00:00:00',64,'I am interested in this property. Please consider my application.',NULL,NULL,NULL,'2024-02-22 00:00:00','2024-02-22 00:00:00');
INSERT IGNORE INTO tenancies (id,student_id,property_id,landlord_id,agent_id,start_date,end_date,duration_type,monthly_rent,deposit,status,signed_contract_path,signed_uploaded_at,signed_uploaded_by,student_note,landlord_response,cancellation_reason,cancelled_by,created_at,updated_at) VALUES (30,65,63,250,34,'2024-02-02','2025-02-01','1_year',310.00,620.00,'completed','uploads/contracts/tenancy_30_signed.pdf','2024-01-26 00:00:00',65,'I am interested in this property. Please consider my application.',NULL,NULL,NULL,'2024-02-23 00:00:00','2024-02-23 00:00:00');

-- Sem 2 tenancies
INSERT IGNORE INTO tenancies (id,student_id,property_id,landlord_id,agent_id,start_date,end_date,duration_type,monthly_rent,deposit,status,signed_contract_path,signed_uploaded_at,signed_uploaded_by,student_note,landlord_response,cancellation_reason,cancelled_by,created_at,updated_at) VALUES (31,86,80,242,35,'2024-09-01','2025-02-28','1_semester',1100.00,2200.00,'active','uploads/contracts/tenancy_31_signed.pdf','2024-08-25 00:00:00',86,'I am interested in this property. Please consider my application.',NULL,NULL,NULL,'2024-08-10 00:00:00','2024-08-10 00:00:00');
INSERT IGNORE INTO tenancies (id,student_id,property_id,landlord_id,agent_id,start_date,end_date,duration_type,monthly_rent,deposit,status,signed_contract_path,signed_uploaded_at,signed_uploaded_by,student_note,landlord_response,cancellation_reason,cancelled_by,created_at,updated_at) VALUES (32,87,80,242,15,'2024-09-02','2025-09-02','1_year',1100.00,2200.00,'active','uploads/contracts/tenancy_32_signed.pdf','2024-08-26 00:00:00',87,'I am interested in this property. Please consider my application.',NULL,NULL,NULL,'2024-08-11 00:00:00','2024-08-11 00:00:00');
INSERT IGNORE INTO tenancies (id,student_id,property_id,landlord_id,agent_id,start_date,end_date,duration_type,monthly_rent,deposit,status,signed_contract_path,signed_uploaded_at,signed_uploaded_by,student_note,landlord_response,cancellation_reason,cancelled_by,created_at,updated_at) VALUES (33,88,80,242,16,'2024-09-03','2025-03-02','1_semester',1100.00,2200.00,'active','uploads/contracts/tenancy_33_signed.pdf','2024-08-27 00:00:00',88,'I am interested in this property. Please consider my application.',NULL,NULL,NULL,'2024-08-12 00:00:00','2024-08-12 00:00:00');
INSERT IGNORE INTO tenancies (id,student_id,property_id,landlord_id,agent_id,start_date,end_date,duration_type,monthly_rent,deposit,status,signed_contract_path,signed_uploaded_at,signed_uploaded_by,student_note,landlord_response,cancellation_reason,cancelled_by,created_at,updated_at) VALUES (34,89,80,242,34,'2024-09-04','2025-09-04','1_year',1100.00,2200.00,'active','uploads/contracts/tenancy_34_signed.pdf','2024-08-28 00:00:00',89,'I am interested in this property. Please consider my application.',NULL,NULL,NULL,'2024-08-13 00:00:00','2024-08-13 00:00:00');
INSERT IGNORE INTO tenancies (id,student_id,property_id,landlord_id,agent_id,start_date,end_date,duration_type,monthly_rent,deposit,status,signed_contract_path,signed_uploaded_at,signed_uploaded_by,student_note,landlord_response,cancellation_reason,cancelled_by,created_at,updated_at) VALUES (35,90,34,236,35,'2024-09-05','2025-03-04','1_semester',1200.00,2400.00,'completed','uploads/contracts/tenancy_35_signed.pdf','2024-08-29 00:00:00',90,'I am interested in this property. Please consider my application.',NULL,NULL,NULL,'2024-08-14 00:00:00','2024-08-14 00:00:00');
INSERT IGNORE INTO tenancies (id,student_id,property_id,landlord_id,agent_id,start_date,end_date,duration_type,monthly_rent,deposit,status,signed_contract_path,signed_uploaded_at,signed_uploaded_by,student_note,landlord_response,cancellation_reason,cancelled_by,created_at,updated_at) VALUES (36,91,39,241,15,'2024-09-06','2025-09-06','1_year',780.00,1560.00,'completed','uploads/contracts/tenancy_36_signed.pdf','2024-08-30 00:00:00',91,'I am interested in this property. Please consider my application.',NULL,NULL,NULL,'2024-08-15 00:00:00','2024-08-15 00:00:00');
INSERT IGNORE INTO tenancies (id,student_id,property_id,landlord_id,agent_id,start_date,end_date,duration_type,monthly_rent,deposit,status,signed_contract_path,signed_uploaded_at,signed_uploaded_by,student_note,landlord_response,cancellation_reason,cancelled_by,created_at,updated_at) VALUES (37,92,40,238,16,'2024-09-07','2025-03-06','1_semester',285.00,570.00,'completed','uploads/contracts/tenancy_37_signed.pdf','2024-08-31 00:00:00',92,'I am interested in this property. Please consider my application.',NULL,NULL,NULL,'2024-08-16 00:00:00','2024-08-16 00:00:00');
INSERT IGNORE INTO tenancies (id,student_id,property_id,landlord_id,agent_id,start_date,end_date,duration_type,monthly_rent,deposit,status,signed_contract_path,signed_uploaded_at,signed_uploaded_by,student_note,landlord_response,cancellation_reason,cancelled_by,created_at,updated_at) VALUES (38,93,41,238,34,'2024-09-08','2025-09-08','1_year',295.00,590.00,'completed','uploads/contracts/tenancy_38_signed.pdf','2024-09-01 00:00:00',93,'I am interested in this property. Please consider my application.',NULL,NULL,NULL,'2024-08-17 00:00:00','2024-08-17 00:00:00');
INSERT IGNORE INTO tenancies (id,student_id,property_id,landlord_id,agent_id,start_date,end_date,duration_type,monthly_rent,deposit,status,signed_contract_path,signed_uploaded_at,signed_uploaded_by,student_note,landlord_response,cancellation_reason,cancelled_by,created_at,updated_at) VALUES (39,94,42,238,35,'2024-09-09','2025-03-08','1_semester',305.00,610.00,'completed','uploads/contracts/tenancy_39_signed.pdf','2024-09-02 00:00:00',94,'I am interested in this property. Please consider my application.',NULL,NULL,NULL,'2024-08-18 00:00:00','2024-08-18 00:00:00');
INSERT IGNORE INTO tenancies (id,student_id,property_id,landlord_id,agent_id,start_date,end_date,duration_type,monthly_rent,deposit,status,signed_contract_path,signed_uploaded_at,signed_uploaded_by,student_note,landlord_response,cancellation_reason,cancelled_by,created_at,updated_at) VALUES (40,95,43,245,15,'2024-09-10','2025-09-10','1_year',315.00,630.00,'completed','uploads/contracts/tenancy_40_signed.pdf','2024-09-03 00:00:00',95,'I am interested in this property. Please consider my application.',NULL,NULL,NULL,'2024-08-19 00:00:00','2024-08-19 00:00:00');
INSERT IGNORE INTO tenancies (id,student_id,property_id,landlord_id,agent_id,start_date,end_date,duration_type,monthly_rent,deposit,status,signed_contract_path,signed_uploaded_at,signed_uploaded_by,student_note,landlord_response,cancellation_reason,cancelled_by,created_at,updated_at) VALUES (41,96,44,246,16,'2024-09-11','2025-03-10','1_semester',280.00,560.00,'completed','uploads/contracts/tenancy_41_signed.pdf','2024-09-04 00:00:00',96,'I am interested in this property. Please consider my application.',NULL,NULL,NULL,'2024-08-20 00:00:00','2024-08-20 00:00:00');
INSERT IGNORE INTO tenancies (id,student_id,property_id,landlord_id,agent_id,start_date,end_date,duration_type,monthly_rent,deposit,status,signed_contract_path,signed_uploaded_at,signed_uploaded_by,student_note,landlord_response,cancellation_reason,cancelled_by,created_at,updated_at) VALUES (42,97,45,247,34,'2024-09-12','2025-09-12','1_year',280.00,560.00,'completed','uploads/contracts/tenancy_42_signed.pdf','2024-09-05 00:00:00',97,'I am interested in this property. Please consider my application.',NULL,NULL,NULL,'2024-08-21 00:00:00','2024-08-21 00:00:00');
INSERT IGNORE INTO tenancies (id,student_id,property_id,landlord_id,agent_id,start_date,end_date,duration_type,monthly_rent,deposit,status,signed_contract_path,signed_uploaded_at,signed_uploaded_by,student_note,landlord_response,cancellation_reason,cancelled_by,created_at,updated_at) VALUES (43,98,46,248,35,'2024-09-13','2025-03-12','1_semester',290.00,580.00,'completed','uploads/contracts/tenancy_43_signed.pdf','2024-09-06 00:00:00',98,'I am interested in this property. Please consider my application.',NULL,NULL,NULL,'2024-08-22 00:00:00','2024-08-22 00:00:00');
INSERT IGNORE INTO tenancies (id,student_id,property_id,landlord_id,agent_id,start_date,end_date,duration_type,monthly_rent,deposit,status,signed_contract_path,signed_uploaded_at,signed_uploaded_by,student_note,landlord_response,cancellation_reason,cancelled_by,created_at,updated_at) VALUES (44,99,47,249,15,'2024-09-14','2025-09-14','1_year',300.00,600.00,'completed','uploads/contracts/tenancy_44_signed.pdf','2024-09-07 00:00:00',99,'I am interested in this property. Please consider my application.',NULL,NULL,NULL,'2024-08-23 00:00:00','2024-08-23 00:00:00');
INSERT IGNORE INTO tenancies (id,student_id,property_id,landlord_id,agent_id,start_date,end_date,duration_type,monthly_rent,deposit,status,signed_contract_path,signed_uploaded_at,signed_uploaded_by,student_note,landlord_response,cancellation_reason,cancelled_by,created_at,updated_at) VALUES (45,100,48,250,16,'2024-09-15','2025-03-14','1_semester',310.00,620.00,'completed','uploads/contracts/tenancy_45_signed.pdf','2024-09-08 00:00:00',100,'I am interested in this property. Please consider my application.',NULL,NULL,NULL,'2024-08-24 00:00:00','2024-08-24 00:00:00');
INSERT IGNORE INTO tenancies (id,student_id,property_id,landlord_id,agent_id,start_date,end_date,duration_type,monthly_rent,deposit,status,signed_contract_path,signed_uploaded_at,signed_uploaded_by,student_note,landlord_response,cancellation_reason,cancelled_by,created_at,updated_at) VALUES (46,101,49,236,34,'2024-09-16','2025-09-16','1_year',320.00,640.00,'completed','uploads/contracts/tenancy_46_signed.pdf','2024-09-09 00:00:00',101,'I am interested in this property. Please consider my application.',NULL,NULL,NULL,'2024-08-25 00:00:00','2024-08-25 00:00:00');
INSERT IGNORE INTO tenancies (id,student_id,property_id,landlord_id,agent_id,start_date,end_date,duration_type,monthly_rent,deposit,status,signed_contract_path,signed_uploaded_at,signed_uploaded_by,student_note,landlord_response,cancellation_reason,cancelled_by,created_at,updated_at) VALUES (47,102,50,237,35,'2024-09-17','2025-03-16','1_semester',280.00,560.00,'completed','uploads/contracts/tenancy_47_signed.pdf','2024-09-10 00:00:00',102,'I am interested in this property. Please consider my application.',NULL,NULL,NULL,'2024-08-26 00:00:00','2024-08-26 00:00:00');
INSERT IGNORE INTO tenancies (id,student_id,property_id,landlord_id,agent_id,start_date,end_date,duration_type,monthly_rent,deposit,status,signed_contract_path,signed_uploaded_at,signed_uploaded_by,student_note,landlord_response,cancellation_reason,cancelled_by,created_at,updated_at) VALUES (48,103,51,238,15,'2024-09-18','2025-09-18','1_year',290.00,580.00,'rejected_by_landlord',NULL,NULL,NULL,'I am interested in this property. Please consider my application.','Sorry, already rented to a walk-in tenant',NULL,NULL,'2024-08-27 00:00:00','2024-08-27 00:00:00');
INSERT IGNORE INTO tenancies (id,student_id,property_id,landlord_id,agent_id,start_date,end_date,duration_type,monthly_rent,deposit,status,signed_contract_path,signed_uploaded_at,signed_uploaded_by,student_note,landlord_response,cancellation_reason,cancelled_by,created_at,updated_at) VALUES (49,104,52,239,16,'2024-09-19','2025-03-18','1_semester',1050.00,2100.00,'rejected_by_landlord',NULL,NULL,NULL,'I am interested in this property. Please consider my application.','Sorry, already rented to a walk-in tenant',NULL,NULL,'2024-08-28 00:00:00','2024-08-28 00:00:00');
INSERT IGNORE INTO tenancies (id,student_id,property_id,landlord_id,agent_id,start_date,end_date,duration_type,monthly_rent,deposit,status,signed_contract_path,signed_uploaded_at,signed_uploaded_by,student_note,landlord_response,cancellation_reason,cancelled_by,created_at,updated_at) VALUES (50,105,53,240,34,'2024-09-20','2025-09-20','1_year',1200.00,2400.00,'rejected_by_landlord',NULL,NULL,NULL,'I am interested in this property. Please consider my application.','Sorry, already rented to a walk-in tenant',NULL,NULL,'2024-08-29 00:00:00','2024-08-29 00:00:00');
INSERT IGNORE INTO tenancies (id,student_id,property_id,landlord_id,agent_id,start_date,end_date,duration_type,monthly_rent,deposit,status,signed_contract_path,signed_uploaded_at,signed_uploaded_by,student_note,landlord_response,cancellation_reason,cancelled_by,created_at,updated_at) VALUES (51,106,54,241,35,'2024-09-21','2025-03-20','1_semester',1100.00,2200.00,'rejected_by_landlord',NULL,NULL,NULL,'I am interested in this property. Please consider my application.','Sorry, already rented to a walk-in tenant',NULL,NULL,'2024-08-30 00:00:00','2024-08-30 00:00:00');
INSERT IGNORE INTO tenancies (id,student_id,property_id,landlord_id,agent_id,start_date,end_date,duration_type,monthly_rent,deposit,status,signed_contract_path,signed_uploaded_at,signed_uploaded_by,student_note,landlord_response,cancellation_reason,cancelled_by,created_at,updated_at) VALUES (52,107,55,242,15,'2024-09-22','2025-09-22','1_year',1150.00,2300.00,'rejected_by_landlord',NULL,NULL,NULL,'I am interested in this property. Please consider my application.','Sorry, already rented to a walk-in tenant',NULL,NULL,'2024-08-31 00:00:00','2024-08-31 00:00:00');
INSERT IGNORE INTO tenancies (id,student_id,property_id,landlord_id,agent_id,start_date,end_date,duration_type,monthly_rent,deposit,status,signed_contract_path,signed_uploaded_at,signed_uploaded_by,student_note,landlord_response,cancellation_reason,cancelled_by,created_at,updated_at) VALUES (53,108,56,243,16,'2024-09-23','2025-03-22','1_semester',1000.00,2000.00,'cancelled_by_student',NULL,NULL,NULL,'I am interested in this property. Please consider my application.',NULL,'Found another place closer to campus',108,'2024-09-01 00:00:00','2024-09-01 00:00:00');
INSERT IGNORE INTO tenancies (id,student_id,property_id,landlord_id,agent_id,start_date,end_date,duration_type,monthly_rent,deposit,status,signed_contract_path,signed_uploaded_at,signed_uploaded_by,student_note,landlord_response,cancellation_reason,cancelled_by,created_at,updated_at) VALUES (54,109,57,244,34,'2024-09-24','2025-09-24','1_year',800.00,1600.00,'cancelled_by_student',NULL,NULL,NULL,'I am interested in this property. Please consider my application.',NULL,'Found another place closer to campus',109,'2024-09-02 00:00:00','2024-09-02 00:00:00');
INSERT IGNORE INTO tenancies (id,student_id,property_id,landlord_id,agent_id,start_date,end_date,duration_type,monthly_rent,deposit,status,signed_contract_path,signed_uploaded_at,signed_uploaded_by,student_note,landlord_response,cancellation_reason,cancelled_by,created_at,updated_at) VALUES (55,110,58,245,35,'2024-09-25','2025-03-24','1_semester',700.00,1400.00,'cancelled_by_student',NULL,NULL,NULL,'I am interested in this property. Please consider my application.',NULL,'Found another place closer to campus',110,'2024-09-03 00:00:00','2024-09-03 00:00:00');
INSERT IGNORE INTO tenancies (id,student_id,property_id,landlord_id,agent_id,start_date,end_date,duration_type,monthly_rent,deposit,status,signed_contract_path,signed_uploaded_at,signed_uploaded_by,student_note,landlord_response,cancellation_reason,cancelled_by,created_at,updated_at) VALUES (56,111,59,246,15,'2024-09-26','2025-09-26','1_year',750.00,1500.00,'cancelled_by_student',NULL,NULL,NULL,'I am interested in this property. Please consider my application.',NULL,'Found another place closer to campus',111,'2024-09-04 00:00:00','2024-09-04 00:00:00');
INSERT IGNORE INTO tenancies (id,student_id,property_id,landlord_id,agent_id,start_date,end_date,duration_type,monthly_rent,deposit,status,signed_contract_path,signed_uploaded_at,signed_uploaded_by,student_note,landlord_response,cancellation_reason,cancelled_by,created_at,updated_at) VALUES (57,112,60,247,16,'2024-09-27','2025-03-26','1_semester',280.00,560.00,'cancelled_by_landlord',NULL,NULL,NULL,'I am interested in this property. Please consider my application.',NULL,'Property is no longer available',247,'2024-09-05 00:00:00','2024-09-05 00:00:00');
INSERT IGNORE INTO tenancies (id,student_id,property_id,landlord_id,agent_id,start_date,end_date,duration_type,monthly_rent,deposit,status,signed_contract_path,signed_uploaded_at,signed_uploaded_by,student_note,landlord_response,cancellation_reason,cancelled_by,created_at,updated_at) VALUES (58,113,61,248,34,'2024-09-28','2025-09-28','1_year',290.00,580.00,'cancelled_by_landlord',NULL,NULL,NULL,'I am interested in this property. Please consider my application.',NULL,'Property is no longer available',248,'2024-09-06 00:00:00','2024-09-06 00:00:00');
INSERT IGNORE INTO tenancies (id,student_id,property_id,landlord_id,agent_id,start_date,end_date,duration_type,monthly_rent,deposit,status,signed_contract_path,signed_uploaded_at,signed_uploaded_by,student_note,landlord_response,cancellation_reason,cancelled_by,created_at,updated_at) VALUES (59,114,62,249,35,'2024-09-01','2025-02-28','1_semester',300.00,600.00,'cancelled_by_landlord',NULL,NULL,NULL,'I am interested in this property. Please consider my application.',NULL,'Property is no longer available',249,'2024-09-07 00:00:00','2024-09-07 00:00:00');
INSERT IGNORE INTO tenancies (id,student_id,property_id,landlord_id,agent_id,start_date,end_date,duration_type,monthly_rent,deposit,status,signed_contract_path,signed_uploaded_at,signed_uploaded_by,student_note,landlord_response,cancellation_reason,cancelled_by,created_at,updated_at) VALUES (60,115,63,250,15,'2024-09-02','2025-09-02','1_year',310.00,620.00,'agent_verifying',NULL,NULL,NULL,'I am interested in this property. Please consider my application.',NULL,NULL,NULL,'2024-09-08 00:00:00','2024-09-08 00:00:00');
INSERT IGNORE INTO tenancies (id,student_id,property_id,landlord_id,agent_id,start_date,end_date,duration_type,monthly_rent,deposit,status,signed_contract_path,signed_uploaded_at,signed_uploaded_by,student_note,landlord_response,cancellation_reason,cancelled_by,created_at,updated_at) VALUES (61,116,64,236,16,'2024-09-03','2025-03-02','1_semester',320.00,640.00,'agent_verifying',NULL,NULL,NULL,'I am interested in this property. Please consider my application.',NULL,NULL,NULL,'2024-09-09 00:00:00','2024-09-09 00:00:00');
INSERT IGNORE INTO tenancies (id,student_id,property_id,landlord_id,agent_id,start_date,end_date,duration_type,monthly_rent,deposit,status,signed_contract_path,signed_uploaded_at,signed_uploaded_by,student_note,landlord_response,cancellation_reason,cancelled_by,created_at,updated_at) VALUES (62,117,65,237,34,'2024-09-04','2025-09-04','1_year',280.00,560.00,'contract_pending','uploads/contracts/tenancy_62_signed.pdf','2024-08-28 00:00:00',117,'I am interested in this property. Please consider my application.',NULL,NULL,NULL,'2024-09-10 00:00:00','2024-09-10 00:00:00');
INSERT IGNORE INTO tenancies (id,student_id,property_id,landlord_id,agent_id,start_date,end_date,duration_type,monthly_rent,deposit,status,signed_contract_path,signed_uploaded_at,signed_uploaded_by,student_note,landlord_response,cancellation_reason,cancelled_by,created_at,updated_at) VALUES (63,118,66,238,35,'2024-09-05','2025-03-04','1_semester',290.00,580.00,'contract_pending','uploads/contracts/tenancy_63_signed.pdf','2024-08-29 00:00:00',118,'I am interested in this property. Please consider my application.',NULL,NULL,NULL,'2024-09-11 00:00:00','2024-09-11 00:00:00');
INSERT IGNORE INTO tenancies (id,student_id,property_id,landlord_id,agent_id,start_date,end_date,duration_type,monthly_rent,deposit,status,signed_contract_path,signed_uploaded_at,signed_uploaded_by,student_note,landlord_response,cancellation_reason,cancelled_by,created_at,updated_at) VALUES (64,119,67,239,15,'2024-09-06','2025-09-06','1_year',310.00,620.00,'pending_landlord',NULL,NULL,NULL,'I am interested in this property. Please consider my application.',NULL,NULL,NULL,'2024-09-12 00:00:00','2024-09-12 00:00:00');
INSERT IGNORE INTO tenancies (id,student_id,property_id,landlord_id,agent_id,start_date,end_date,duration_type,monthly_rent,deposit,status,signed_contract_path,signed_uploaded_at,signed_uploaded_by,student_note,landlord_response,cancellation_reason,cancelled_by,created_at,updated_at) VALUES (65,120,68,240,16,'2024-09-07','2025-03-06','1_semester',300.00,600.00,'pending_landlord',NULL,NULL,NULL,'I am interested in this property. Please consider my application.',NULL,NULL,NULL,'2024-09-13 00:00:00','2024-09-13 00:00:00');
INSERT IGNORE INTO tenancies (id,student_id,property_id,landlord_id,agent_id,start_date,end_date,duration_type,monthly_rent,deposit,status,signed_contract_path,signed_uploaded_at,signed_uploaded_by,student_note,landlord_response,cancellation_reason,cancelled_by,created_at,updated_at) VALUES (66,121,69,241,34,'2024-09-08','2025-09-08','1_year',320.00,640.00,'active','uploads/contracts/tenancy_66_signed.pdf','2024-09-01 00:00:00',121,'I am interested in this property. Please consider my application.',NULL,NULL,NULL,'2024-09-14 00:00:00','2024-09-14 00:00:00');
INSERT IGNORE INTO tenancies (id,student_id,property_id,landlord_id,agent_id,start_date,end_date,duration_type,monthly_rent,deposit,status,signed_contract_path,signed_uploaded_at,signed_uploaded_by,student_note,landlord_response,cancellation_reason,cancelled_by,created_at,updated_at) VALUES (67,122,70,242,35,'2024-09-09','2025-03-08','1_semester',285.00,570.00,'active','uploads/contracts/tenancy_67_signed.pdf','2024-09-02 00:00:00',122,'I am interested in this property. Please consider my application.',NULL,NULL,NULL,'2024-09-15 00:00:00','2024-09-15 00:00:00');
INSERT IGNORE INTO tenancies (id,student_id,property_id,landlord_id,agent_id,start_date,end_date,duration_type,monthly_rent,deposit,status,signed_contract_path,signed_uploaded_at,signed_uploaded_by,student_note,landlord_response,cancellation_reason,cancelled_by,created_at,updated_at) VALUES (68,123,71,243,15,'2024-09-10','2025-09-10','1_year',295.00,590.00,'active','uploads/contracts/tenancy_68_signed.pdf','2024-09-03 00:00:00',123,'I am interested in this property. Please consider my application.',NULL,NULL,NULL,'2024-09-16 00:00:00','2024-09-16 00:00:00');
INSERT IGNORE INTO tenancies (id,student_id,property_id,landlord_id,agent_id,start_date,end_date,duration_type,monthly_rent,deposit,status,signed_contract_path,signed_uploaded_at,signed_uploaded_by,student_note,landlord_response,cancellation_reason,cancelled_by,created_at,updated_at) VALUES (69,124,72,244,16,'2024-09-11','2025-03-10','1_semester',1200.00,2400.00,'active','uploads/contracts/tenancy_69_signed.pdf','2024-09-04 00:00:00',124,'I am interested in this property. Please consider my application.',NULL,NULL,NULL,'2024-09-17 00:00:00','2024-09-17 00:00:00');
INSERT IGNORE INTO tenancies (id,student_id,property_id,landlord_id,agent_id,start_date,end_date,duration_type,monthly_rent,deposit,status,signed_contract_path,signed_uploaded_at,signed_uploaded_by,student_note,landlord_response,cancellation_reason,cancelled_by,created_at,updated_at) VALUES (70,125,73,245,34,'2024-09-12','2025-09-12','1_year',1050.00,2100.00,'active','uploads/contracts/tenancy_70_signed.pdf','2024-09-05 00:00:00',125,'I am interested in this property. Please consider my application.',NULL,NULL,NULL,'2024-09-18 00:00:00','2024-09-18 00:00:00');
INSERT IGNORE INTO tenancies (id,student_id,property_id,landlord_id,agent_id,start_date,end_date,duration_type,monthly_rent,deposit,status,signed_contract_path,signed_uploaded_at,signed_uploaded_by,student_note,landlord_response,cancellation_reason,cancelled_by,created_at,updated_at) VALUES (71,126,74,236,35,'2024-09-13','2025-03-12','1_semester',1100.00,2200.00,'active','uploads/contracts/tenancy_71_signed.pdf','2024-09-06 00:00:00',126,'I am interested in this property. Please consider my application.',NULL,NULL,NULL,'2024-09-19 00:00:00','2024-09-19 00:00:00');
INSERT IGNORE INTO tenancies (id,student_id,property_id,landlord_id,agent_id,start_date,end_date,duration_type,monthly_rent,deposit,status,signed_contract_path,signed_uploaded_at,signed_uploaded_by,student_note,landlord_response,cancellation_reason,cancelled_by,created_at,updated_at) VALUES (72,127,75,237,15,'2024-09-14','2025-09-14','1_year',1000.00,2000.00,'active','uploads/contracts/tenancy_72_signed.pdf','2024-09-07 00:00:00',127,'I am interested in this property. Please consider my application.',NULL,NULL,NULL,'2024-09-20 00:00:00','2024-09-20 00:00:00');
INSERT IGNORE INTO tenancies (id,student_id,property_id,landlord_id,agent_id,start_date,end_date,duration_type,monthly_rent,deposit,status,signed_contract_path,signed_uploaded_at,signed_uploaded_by,student_note,landlord_response,cancellation_reason,cancelled_by,created_at,updated_at) VALUES (73,128,76,238,16,'2024-09-15','2025-03-14','1_semester',1050.00,2100.00,'active','uploads/contracts/tenancy_73_signed.pdf','2024-09-08 00:00:00',128,'I am interested in this property. Please consider my application.',NULL,NULL,NULL,'2024-09-21 00:00:00','2024-09-21 00:00:00');
INSERT IGNORE INTO tenancies (id,student_id,property_id,landlord_id,agent_id,start_date,end_date,duration_type,monthly_rent,deposit,status,signed_contract_path,signed_uploaded_at,signed_uploaded_by,student_note,landlord_response,cancellation_reason,cancelled_by,created_at,updated_at) VALUES (74,129,77,239,34,'2024-09-16','2025-09-16','1_year',750.00,1500.00,'active','uploads/contracts/tenancy_74_signed.pdf','2024-09-09 00:00:00',129,'I am interested in this property. Please consider my application.',NULL,NULL,NULL,'2024-09-22 00:00:00','2024-09-22 00:00:00');
INSERT IGNORE INTO tenancies (id,student_id,property_id,landlord_id,agent_id,start_date,end_date,duration_type,monthly_rent,deposit,status,signed_contract_path,signed_uploaded_at,signed_uploaded_by,student_note,landlord_response,cancellation_reason,cancelled_by,created_at,updated_at) VALUES (75,130,78,240,35,'2024-09-17','2025-03-16','1_semester',780.00,1560.00,'active','uploads/contracts/tenancy_75_signed.pdf','2024-09-10 00:00:00',130,'I am interested in this property. Please consider my application.',NULL,NULL,NULL,'2024-09-23 00:00:00','2024-09-23 00:00:00');
INSERT IGNORE INTO tenancies (id,student_id,property_id,landlord_id,agent_id,start_date,end_date,duration_type,monthly_rent,deposit,status,signed_contract_path,signed_uploaded_at,signed_uploaded_by,student_note,landlord_response,cancellation_reason,cancelled_by,created_at,updated_at) VALUES (76,131,79,241,15,'2024-09-18','2025-09-18','1_year',800.00,1600.00,'active','uploads/contracts/tenancy_76_signed.pdf','2024-09-11 00:00:00',131,'I am interested in this property. Please consider my application.',NULL,NULL,NULL,'2024-09-24 00:00:00','2024-09-24 00:00:00');
INSERT IGNORE INTO tenancies (id,student_id,property_id,landlord_id,agent_id,start_date,end_date,duration_type,monthly_rent,deposit,status,signed_contract_path,signed_uploaded_at,signed_uploaded_by,student_note,landlord_response,cancellation_reason,cancelled_by,created_at,updated_at) VALUES (77,132,80,242,16,'2024-09-19','2025-03-18','1_semester',1100.00,2200.00,'active','uploads/contracts/tenancy_77_signed.pdf','2024-09-12 00:00:00',132,'I am interested in this property. Please consider my application.',NULL,NULL,NULL,'2024-09-25 00:00:00','2024-09-25 00:00:00');
INSERT IGNORE INTO tenancies (id,student_id,property_id,landlord_id,agent_id,start_date,end_date,duration_type,monthly_rent,deposit,status,signed_contract_path,signed_uploaded_at,signed_uploaded_by,student_note,landlord_response,cancellation_reason,cancelled_by,created_at,updated_at) VALUES (78,133,81,243,34,'2024-09-20','2025-09-20','1_year',290.00,580.00,'active','uploads/contracts/tenancy_78_signed.pdf','2024-09-13 00:00:00',133,'I am interested in this property. Please consider my application.',NULL,NULL,NULL,'2024-09-26 00:00:00','2024-09-26 00:00:00');
INSERT IGNORE INTO tenancies (id,student_id,property_id,landlord_id,agent_id,start_date,end_date,duration_type,monthly_rent,deposit,status,signed_contract_path,signed_uploaded_at,signed_uploaded_by,student_note,landlord_response,cancellation_reason,cancelled_by,created_at,updated_at) VALUES (79,134,82,244,35,'2024-09-21','2025-03-20','1_semester',310.00,620.00,'active','uploads/contracts/tenancy_79_signed.pdf','2024-09-14 00:00:00',134,'I am interested in this property. Please consider my application.',NULL,NULL,NULL,'2024-09-27 00:00:00','2024-09-27 00:00:00');
INSERT IGNORE INTO tenancies (id,student_id,property_id,landlord_id,agent_id,start_date,end_date,duration_type,monthly_rent,deposit,status,signed_contract_path,signed_uploaded_at,signed_uploaded_by,student_note,landlord_response,cancellation_reason,cancelled_by,created_at,updated_at) VALUES (80,135,83,245,15,'2024-09-22','2025-09-22','1_year',300.00,600.00,'active','uploads/contracts/tenancy_80_signed.pdf','2024-09-15 00:00:00',135,'I am interested in this property. Please consider my application.',NULL,NULL,NULL,'2024-09-28 00:00:00','2024-09-28 00:00:00');

-- Sem 3 tenancies
INSERT IGNORE INTO tenancies (id,student_id,property_id,landlord_id,agent_id,start_date,end_date,duration_type,monthly_rent,deposit,status,signed_contract_path,signed_uploaded_at,signed_uploaded_by,student_note,landlord_response,cancellation_reason,cancelled_by,created_at,updated_at) VALUES (81,156,34,236,16,'2025-02-01','2025-07-31','1_semester',1200.00,2400.00,'cancelled_by_student',NULL,NULL,NULL,'I am interested in this property. Please consider my application.',NULL,'Found another place closer to campus',156,'2025-01-20 00:00:00','2025-01-20 00:00:00');
INSERT IGNORE INTO tenancies (id,student_id,property_id,landlord_id,agent_id,start_date,end_date,duration_type,monthly_rent,deposit,status,signed_contract_path,signed_uploaded_at,signed_uploaded_by,student_note,landlord_response,cancellation_reason,cancelled_by,created_at,updated_at) VALUES (82,157,35,237,34,'2025-02-02','2026-02-02','1_year',1000.00,2000.00,'cancelled_by_landlord',NULL,NULL,NULL,'I am interested in this property. Please consider my application.',NULL,'Property is no longer available',237,'2025-01-21 00:00:00','2025-01-21 00:00:00');
INSERT IGNORE INTO tenancies (id,student_id,property_id,landlord_id,agent_id,start_date,end_date,duration_type,monthly_rent,deposit,status,signed_contract_path,signed_uploaded_at,signed_uploaded_by,student_note,landlord_response,cancellation_reason,cancelled_by,created_at,updated_at) VALUES (83,158,36,238,35,'2025-02-03','2025-08-02','1_semester',1100.00,2200.00,'cancelled_by_landlord',NULL,NULL,NULL,'I am interested in this property. Please consider my application.',NULL,'Property is no longer available',238,'2025-01-22 00:00:00','2025-01-22 00:00:00');
INSERT IGNORE INTO tenancies (id,student_id,property_id,landlord_id,agent_id,start_date,end_date,duration_type,monthly_rent,deposit,status,signed_contract_path,signed_uploaded_at,signed_uploaded_by,student_note,landlord_response,cancellation_reason,cancelled_by,created_at,updated_at) VALUES (84,159,37,239,15,'2025-02-04','2026-02-04','1_year',800.00,1600.00,'cancelled_by_landlord',NULL,NULL,NULL,'I am interested in this property. Please consider my application.',NULL,'Property is no longer available',239,'2025-01-23 00:00:00','2025-01-23 00:00:00');
INSERT IGNORE INTO tenancies (id,student_id,property_id,landlord_id,agent_id,start_date,end_date,duration_type,monthly_rent,deposit,status,signed_contract_path,signed_uploaded_at,signed_uploaded_by,student_note,landlord_response,cancellation_reason,cancelled_by,created_at,updated_at) VALUES (85,160,38,240,16,'2025-02-05','2025-08-04','1_semester',700.00,1400.00,'agent_verifying',NULL,NULL,NULL,'I am interested in this property. Please consider my application.',NULL,NULL,NULL,'2025-01-24 00:00:00','2025-01-24 00:00:00');
INSERT IGNORE INTO tenancies (id,student_id,property_id,landlord_id,agent_id,start_date,end_date,duration_type,monthly_rent,deposit,status,signed_contract_path,signed_uploaded_at,signed_uploaded_by,student_note,landlord_response,cancellation_reason,cancelled_by,created_at,updated_at) VALUES (86,161,39,241,34,'2025-02-06','2026-02-06','1_year',780.00,1560.00,'agent_verifying',NULL,NULL,NULL,'I am interested in this property. Please consider my application.',NULL,NULL,NULL,'2025-01-25 00:00:00','2025-01-25 00:00:00');
INSERT IGNORE INTO tenancies (id,student_id,property_id,landlord_id,agent_id,start_date,end_date,duration_type,monthly_rent,deposit,status,signed_contract_path,signed_uploaded_at,signed_uploaded_by,student_note,landlord_response,cancellation_reason,cancelled_by,created_at,updated_at) VALUES (87,162,40,238,35,'2025-02-07','2025-08-06','1_semester',285.00,570.00,'contract_pending','uploads/contracts/tenancy_87_signed.pdf','2025-01-31 00:00:00',162,'I am interested in this property. Please consider my application.',NULL,NULL,NULL,'2025-01-26 00:00:00','2025-01-26 00:00:00');
INSERT IGNORE INTO tenancies (id,student_id,property_id,landlord_id,agent_id,start_date,end_date,duration_type,monthly_rent,deposit,status,signed_contract_path,signed_uploaded_at,signed_uploaded_by,student_note,landlord_response,cancellation_reason,cancelled_by,created_at,updated_at) VALUES (88,163,41,238,15,'2025-02-08','2026-02-08','1_year',295.00,590.00,'contract_pending','uploads/contracts/tenancy_88_signed.pdf','2025-02-01 00:00:00',163,'I am interested in this property. Please consider my application.',NULL,NULL,NULL,'2025-01-27 00:00:00','2025-01-27 00:00:00');
INSERT IGNORE INTO tenancies (id,student_id,property_id,landlord_id,agent_id,start_date,end_date,duration_type,monthly_rent,deposit,status,signed_contract_path,signed_uploaded_at,signed_uploaded_by,student_note,landlord_response,cancellation_reason,cancelled_by,created_at,updated_at) VALUES (89,164,42,238,16,'2025-02-09','2025-08-08','1_semester',305.00,610.00,'pending_landlord',NULL,NULL,NULL,'I am interested in this property. Please consider my application.',NULL,NULL,NULL,'2025-01-28 00:00:00','2025-01-28 00:00:00');
INSERT IGNORE INTO tenancies (id,student_id,property_id,landlord_id,agent_id,start_date,end_date,duration_type,monthly_rent,deposit,status,signed_contract_path,signed_uploaded_at,signed_uploaded_by,student_note,landlord_response,cancellation_reason,cancelled_by,created_at,updated_at) VALUES (90,165,43,245,34,'2025-02-10','2026-02-10','1_year',315.00,630.00,'pending_landlord',NULL,NULL,NULL,'I am interested in this property. Please consider my application.',NULL,NULL,NULL,'2025-01-29 00:00:00','2025-01-29 00:00:00');
INSERT IGNORE INTO tenancies (id,student_id,property_id,landlord_id,agent_id,start_date,end_date,duration_type,monthly_rent,deposit,status,signed_contract_path,signed_uploaded_at,signed_uploaded_by,student_note,landlord_response,cancellation_reason,cancelled_by,created_at,updated_at) VALUES (91,166,44,246,35,'2025-02-11','2025-08-10','1_semester',280.00,560.00,'active','uploads/contracts/tenancy_91_signed.pdf','2025-02-04 00:00:00',166,'I am interested in this property. Please consider my application.',NULL,NULL,NULL,'2025-01-30 00:00:00','2025-01-30 00:00:00');
INSERT IGNORE INTO tenancies (id,student_id,property_id,landlord_id,agent_id,start_date,end_date,duration_type,monthly_rent,deposit,status,signed_contract_path,signed_uploaded_at,signed_uploaded_by,student_note,landlord_response,cancellation_reason,cancelled_by,created_at,updated_at) VALUES (92,167,45,247,15,'2025-02-12','2026-02-12','1_year',280.00,560.00,'active','uploads/contracts/tenancy_92_signed.pdf','2025-02-05 00:00:00',167,'I am interested in this property. Please consider my application.',NULL,NULL,NULL,'2025-01-31 00:00:00','2025-01-31 00:00:00');
INSERT IGNORE INTO tenancies (id,student_id,property_id,landlord_id,agent_id,start_date,end_date,duration_type,monthly_rent,deposit,status,signed_contract_path,signed_uploaded_at,signed_uploaded_by,student_note,landlord_response,cancellation_reason,cancelled_by,created_at,updated_at) VALUES (93,168,46,248,16,'2025-02-13','2025-08-12','1_semester',290.00,580.00,'active','uploads/contracts/tenancy_93_signed.pdf','2025-02-06 00:00:00',168,'I am interested in this property. Please consider my application.',NULL,NULL,NULL,'2025-02-01 00:00:00','2025-02-01 00:00:00');
INSERT IGNORE INTO tenancies (id,student_id,property_id,landlord_id,agent_id,start_date,end_date,duration_type,monthly_rent,deposit,status,signed_contract_path,signed_uploaded_at,signed_uploaded_by,student_note,landlord_response,cancellation_reason,cancelled_by,created_at,updated_at) VALUES (94,169,47,249,34,'2025-02-14','2026-02-14','1_year',300.00,600.00,'active','uploads/contracts/tenancy_94_signed.pdf','2025-02-07 00:00:00',169,'I am interested in this property. Please consider my application.',NULL,NULL,NULL,'2025-02-02 00:00:00','2025-02-02 00:00:00');
INSERT IGNORE INTO tenancies (id,student_id,property_id,landlord_id,agent_id,start_date,end_date,duration_type,monthly_rent,deposit,status,signed_contract_path,signed_uploaded_at,signed_uploaded_by,student_note,landlord_response,cancellation_reason,cancelled_by,created_at,updated_at) VALUES (95,170,48,250,35,'2025-02-15','2025-08-14','1_semester',310.00,620.00,'active','uploads/contracts/tenancy_95_signed.pdf','2025-02-08 00:00:00',170,'I am interested in this property. Please consider my application.',NULL,NULL,NULL,'2025-02-03 00:00:00','2025-02-03 00:00:00');
INSERT IGNORE INTO tenancies (id,student_id,property_id,landlord_id,agent_id,start_date,end_date,duration_type,monthly_rent,deposit,status,signed_contract_path,signed_uploaded_at,signed_uploaded_by,student_note,landlord_response,cancellation_reason,cancelled_by,created_at,updated_at) VALUES (96,171,49,236,15,'2025-02-16','2026-02-16','1_year',320.00,640.00,'active','uploads/contracts/tenancy_96_signed.pdf','2025-02-09 00:00:00',171,'I am interested in this property. Please consider my application.',NULL,NULL,NULL,'2025-02-04 00:00:00','2025-02-04 00:00:00');
INSERT IGNORE INTO tenancies (id,student_id,property_id,landlord_id,agent_id,start_date,end_date,duration_type,monthly_rent,deposit,status,signed_contract_path,signed_uploaded_at,signed_uploaded_by,student_note,landlord_response,cancellation_reason,cancelled_by,created_at,updated_at) VALUES (97,172,50,237,16,'2025-02-17','2025-08-16','1_semester',280.00,560.00,'active','uploads/contracts/tenancy_97_signed.pdf','2025-02-10 00:00:00',172,'I am interested in this property. Please consider my application.',NULL,NULL,NULL,'2025-02-05 00:00:00','2025-02-05 00:00:00');
INSERT IGNORE INTO tenancies (id,student_id,property_id,landlord_id,agent_id,start_date,end_date,duration_type,monthly_rent,deposit,status,signed_contract_path,signed_uploaded_at,signed_uploaded_by,student_note,landlord_response,cancellation_reason,cancelled_by,created_at,updated_at) VALUES (98,173,51,238,34,'2025-02-18','2026-02-18','1_year',290.00,580.00,'active','uploads/contracts/tenancy_98_signed.pdf','2025-02-11 00:00:00',173,'I am interested in this property. Please consider my application.',NULL,NULL,NULL,'2025-02-06 00:00:00','2025-02-06 00:00:00');
INSERT IGNORE INTO tenancies (id,student_id,property_id,landlord_id,agent_id,start_date,end_date,duration_type,monthly_rent,deposit,status,signed_contract_path,signed_uploaded_at,signed_uploaded_by,student_note,landlord_response,cancellation_reason,cancelled_by,created_at,updated_at) VALUES (99,174,52,239,35,'2025-02-19','2025-08-18','1_semester',1050.00,2100.00,'active','uploads/contracts/tenancy_99_signed.pdf','2025-02-12 00:00:00',174,'I am interested in this property. Please consider my application.',NULL,NULL,NULL,'2025-02-07 00:00:00','2025-02-07 00:00:00');
INSERT IGNORE INTO tenancies (id,student_id,property_id,landlord_id,agent_id,start_date,end_date,duration_type,monthly_rent,deposit,status,signed_contract_path,signed_uploaded_at,signed_uploaded_by,student_note,landlord_response,cancellation_reason,cancelled_by,created_at,updated_at) VALUES (100,175,53,240,15,'2025-02-20','2026-02-20','1_year',1200.00,2400.00,'active','uploads/contracts/tenancy_100_signed.pdf','2025-02-13 00:00:00',175,'I am interested in this property. Please consider my application.',NULL,NULL,NULL,'2025-02-08 00:00:00','2025-02-08 00:00:00');
INSERT IGNORE INTO tenancies (id,student_id,property_id,landlord_id,agent_id,start_date,end_date,duration_type,monthly_rent,deposit,status,signed_contract_path,signed_uploaded_at,signed_uploaded_by,student_note,landlord_response,cancellation_reason,cancelled_by,created_at,updated_at) VALUES (101,176,54,241,16,'2025-02-21','2025-08-20','1_semester',1100.00,2200.00,'active','uploads/contracts/tenancy_101_signed.pdf','2025-02-14 00:00:00',176,'I am interested in this property. Please consider my application.',NULL,NULL,NULL,'2025-02-09 00:00:00','2025-02-09 00:00:00');
INSERT IGNORE INTO tenancies (id,student_id,property_id,landlord_id,agent_id,start_date,end_date,duration_type,monthly_rent,deposit,status,signed_contract_path,signed_uploaded_at,signed_uploaded_by,student_note,landlord_response,cancellation_reason,cancelled_by,created_at,updated_at) VALUES (102,177,55,242,34,'2025-02-22','2026-02-22','1_year',1150.00,2300.00,'active','uploads/contracts/tenancy_102_signed.pdf','2025-02-15 00:00:00',177,'I am interested in this property. Please consider my application.',NULL,NULL,NULL,'2025-02-10 00:00:00','2025-02-10 00:00:00');
INSERT IGNORE INTO tenancies (id,student_id,property_id,landlord_id,agent_id,start_date,end_date,duration_type,monthly_rent,deposit,status,signed_contract_path,signed_uploaded_at,signed_uploaded_by,student_note,landlord_response,cancellation_reason,cancelled_by,created_at,updated_at) VALUES (103,178,56,243,35,'2025-02-23','2025-08-22','1_semester',1000.00,2000.00,'active','uploads/contracts/tenancy_103_signed.pdf','2025-02-16 00:00:00',178,'I am interested in this property. Please consider my application.',NULL,NULL,NULL,'2025-02-11 00:00:00','2025-02-11 00:00:00');
INSERT IGNORE INTO tenancies (id,student_id,property_id,landlord_id,agent_id,start_date,end_date,duration_type,monthly_rent,deposit,status,signed_contract_path,signed_uploaded_at,signed_uploaded_by,student_note,landlord_response,cancellation_reason,cancelled_by,created_at,updated_at) VALUES (104,179,57,244,15,'2025-02-24','2026-02-24','1_year',800.00,1600.00,'active','uploads/contracts/tenancy_104_signed.pdf','2025-02-17 00:00:00',179,'I am interested in this property. Please consider my application.',NULL,NULL,NULL,'2025-02-12 00:00:00','2025-02-12 00:00:00');
INSERT IGNORE INTO tenancies (id,student_id,property_id,landlord_id,agent_id,start_date,end_date,duration_type,monthly_rent,deposit,status,signed_contract_path,signed_uploaded_at,signed_uploaded_by,student_note,landlord_response,cancellation_reason,cancelled_by,created_at,updated_at) VALUES (105,180,58,245,16,'2025-02-25','2025-08-24','1_semester',700.00,1400.00,'active','uploads/contracts/tenancy_105_signed.pdf','2025-02-18 00:00:00',180,'I am interested in this property. Please consider my application.',NULL,NULL,NULL,'2025-02-13 00:00:00','2025-02-13 00:00:00');
INSERT IGNORE INTO tenancies (id,student_id,property_id,landlord_id,agent_id,start_date,end_date,duration_type,monthly_rent,deposit,status,signed_contract_path,signed_uploaded_at,signed_uploaded_by,student_note,landlord_response,cancellation_reason,cancelled_by,created_at,updated_at) VALUES (106,181,59,246,34,'2025-02-26','2026-02-26','1_year',750.00,1500.00,'active','uploads/contracts/tenancy_106_signed.pdf','2025-02-19 00:00:00',181,'I am interested in this property. Please consider my application.',NULL,NULL,NULL,'2025-02-14 00:00:00','2025-02-14 00:00:00');
INSERT IGNORE INTO tenancies (id,student_id,property_id,landlord_id,agent_id,start_date,end_date,duration_type,monthly_rent,deposit,status,signed_contract_path,signed_uploaded_at,signed_uploaded_by,student_note,landlord_response,cancellation_reason,cancelled_by,created_at,updated_at) VALUES (107,182,60,247,35,'2025-02-27','2025-08-26','1_semester',280.00,560.00,'active','uploads/contracts/tenancy_107_signed.pdf','2025-02-20 00:00:00',182,'I am interested in this property. Please consider my application.',NULL,NULL,NULL,'2025-02-15 00:00:00','2025-02-15 00:00:00');
INSERT IGNORE INTO tenancies (id,student_id,property_id,landlord_id,agent_id,start_date,end_date,duration_type,monthly_rent,deposit,status,signed_contract_path,signed_uploaded_at,signed_uploaded_by,student_note,landlord_response,cancellation_reason,cancelled_by,created_at,updated_at) VALUES (108,183,61,248,15,'2025-02-28','2026-02-28','1_year',290.00,580.00,'completed','uploads/contracts/tenancy_108_signed.pdf','2025-02-21 00:00:00',183,'I am interested in this property. Please consider my application.',NULL,NULL,NULL,'2025-02-16 00:00:00','2025-02-16 00:00:00');
INSERT IGNORE INTO tenancies (id,student_id,property_id,landlord_id,agent_id,start_date,end_date,duration_type,monthly_rent,deposit,status,signed_contract_path,signed_uploaded_at,signed_uploaded_by,student_note,landlord_response,cancellation_reason,cancelled_by,created_at,updated_at) VALUES (109,184,62,249,16,'2025-02-01','2025-07-31','1_semester',300.00,600.00,'completed','uploads/contracts/tenancy_109_signed.pdf','2025-01-25 00:00:00',184,'I am interested in this property. Please consider my application.',NULL,NULL,NULL,'2025-02-17 00:00:00','2025-02-17 00:00:00');
INSERT IGNORE INTO tenancies (id,student_id,property_id,landlord_id,agent_id,start_date,end_date,duration_type,monthly_rent,deposit,status,signed_contract_path,signed_uploaded_at,signed_uploaded_by,student_note,landlord_response,cancellation_reason,cancelled_by,created_at,updated_at) VALUES (110,185,63,250,34,'2025-02-02','2026-02-02','1_year',310.00,620.00,'completed','uploads/contracts/tenancy_110_signed.pdf','2025-01-26 00:00:00',185,'I am interested in this property. Please consider my application.',NULL,NULL,NULL,'2025-02-18 00:00:00','2025-02-18 00:00:00');
INSERT IGNORE INTO tenancies (id,student_id,property_id,landlord_id,agent_id,start_date,end_date,duration_type,monthly_rent,deposit,status,signed_contract_path,signed_uploaded_at,signed_uploaded_by,student_note,landlord_response,cancellation_reason,cancelled_by,created_at,updated_at) VALUES (111,186,64,236,35,'2025-02-03','2025-08-02','1_semester',320.00,640.00,'completed','uploads/contracts/tenancy_111_signed.pdf','2025-01-27 00:00:00',186,'I am interested in this property. Please consider my application.',NULL,NULL,NULL,'2025-02-19 00:00:00','2025-02-19 00:00:00');
INSERT IGNORE INTO tenancies (id,student_id,property_id,landlord_id,agent_id,start_date,end_date,duration_type,monthly_rent,deposit,status,signed_contract_path,signed_uploaded_at,signed_uploaded_by,student_note,landlord_response,cancellation_reason,cancelled_by,created_at,updated_at) VALUES (112,187,65,237,15,'2025-02-04','2026-02-04','1_year',280.00,560.00,'completed','uploads/contracts/tenancy_112_signed.pdf','2025-01-28 00:00:00',187,'I am interested in this property. Please consider my application.',NULL,NULL,NULL,'2025-02-20 00:00:00','2025-02-20 00:00:00');
INSERT IGNORE INTO tenancies (id,student_id,property_id,landlord_id,agent_id,start_date,end_date,duration_type,monthly_rent,deposit,status,signed_contract_path,signed_uploaded_at,signed_uploaded_by,student_note,landlord_response,cancellation_reason,cancelled_by,created_at,updated_at) VALUES (113,188,66,238,16,'2025-02-05','2025-08-04','1_semester',290.00,580.00,'completed','uploads/contracts/tenancy_113_signed.pdf','2025-01-29 00:00:00',188,'I am interested in this property. Please consider my application.',NULL,NULL,NULL,'2025-02-21 00:00:00','2025-02-21 00:00:00');
INSERT IGNORE INTO tenancies (id,student_id,property_id,landlord_id,agent_id,start_date,end_date,duration_type,monthly_rent,deposit,status,signed_contract_path,signed_uploaded_at,signed_uploaded_by,student_note,landlord_response,cancellation_reason,cancelled_by,created_at,updated_at) VALUES (114,189,67,239,34,'2025-02-06','2026-02-06','1_year',310.00,620.00,'completed','uploads/contracts/tenancy_114_signed.pdf','2025-01-30 00:00:00',189,'I am interested in this property. Please consider my application.',NULL,NULL,NULL,'2025-02-22 00:00:00','2025-02-22 00:00:00');
INSERT IGNORE INTO tenancies (id,student_id,property_id,landlord_id,agent_id,start_date,end_date,duration_type,monthly_rent,deposit,status,signed_contract_path,signed_uploaded_at,signed_uploaded_by,student_note,landlord_response,cancellation_reason,cancelled_by,created_at,updated_at) VALUES (115,190,68,240,35,'2025-02-07','2025-08-06','1_semester',300.00,600.00,'completed','uploads/contracts/tenancy_115_signed.pdf','2025-01-31 00:00:00',190,'I am interested in this property. Please consider my application.',NULL,NULL,NULL,'2025-02-23 00:00:00','2025-02-23 00:00:00');
INSERT IGNORE INTO tenancies (id,student_id,property_id,landlord_id,agent_id,start_date,end_date,duration_type,monthly_rent,deposit,status,signed_contract_path,signed_uploaded_at,signed_uploaded_by,student_note,landlord_response,cancellation_reason,cancelled_by,created_at,updated_at) VALUES (116,191,69,241,15,'2025-02-08','2026-02-08','1_year',320.00,640.00,'completed','uploads/contracts/tenancy_116_signed.pdf','2025-02-01 00:00:00',191,'I am interested in this property. Please consider my application.',NULL,NULL,NULL,'2025-02-24 00:00:00','2025-02-24 00:00:00');
INSERT IGNORE INTO tenancies (id,student_id,property_id,landlord_id,agent_id,start_date,end_date,duration_type,monthly_rent,deposit,status,signed_contract_path,signed_uploaded_at,signed_uploaded_by,student_note,landlord_response,cancellation_reason,cancelled_by,created_at,updated_at) VALUES (117,192,70,242,16,'2025-02-09','2025-08-08','1_semester',285.00,570.00,'completed','uploads/contracts/tenancy_117_signed.pdf','2025-02-02 00:00:00',192,'I am interested in this property. Please consider my application.',NULL,NULL,NULL,'2025-02-25 00:00:00','2025-02-25 00:00:00');
INSERT IGNORE INTO tenancies (id,student_id,property_id,landlord_id,agent_id,start_date,end_date,duration_type,monthly_rent,deposit,status,signed_contract_path,signed_uploaded_at,signed_uploaded_by,student_note,landlord_response,cancellation_reason,cancelled_by,created_at,updated_at) VALUES (118,193,71,243,34,'2025-02-10','2026-02-10','1_year',295.00,590.00,'completed','uploads/contracts/tenancy_118_signed.pdf','2025-02-03 00:00:00',193,'I am interested in this property. Please consider my application.',NULL,NULL,NULL,'2025-02-26 00:00:00','2025-02-26 00:00:00');
INSERT IGNORE INTO tenancies (id,student_id,property_id,landlord_id,agent_id,start_date,end_date,duration_type,monthly_rent,deposit,status,signed_contract_path,signed_uploaded_at,signed_uploaded_by,student_note,landlord_response,cancellation_reason,cancelled_by,created_at,updated_at) VALUES (119,194,72,244,35,'2025-02-11','2025-08-10','1_semester',1200.00,2400.00,'completed','uploads/contracts/tenancy_119_signed.pdf','2025-02-04 00:00:00',194,'I am interested in this property. Please consider my application.',NULL,NULL,NULL,'2025-02-27 00:00:00','2025-02-27 00:00:00');
INSERT IGNORE INTO tenancies (id,student_id,property_id,landlord_id,agent_id,start_date,end_date,duration_type,monthly_rent,deposit,status,signed_contract_path,signed_uploaded_at,signed_uploaded_by,student_note,landlord_response,cancellation_reason,cancelled_by,created_at,updated_at) VALUES (120,195,73,245,15,'2025-02-12','2026-02-12','1_year',1050.00,2100.00,'completed','uploads/contracts/tenancy_120_signed.pdf','2025-02-05 00:00:00',195,'I am interested in this property. Please consider my application.',NULL,NULL,NULL,'2025-02-28 00:00:00','2025-02-28 00:00:00');
INSERT IGNORE INTO tenancies (id,student_id,property_id,landlord_id,agent_id,start_date,end_date,duration_type,monthly_rent,deposit,status,signed_contract_path,signed_uploaded_at,signed_uploaded_by,student_note,landlord_response,cancellation_reason,cancelled_by,created_at,updated_at) VALUES (121,196,74,236,16,'2025-02-13','2025-08-12','1_semester',1100.00,2200.00,'completed','uploads/contracts/tenancy_121_signed.pdf','2025-02-06 00:00:00',196,'I am interested in this property. Please consider my application.',NULL,NULL,NULL,'2025-03-01 00:00:00','2025-03-01 00:00:00');
INSERT IGNORE INTO tenancies (id,student_id,property_id,landlord_id,agent_id,start_date,end_date,duration_type,monthly_rent,deposit,status,signed_contract_path,signed_uploaded_at,signed_uploaded_by,student_note,landlord_response,cancellation_reason,cancelled_by,created_at,updated_at) VALUES (122,197,75,237,34,'2025-02-14','2026-02-14','1_year',1000.00,2000.00,'completed','uploads/contracts/tenancy_122_signed.pdf','2025-02-07 00:00:00',197,'I am interested in this property. Please consider my application.',NULL,NULL,NULL,'2025-03-02 00:00:00','2025-03-02 00:00:00');
INSERT IGNORE INTO tenancies (id,student_id,property_id,landlord_id,agent_id,start_date,end_date,duration_type,monthly_rent,deposit,status,signed_contract_path,signed_uploaded_at,signed_uploaded_by,student_note,landlord_response,cancellation_reason,cancelled_by,created_at,updated_at) VALUES (123,198,76,238,35,'2025-02-15','2025-08-14','1_semester',1050.00,2100.00,'rejected_by_landlord',NULL,NULL,NULL,'I am interested in this property. Please consider my application.','Sorry, already rented to a walk-in tenant',NULL,NULL,'2025-03-03 00:00:00','2025-03-03 00:00:00');
INSERT IGNORE INTO tenancies (id,student_id,property_id,landlord_id,agent_id,start_date,end_date,duration_type,monthly_rent,deposit,status,signed_contract_path,signed_uploaded_at,signed_uploaded_by,student_note,landlord_response,cancellation_reason,cancelled_by,created_at,updated_at) VALUES (124,199,77,239,15,'2025-02-16','2026-02-16','1_year',750.00,1500.00,'rejected_by_landlord',NULL,NULL,NULL,'I am interested in this property. Please consider my application.','Sorry, already rented to a walk-in tenant',NULL,NULL,'2025-03-04 00:00:00','2025-03-04 00:00:00');
INSERT IGNORE INTO tenancies (id,student_id,property_id,landlord_id,agent_id,start_date,end_date,duration_type,monthly_rent,deposit,status,signed_contract_path,signed_uploaded_at,signed_uploaded_by,student_note,landlord_response,cancellation_reason,cancelled_by,created_at,updated_at) VALUES (125,200,78,240,16,'2025-02-17','2025-08-16','1_semester',780.00,1560.00,'rejected_by_landlord',NULL,NULL,NULL,'I am interested in this property. Please consider my application.','Sorry, already rented to a walk-in tenant',NULL,NULL,'2025-03-05 00:00:00','2025-03-05 00:00:00');
INSERT IGNORE INTO tenancies (id,student_id,property_id,landlord_id,agent_id,start_date,end_date,duration_type,monthly_rent,deposit,status,signed_contract_path,signed_uploaded_at,signed_uploaded_by,student_note,landlord_response,cancellation_reason,cancelled_by,created_at,updated_at) VALUES (126,201,79,241,34,'2025-02-18','2026-02-18','1_year',800.00,1600.00,'rejected_by_landlord',NULL,NULL,NULL,'I am interested in this property. Please consider my application.','Sorry, already rented to a walk-in tenant',NULL,NULL,'2025-03-06 00:00:00','2025-03-06 00:00:00');
INSERT IGNORE INTO tenancies (id,student_id,property_id,landlord_id,agent_id,start_date,end_date,duration_type,monthly_rent,deposit,status,signed_contract_path,signed_uploaded_at,signed_uploaded_by,student_note,landlord_response,cancellation_reason,cancelled_by,created_at,updated_at) VALUES (127,202,80,242,35,'2025-02-19','2025-08-18','1_semester',1100.00,2200.00,'rejected_by_landlord',NULL,NULL,NULL,'I am interested in this property. Please consider my application.','Sorry, already rented to a walk-in tenant',NULL,NULL,'2025-03-07 00:00:00','2025-03-07 00:00:00');
INSERT IGNORE INTO tenancies (id,student_id,property_id,landlord_id,agent_id,start_date,end_date,duration_type,monthly_rent,deposit,status,signed_contract_path,signed_uploaded_at,signed_uploaded_by,student_note,landlord_response,cancellation_reason,cancelled_by,created_at,updated_at) VALUES (128,203,81,243,15,'2025-02-20','2026-02-20','1_year',290.00,580.00,'cancelled_by_student',NULL,NULL,NULL,'I am interested in this property. Please consider my application.',NULL,'Found another place closer to campus',203,'2025-03-08 00:00:00','2025-03-08 00:00:00');
INSERT IGNORE INTO tenancies (id,student_id,property_id,landlord_id,agent_id,start_date,end_date,duration_type,monthly_rent,deposit,status,signed_contract_path,signed_uploaded_at,signed_uploaded_by,student_note,landlord_response,cancellation_reason,cancelled_by,created_at,updated_at) VALUES (129,204,82,244,16,'2025-02-21','2025-08-20','1_semester',310.00,620.00,'cancelled_by_student',NULL,NULL,NULL,'I am interested in this property. Please consider my application.',NULL,'Found another place closer to campus',204,'2025-03-09 00:00:00','2025-03-09 00:00:00');
INSERT IGNORE INTO tenancies (id,student_id,property_id,landlord_id,agent_id,start_date,end_date,duration_type,monthly_rent,deposit,status,signed_contract_path,signed_uploaded_at,signed_uploaded_by,student_note,landlord_response,cancellation_reason,cancelled_by,created_at,updated_at) VALUES (130,205,83,245,34,'2025-02-22','2026-02-22','1_year',300.00,600.00,'cancelled_by_student',NULL,NULL,NULL,'I am interested in this property. Please consider my application.',NULL,'Found another place closer to campus',205,'2025-03-10 00:00:00','2025-03-10 00:00:00');
INSERT IGNORE INTO tenancies (id,student_id,property_id,landlord_id,agent_id,start_date,end_date,duration_type,monthly_rent,deposit,status,signed_contract_path,signed_uploaded_at,signed_uploaded_by,student_note,landlord_response,cancellation_reason,cancelled_by,created_at,updated_at) VALUES (131,206,84,246,35,'2025-02-23','2025-08-22','1_semester',320.00,640.00,'cancelled_by_student',NULL,NULL,NULL,'I am interested in this property. Please consider my application.',NULL,'Found another place closer to campus',206,'2025-03-11 00:00:00','2025-03-11 00:00:00');
INSERT IGNORE INTO tenancies (id,student_id,property_id,landlord_id,agent_id,start_date,end_date,duration_type,monthly_rent,deposit,status,signed_contract_path,signed_uploaded_at,signed_uploaded_by,student_note,landlord_response,cancellation_reason,cancelled_by,created_at,updated_at) VALUES (132,207,85,247,15,'2025-02-24','2026-02-24','1_year',285.00,570.00,'cancelled_by_landlord',NULL,NULL,NULL,'I am interested in this property. Please consider my application.',NULL,'Property is no longer available',247,'2025-03-12 00:00:00','2025-03-12 00:00:00');
INSERT IGNORE INTO tenancies (id,student_id,property_id,landlord_id,agent_id,start_date,end_date,duration_type,monthly_rent,deposit,status,signed_contract_path,signed_uploaded_at,signed_uploaded_by,student_note,landlord_response,cancellation_reason,cancelled_by,created_at,updated_at) VALUES (133,208,86,248,16,'2025-02-25','2025-08-24','1_semester',295.00,590.00,'cancelled_by_landlord',NULL,NULL,NULL,'I am interested in this property. Please consider my application.',NULL,'Property is no longer available',248,'2025-03-13 00:00:00','2025-03-13 00:00:00');
INSERT IGNORE INTO tenancies (id,student_id,property_id,landlord_id,agent_id,start_date,end_date,duration_type,monthly_rent,deposit,status,signed_contract_path,signed_uploaded_at,signed_uploaded_by,student_note,landlord_response,cancellation_reason,cancelled_by,created_at,updated_at) VALUES (134,209,87,249,34,'2025-02-26','2026-02-26','1_year',305.00,610.00,'cancelled_by_landlord',NULL,NULL,NULL,'I am interested in this property. Please consider my application.',NULL,'Property is no longer available',249,'2025-03-14 00:00:00','2025-03-14 00:00:00');
INSERT IGNORE INTO tenancies (id,student_id,property_id,landlord_id,agent_id,start_date,end_date,duration_type,monthly_rent,deposit,status,signed_contract_path,signed_uploaded_at,signed_uploaded_by,student_note,landlord_response,cancellation_reason,cancelled_by,created_at,updated_at) VALUES (135,210,88,250,35,'2025-02-27','2025-08-26','1_semester',315.00,630.00,'agent_verifying',NULL,NULL,NULL,'I am interested in this property. Please consider my application.',NULL,NULL,NULL,'2025-03-15 00:00:00','2025-03-15 00:00:00');
INSERT IGNORE INTO tenancies (id,student_id,property_id,landlord_id,agent_id,start_date,end_date,duration_type,monthly_rent,deposit,status,signed_contract_path,signed_uploaded_at,signed_uploaded_by,student_note,landlord_response,cancellation_reason,cancelled_by,created_at,updated_at) VALUES (136,211,89,251,15,'2025-02-28','2026-02-28','1_year',280.00,560.00,'agent_verifying',NULL,NULL,NULL,'I am interested in this property. Please consider my application.',NULL,NULL,NULL,'2025-03-16 00:00:00','2025-03-16 00:00:00');
INSERT IGNORE INTO tenancies (id,student_id,property_id,landlord_id,agent_id,start_date,end_date,duration_type,monthly_rent,deposit,status,signed_contract_path,signed_uploaded_at,signed_uploaded_by,student_note,landlord_response,cancellation_reason,cancelled_by,created_at,updated_at) VALUES (137,212,90,252,16,'2025-02-01','2025-07-31','1_semester',280.00,560.00,'contract_pending','uploads/contracts/tenancy_137_signed.pdf','2025-01-25 00:00:00',212,'I am interested in this property. Please consider my application.',NULL,NULL,NULL,'2025-03-17 00:00:00','2025-03-17 00:00:00');
INSERT IGNORE INTO tenancies (id,student_id,property_id,landlord_id,agent_id,start_date,end_date,duration_type,monthly_rent,deposit,status,signed_contract_path,signed_uploaded_at,signed_uploaded_by,student_note,landlord_response,cancellation_reason,cancelled_by,created_at,updated_at) VALUES (138,213,91,253,34,'2025-02-02','2026-02-02','1_year',290.00,580.00,'contract_pending','uploads/contracts/tenancy_138_signed.pdf','2025-01-26 00:00:00',213,'I am interested in this property. Please consider my application.',NULL,NULL,NULL,'2025-03-18 00:00:00','2025-03-18 00:00:00');
INSERT IGNORE INTO tenancies (id,student_id,property_id,landlord_id,agent_id,start_date,end_date,duration_type,monthly_rent,deposit,status,signed_contract_path,signed_uploaded_at,signed_uploaded_by,student_note,landlord_response,cancellation_reason,cancelled_by,created_at,updated_at) VALUES (139,214,92,254,35,'2025-02-03','2025-08-02','1_semester',1100.00,2200.00,'pending_landlord',NULL,NULL,NULL,'I am interested in this property. Please consider my application.',NULL,NULL,NULL,'2025-03-19 00:00:00','2025-03-19 00:00:00');
INSERT IGNORE INTO tenancies (id,student_id,property_id,landlord_id,agent_id,start_date,end_date,duration_type,monthly_rent,deposit,status,signed_contract_path,signed_uploaded_at,signed_uploaded_by,student_note,landlord_response,cancellation_reason,cancelled_by,created_at,updated_at) VALUES (140,215,93,255,15,'2025-02-04','2026-02-04','1_year',1150.00,2300.00,'pending_landlord',NULL,NULL,NULL,'I am interested in this property. Please consider my application.',NULL,NULL,NULL,'2025-03-20 00:00:00','2025-03-20 00:00:00');
INSERT IGNORE INTO tenancies (id,student_id,property_id,landlord_id,agent_id,start_date,end_date,duration_type,monthly_rent,deposit,status,signed_contract_path,signed_uploaded_at,signed_uploaded_by,student_note,landlord_response,cancellation_reason,cancelled_by,created_at,updated_at) VALUES (141,216,94,256,16,'2025-02-05','2025-08-04','1_semester',1200.00,2400.00,'active','uploads/contracts/tenancy_141_signed.pdf','2025-01-29 00:00:00',216,'I am interested in this property. Please consider my application.',NULL,NULL,NULL,'2025-03-21 00:00:00','2025-03-21 00:00:00');
INSERT IGNORE INTO tenancies (id,student_id,property_id,landlord_id,agent_id,start_date,end_date,duration_type,monthly_rent,deposit,status,signed_contract_path,signed_uploaded_at,signed_uploaded_by,student_note,landlord_response,cancellation_reason,cancelled_by,created_at,updated_at) VALUES (142,217,95,257,34,'2025-02-06','2026-02-06','1_year',1000.00,2000.00,'active','uploads/contracts/tenancy_142_signed.pdf','2025-01-30 00:00:00',217,'I am interested in this property. Please consider my application.',NULL,NULL,NULL,'2025-03-22 00:00:00','2025-03-22 00:00:00');
INSERT IGNORE INTO tenancies (id,student_id,property_id,landlord_id,agent_id,start_date,end_date,duration_type,monthly_rent,deposit,status,signed_contract_path,signed_uploaded_at,signed_uploaded_by,student_note,landlord_response,cancellation_reason,cancelled_by,created_at,updated_at) VALUES (143,218,96,258,35,'2025-02-07','2025-08-06','1_semester',1100.00,2200.00,'active','uploads/contracts/tenancy_143_signed.pdf','2025-01-31 00:00:00',218,'I am interested in this property. Please consider my application.',NULL,NULL,NULL,'2025-03-23 00:00:00','2025-03-23 00:00:00');
INSERT IGNORE INTO tenancies (id,student_id,property_id,landlord_id,agent_id,start_date,end_date,duration_type,monthly_rent,deposit,status,signed_contract_path,signed_uploaded_at,signed_uploaded_by,student_note,landlord_response,cancellation_reason,cancelled_by,created_at,updated_at) VALUES (144,219,97,259,15,'2025-02-08','2026-02-08','1_year',800.00,1600.00,'active','uploads/contracts/tenancy_144_signed.pdf','2025-02-01 00:00:00',219,'I am interested in this property. Please consider my application.',NULL,NULL,NULL,'2025-03-24 00:00:00','2025-03-24 00:00:00');
INSERT IGNORE INTO tenancies (id,student_id,property_id,landlord_id,agent_id,start_date,end_date,duration_type,monthly_rent,deposit,status,signed_contract_path,signed_uploaded_at,signed_uploaded_by,student_note,landlord_response,cancellation_reason,cancelled_by,created_at,updated_at) VALUES (145,220,98,260,16,'2025-02-09','2025-08-08','1_semester',700.00,1400.00,'active','uploads/contracts/tenancy_145_signed.pdf','2025-02-02 00:00:00',220,'I am interested in this property. Please consider my application.',NULL,NULL,NULL,'2025-03-25 00:00:00','2025-03-25 00:00:00');
INSERT IGNORE INTO tenancies (id,student_id,property_id,landlord_id,agent_id,start_date,end_date,duration_type,monthly_rent,deposit,status,signed_contract_path,signed_uploaded_at,signed_uploaded_by,student_note,landlord_response,cancellation_reason,cancelled_by,created_at,updated_at) VALUES (146,221,99,236,34,'2025-02-10','2026-02-10','1_year',780.00,1560.00,'active','uploads/contracts/tenancy_146_signed.pdf','2025-02-03 00:00:00',221,'I am interested in this property. Please consider my application.',NULL,NULL,NULL,'2025-03-26 00:00:00','2025-03-26 00:00:00');
INSERT IGNORE INTO tenancies (id,student_id,property_id,landlord_id,agent_id,start_date,end_date,duration_type,monthly_rent,deposit,status,signed_contract_path,signed_uploaded_at,signed_uploaded_by,student_note,landlord_response,cancellation_reason,cancelled_by,created_at,updated_at) VALUES (147,222,100,237,35,'2025-02-11','2025-08-10','1_semester',285.00,570.00,'active','uploads/contracts/tenancy_147_signed.pdf','2025-02-04 00:00:00',222,'I am interested in this property. Please consider my application.',NULL,NULL,NULL,'2025-03-27 00:00:00','2025-03-27 00:00:00');
INSERT IGNORE INTO tenancies (id,student_id,property_id,landlord_id,agent_id,start_date,end_date,duration_type,monthly_rent,deposit,status,signed_contract_path,signed_uploaded_at,signed_uploaded_by,student_note,landlord_response,cancellation_reason,cancelled_by,created_at,updated_at) VALUES (148,223,101,238,15,'2025-02-12','2026-02-12','1_year',295.00,590.00,'active','uploads/contracts/tenancy_148_signed.pdf','2025-02-05 00:00:00',223,'I am interested in this property. Please consider my application.',NULL,NULL,NULL,'2025-03-28 00:00:00','2025-03-28 00:00:00');
INSERT IGNORE INTO tenancies (id,student_id,property_id,landlord_id,agent_id,start_date,end_date,duration_type,monthly_rent,deposit,status,signed_contract_path,signed_uploaded_at,signed_uploaded_by,student_note,landlord_response,cancellation_reason,cancelled_by,created_at,updated_at) VALUES (149,224,102,239,16,'2025-02-13','2025-08-12','1_semester',305.00,610.00,'active','uploads/contracts/tenancy_149_signed.pdf','2025-02-06 00:00:00',224,'I am interested in this property. Please consider my application.',NULL,NULL,NULL,'2025-03-29 00:00:00','2025-03-29 00:00:00');
INSERT IGNORE INTO tenancies (id,student_id,property_id,landlord_id,agent_id,start_date,end_date,duration_type,monthly_rent,deposit,status,signed_contract_path,signed_uploaded_at,signed_uploaded_by,student_note,landlord_response,cancellation_reason,cancelled_by,created_at,updated_at) VALUES (150,225,103,240,34,'2025-02-14','2026-02-14','1_year',315.00,630.00,'active','uploads/contracts/tenancy_150_signed.pdf','2025-02-07 00:00:00',225,'I am interested in this property. Please consider my application.',NULL,NULL,NULL,'2025-03-30 00:00:00','2025-03-30 00:00:00');
-- Scenario 3: Sem3 active tenancy for prop 34
INSERT IGNORE INTO tenancies (id,student_id,property_id,landlord_id,agent_id,start_date,end_date,duration_type,monthly_rent,deposit,status,signed_contract_path,signed_uploaded_at,signed_uploaded_by,student_note,landlord_response,cancellation_reason,cancelled_by,created_at,updated_at) VALUES (151,200,34,236,15,'2025-02-05','2025-08-05','1_semester',1200.00,2400.00,'active','uploads/contracts/tenancy_151_signed.pdf','2025-01-29 00:00:00',200,'I am interested in this property. Please consider my application.',NULL,NULL,NULL,'2025-01-20 09:00:00','2025-01-20 09:00:00');
-- Scenario 4: student 120 moves between properties
INSERT IGNORE INTO tenancies (id,student_id,property_id,landlord_id,agent_id,start_date,end_date,duration_type,monthly_rent,deposit,status,signed_contract_path,signed_uploaded_at,signed_uploaded_by,student_note,landlord_response,cancellation_reason,cancelled_by,created_at,updated_at) VALUES (152,120,50,237,16,'2024-09-02','2025-01-31','1_semester',280.00,560.00,'completed','uploads/contracts/tenancy_152_signed.pdf','2024-08-26 00:00:00',120,'I am interested in this property. Please consider my application.',NULL,NULL,NULL,'2024-08-10 09:00:00','2024-08-10 09:00:00');
INSERT IGNORE INTO tenancies (id,student_id,property_id,landlord_id,agent_id,start_date,end_date,duration_type,monthly_rent,deposit,status,signed_contract_path,signed_uploaded_at,signed_uploaded_by,student_note,landlord_response,cancellation_reason,cancelled_by,created_at,updated_at) VALUES (153,120,65,237,34,'2025-02-08','2025-08-07','1_semester',280.00,560.00,'active','uploads/contracts/tenancy_153_signed.pdf','2025-02-01 00:00:00',120,'I am interested in this property. Please consider my application.',NULL,NULL,NULL,'2025-01-22 08:00:00','2025-01-22 08:00:00');

-- ============================================================
-- AGENT VERIFICATIONS
-- ============================================================
-- Scenario 8: re-inspection tenancy (2nd attempt after failure on bid=15)
INSERT IGNORE INTO tenancies (id,student_id,property_id,landlord_id,agent_id,start_date,end_date,duration_type,monthly_rent,deposit,status,signed_contract_path,signed_uploaded_at,signed_uploaded_by,student_note,landlord_response,cancellation_reason,cancelled_by,created_at,updated_at) VALUES (154,50,48,250,35,'2024-02-15','2024-08-13','1_semester',310.00,620.00,'active','uploads/contracts/tenancy_154_signed.pdf','2024-02-08 00:00:00',50,'I am interested in this property. Please consider my application.',NULL,NULL,NULL,'2024-02-13 00:00:00','2024-02-13 00:00:00');
UPDATE tenancies SET status='verification_failed' WHERE id=15;
INSERT IGNORE INTO agent_verifications (id,tenancy_id,agent_id,started_at,submitted_at,deadline_at,property_matches_listing,property_address_correct,facilities_match,landlord_id_matches,ownership_doc_sighted,inspection_notes,issues_found,issue_severity,outcome,student_proceeded_with_disclosure,student_decision_at) VALUES (1,1,16,'2024-01-27 00:00:00','2024-01-22 00:00:00','2024-02-03 00:00:00',1,1,1,1,1,'Property inspected. Condition matches listing.','None','none','passed',NULL,NULL);
INSERT IGNORE INTO agent_verifications (id,tenancy_id,agent_id,started_at,submitted_at,deadline_at,property_matches_listing,property_address_correct,facilities_match,landlord_id_matches,ownership_doc_sighted,inspection_notes,issues_found,issue_severity,outcome,student_proceeded_with_disclosure,student_decision_at) VALUES (2,2,34,'2024-01-28 00:00:00','2024-01-23 00:00:00','2024-02-04 00:00:00',1,1,1,1,1,'Property inspected. Condition matches listing.','None','none','passed',NULL,NULL);
INSERT IGNORE INTO agent_verifications (id,tenancy_id,agent_id,started_at,submitted_at,deadline_at,property_matches_listing,property_address_correct,facilities_match,landlord_id_matches,ownership_doc_sighted,inspection_notes,issues_found,issue_severity,outcome,student_proceeded_with_disclosure,student_decision_at) VALUES (3,3,35,'2024-01-29 00:00:00','2024-01-24 00:00:00','2024-02-05 00:00:00',1,1,1,1,1,'Property inspected. Condition matches listing.','None','none','passed',NULL,NULL);
INSERT IGNORE INTO agent_verifications (id,tenancy_id,agent_id,started_at,submitted_at,deadline_at,property_matches_listing,property_address_correct,facilities_match,landlord_id_matches,ownership_doc_sighted,inspection_notes,issues_found,issue_severity,outcome,student_proceeded_with_disclosure,student_decision_at) VALUES (4,4,15,'2024-01-30 00:00:00','2024-01-25 00:00:00','2024-02-06 00:00:00',1,1,1,1,1,'Property inspected. Condition matches listing.','None','none','passed',NULL,NULL);
INSERT IGNORE INTO agent_verifications (id,tenancy_id,agent_id,started_at,submitted_at,deadline_at,property_matches_listing,property_address_correct,facilities_match,landlord_id_matches,ownership_doc_sighted,inspection_notes,issues_found,issue_severity,outcome,student_proceeded_with_disclosure,student_decision_at) VALUES (5,5,16,'2024-01-31 00:00:00','2024-01-26 00:00:00','2024-02-07 00:00:00',1,1,1,1,1,'Property inspected. Condition matches listing.','None','none','passed',NULL,NULL);
INSERT IGNORE INTO agent_verifications (id,tenancy_id,agent_id,started_at,submitted_at,deadline_at,property_matches_listing,property_address_correct,facilities_match,landlord_id_matches,ownership_doc_sighted,inspection_notes,issues_found,issue_severity,outcome,student_proceeded_with_disclosure,student_decision_at) VALUES (6,7,35,'2024-02-02 00:00:00','2024-01-28 00:00:00','2024-02-09 00:00:00',1,1,1,1,1,'Property inspected. Condition matches listing.','None','none','passed',NULL,NULL);
INSERT IGNORE INTO agent_verifications (id,tenancy_id,agent_id,started_at,submitted_at,deadline_at,property_matches_listing,property_address_correct,facilities_match,landlord_id_matches,ownership_doc_sighted,inspection_notes,issues_found,issue_severity,outcome,student_proceeded_with_disclosure,student_decision_at) VALUES (7,8,15,'2024-02-03 00:00:00','2024-01-29 00:00:00','2024-02-10 00:00:00',1,1,1,1,1,'Property inspected. Condition matches listing.','None','none','passed',NULL,NULL);
INSERT IGNORE INTO agent_verifications (id,tenancy_id,agent_id,started_at,submitted_at,deadline_at,property_matches_listing,property_address_correct,facilities_match,landlord_id_matches,ownership_doc_sighted,inspection_notes,issues_found,issue_severity,outcome,student_proceeded_with_disclosure,student_decision_at) VALUES (8,10,34,'2024-02-05 00:00:00','2024-01-31 00:00:00','2024-02-12 00:00:00',1,1,1,1,1,'Property inspected. Condition matches listing.','None','none','passed',NULL,NULL);
INSERT IGNORE INTO agent_verifications (id,tenancy_id,agent_id,started_at,submitted_at,deadline_at,property_matches_listing,property_address_correct,facilities_match,landlord_id_matches,ownership_doc_sighted,inspection_notes,issues_found,issue_severity,outcome,student_proceeded_with_disclosure,student_decision_at) VALUES (9,11,35,'2024-02-06 00:00:00','2024-02-01 00:00:00','2024-02-13 00:00:00',1,1,1,1,1,'Property inspected. Condition matches listing.','None','none','passed',NULL,NULL);
INSERT IGNORE INTO agent_verifications (id,tenancy_id,agent_id,started_at,submitted_at,deadline_at,property_matches_listing,property_address_correct,facilities_match,landlord_id_matches,ownership_doc_sighted,inspection_notes,issues_found,issue_severity,outcome,student_proceeded_with_disclosure,student_decision_at) VALUES (10,12,15,'2024-02-07 00:00:00','2024-02-02 00:00:00','2024-02-14 00:00:00',1,1,1,1,1,'Property inspected. Condition matches listing.','None','none','passed',NULL,NULL);
INSERT IGNORE INTO agent_verifications (id,tenancy_id,agent_id,started_at,submitted_at,deadline_at,property_matches_listing,property_address_correct,facilities_match,landlord_id_matches,ownership_doc_sighted,inspection_notes,issues_found,issue_severity,outcome,student_proceeded_with_disclosure,student_decision_at) VALUES (11,13,16,'2024-02-08 00:00:00','2024-02-03 00:00:00','2024-02-15 00:00:00',1,1,1,1,1,'Property inspected. Condition matches listing.','None','none','passed',NULL,NULL);
INSERT IGNORE INTO agent_verifications (id,tenancy_id,agent_id,started_at,submitted_at,deadline_at,property_matches_listing,property_address_correct,facilities_match,landlord_id_matches,ownership_doc_sighted,inspection_notes,issues_found,issue_severity,outcome,student_proceeded_with_disclosure,student_decision_at) VALUES (12,14,34,'2024-02-09 00:00:00','2024-02-04 00:00:00','2024-02-16 00:00:00',1,1,1,1,1,'Property inspected. Condition matches listing.','None','none','passed',NULL,NULL);
INSERT IGNORE INTO agent_verifications (id,tenancy_id,agent_id,started_at,submitted_at,deadline_at,property_matches_listing,property_address_correct,facilities_match,landlord_id_matches,ownership_doc_sighted,inspection_notes,issues_found,issue_severity,outcome,student_proceeded_with_disclosure,student_decision_at) VALUES (13,15,35,'2024-02-10 00:00:00','2024-02-10 00:00:00','2024-02-17 00:00:00',0,1,0,1,1,'First inspection: property has significant issues. AC not functional, bathroom mold.','AC not working, mold in bathroom, ceiling water stain','major','failed',NULL,NULL);
INSERT IGNORE INTO agent_verifications (id,tenancy_id,agent_id,started_at,submitted_at,deadline_at,property_matches_listing,property_address_correct,facilities_match,landlord_id_matches,ownership_doc_sighted,inspection_notes,issues_found,issue_severity,outcome,student_proceeded_with_disclosure,student_decision_at) VALUES (14,16,15,'2024-02-11 00:00:00','2024-02-06 00:00:00','2024-02-18 00:00:00',1,1,1,1,1,'Property inspected. Condition matches listing.','None','none','passed',NULL,NULL);
INSERT IGNORE INTO agent_verifications (id,tenancy_id,agent_id,started_at,submitted_at,deadline_at,property_matches_listing,property_address_correct,facilities_match,landlord_id_matches,ownership_doc_sighted,inspection_notes,issues_found,issue_severity,outcome,student_proceeded_with_disclosure,student_decision_at) VALUES (15,17,16,'2024-02-12 00:00:00','2024-02-07 00:00:00','2024-02-19 00:00:00',1,1,1,1,1,'Property inspected. Condition matches listing.','None','none','passed',NULL,NULL);
INSERT IGNORE INTO agent_verifications (id,tenancy_id,agent_id,started_at,submitted_at,deadline_at,property_matches_listing,property_address_correct,facilities_match,landlord_id_matches,ownership_doc_sighted,inspection_notes,issues_found,issue_severity,outcome,student_proceeded_with_disclosure,student_decision_at) VALUES (16,18,34,'2024-02-13 00:00:00','2024-02-08 00:00:00','2024-02-20 00:00:00',1,1,1,1,1,'Property inspected. Condition matches listing.','None','none','passed',NULL,NULL);
INSERT IGNORE INTO agent_verifications (id,tenancy_id,agent_id,started_at,submitted_at,deadline_at,property_matches_listing,property_address_correct,facilities_match,landlord_id_matches,ownership_doc_sighted,inspection_notes,issues_found,issue_severity,outcome,student_proceeded_with_disclosure,student_decision_at) VALUES (17,19,35,'2024-02-14 00:00:00','2024-02-09 00:00:00','2024-02-21 00:00:00',1,1,1,1,1,'Property inspected. Condition matches listing.','None','none','passed',NULL,NULL);
INSERT IGNORE INTO agent_verifications (id,tenancy_id,agent_id,started_at,submitted_at,deadline_at,property_matches_listing,property_address_correct,facilities_match,landlord_id_matches,ownership_doc_sighted,inspection_notes,issues_found,issue_severity,outcome,student_proceeded_with_disclosure,student_decision_at) VALUES (18,20,15,'2024-02-15 00:00:00','2024-02-10 00:00:00','2024-02-22 00:00:00',1,1,1,1,1,'Property inspected. Condition matches listing.','None','none','passed',NULL,NULL);
INSERT IGNORE INTO agent_verifications (id,tenancy_id,agent_id,started_at,submitted_at,deadline_at,property_matches_listing,property_address_correct,facilities_match,landlord_id_matches,ownership_doc_sighted,inspection_notes,issues_found,issue_severity,outcome,student_proceeded_with_disclosure,student_decision_at) VALUES (19,21,16,'2024-02-16 00:00:00','2024-02-11 00:00:00','2024-02-23 00:00:00',1,1,1,1,1,'Property inspected. Condition matches listing.','None','none','passed',NULL,NULL);
INSERT IGNORE INTO agent_verifications (id,tenancy_id,agent_id,started_at,submitted_at,deadline_at,property_matches_listing,property_address_correct,facilities_match,landlord_id_matches,ownership_doc_sighted,inspection_notes,issues_found,issue_severity,outcome,student_proceeded_with_disclosure,student_decision_at) VALUES (20,22,34,'2024-02-17 00:00:00','2024-02-12 00:00:00','2024-02-24 00:00:00',1,1,1,1,1,'Property inspected. Condition matches listing.','None','none','passed',NULL,NULL);
INSERT IGNORE INTO agent_verifications (id,tenancy_id,agent_id,started_at,submitted_at,deadline_at,property_matches_listing,property_address_correct,facilities_match,landlord_id_matches,ownership_doc_sighted,inspection_notes,issues_found,issue_severity,outcome,student_proceeded_with_disclosure,student_decision_at) VALUES (21,23,35,'2024-02-18 00:00:00','2024-02-13 00:00:00','2024-02-25 00:00:00',1,1,1,1,1,'Property inspected. Condition matches listing.','None','none','passed',NULL,NULL);
INSERT IGNORE INTO agent_verifications (id,tenancy_id,agent_id,started_at,submitted_at,deadline_at,property_matches_listing,property_address_correct,facilities_match,landlord_id_matches,ownership_doc_sighted,inspection_notes,issues_found,issue_severity,outcome,student_proceeded_with_disclosure,student_decision_at) VALUES (22,24,15,'2024-02-19 00:00:00','2024-02-14 00:00:00','2024-02-26 00:00:00',1,1,1,1,1,'Property inspected. Condition matches listing.','None','none','passed',NULL,NULL);
INSERT IGNORE INTO agent_verifications (id,tenancy_id,agent_id,started_at,submitted_at,deadline_at,property_matches_listing,property_address_correct,facilities_match,landlord_id_matches,ownership_doc_sighted,inspection_notes,issues_found,issue_severity,outcome,student_proceeded_with_disclosure,student_decision_at) VALUES (23,25,16,'2024-02-20 00:00:00','2024-02-15 00:00:00','2024-02-27 00:00:00',1,1,1,1,1,'Property inspected. Condition matches listing.','None','none','passed',NULL,NULL);
INSERT IGNORE INTO agent_verifications (id,tenancy_id,agent_id,started_at,submitted_at,deadline_at,property_matches_listing,property_address_correct,facilities_match,landlord_id_matches,ownership_doc_sighted,inspection_notes,issues_found,issue_severity,outcome,student_proceeded_with_disclosure,student_decision_at) VALUES (24,26,34,'2024-02-21 00:00:00','2024-02-16 00:00:00','2024-02-28 00:00:00',1,1,1,1,1,'Property inspected. Condition matches listing.','None','none','passed',NULL,NULL);
INSERT IGNORE INTO agent_verifications (id,tenancy_id,agent_id,started_at,submitted_at,deadline_at,property_matches_listing,property_address_correct,facilities_match,landlord_id_matches,ownership_doc_sighted,inspection_notes,issues_found,issue_severity,outcome,student_proceeded_with_disclosure,student_decision_at) VALUES (25,27,35,'2024-02-22 00:00:00','2024-02-17 00:00:00','2024-02-29 00:00:00',1,1,1,1,1,'Property inspected. Condition matches listing.','None','none','passed',NULL,NULL);
INSERT IGNORE INTO agent_verifications (id,tenancy_id,agent_id,started_at,submitted_at,deadline_at,property_matches_listing,property_address_correct,facilities_match,landlord_id_matches,ownership_doc_sighted,inspection_notes,issues_found,issue_severity,outcome,student_proceeded_with_disclosure,student_decision_at) VALUES (26,28,15,'2024-02-23 00:00:00','2024-02-18 00:00:00','2024-03-01 00:00:00',1,1,1,1,1,'Property inspected. Condition matches listing.','None','none','passed',NULL,NULL);
INSERT IGNORE INTO agent_verifications (id,tenancy_id,agent_id,started_at,submitted_at,deadline_at,property_matches_listing,property_address_correct,facilities_match,landlord_id_matches,ownership_doc_sighted,inspection_notes,issues_found,issue_severity,outcome,student_proceeded_with_disclosure,student_decision_at) VALUES (27,29,16,'2024-02-24 00:00:00','2024-01-22 00:00:00','2024-03-02 00:00:00',1,1,1,1,1,'Property inspected. Condition matches listing.','None','none','passed',NULL,NULL);
INSERT IGNORE INTO agent_verifications (id,tenancy_id,agent_id,started_at,submitted_at,deadline_at,property_matches_listing,property_address_correct,facilities_match,landlord_id_matches,ownership_doc_sighted,inspection_notes,issues_found,issue_severity,outcome,student_proceeded_with_disclosure,student_decision_at) VALUES (28,30,34,'2024-02-25 00:00:00','2024-01-23 00:00:00','2024-03-03 00:00:00',1,1,1,1,1,'Property inspected. Condition matches listing.','None','none','passed',NULL,NULL);
INSERT IGNORE INTO agent_verifications (id,tenancy_id,agent_id,started_at,submitted_at,deadline_at,property_matches_listing,property_address_correct,facilities_match,landlord_id_matches,ownership_doc_sighted,inspection_notes,issues_found,issue_severity,outcome,student_proceeded_with_disclosure,student_decision_at) VALUES (29,31,35,'2024-08-12 00:00:00','2024-08-22 00:00:00','2024-08-19 00:00:00',1,1,1,1,1,'Property inspected. Condition matches listing.','None','none','passed',NULL,NULL);
INSERT IGNORE INTO agent_verifications (id,tenancy_id,agent_id,started_at,submitted_at,deadline_at,property_matches_listing,property_address_correct,facilities_match,landlord_id_matches,ownership_doc_sighted,inspection_notes,issues_found,issue_severity,outcome,student_proceeded_with_disclosure,student_decision_at) VALUES (30,32,15,'2024-08-13 00:00:00','2024-08-23 00:00:00','2024-08-20 00:00:00',1,1,1,1,1,'Property inspected. Condition matches listing.','None','none','passed',NULL,NULL);
INSERT IGNORE INTO agent_verifications (id,tenancy_id,agent_id,started_at,submitted_at,deadline_at,property_matches_listing,property_address_correct,facilities_match,landlord_id_matches,ownership_doc_sighted,inspection_notes,issues_found,issue_severity,outcome,student_proceeded_with_disclosure,student_decision_at) VALUES (31,33,16,'2024-08-14 00:00:00','2024-08-24 00:00:00','2024-08-21 00:00:00',1,1,1,1,1,'Property inspected. Condition matches listing.','None','none','passed',NULL,NULL);
INSERT IGNORE INTO agent_verifications (id,tenancy_id,agent_id,started_at,submitted_at,deadline_at,property_matches_listing,property_address_correct,facilities_match,landlord_id_matches,ownership_doc_sighted,inspection_notes,issues_found,issue_severity,outcome,student_proceeded_with_disclosure,student_decision_at) VALUES (32,34,34,'2024-08-15 00:00:00','2024-08-25 00:00:00','2024-08-22 00:00:00',1,1,1,1,1,'Property inspected. Condition matches listing.','None','none','passed',NULL,NULL);
INSERT IGNORE INTO agent_verifications (id,tenancy_id,agent_id,started_at,submitted_at,deadline_at,property_matches_listing,property_address_correct,facilities_match,landlord_id_matches,ownership_doc_sighted,inspection_notes,issues_found,issue_severity,outcome,student_proceeded_with_disclosure,student_decision_at) VALUES (33,35,35,'2024-08-16 00:00:00','2024-08-26 00:00:00','2024-08-23 00:00:00',1,1,1,1,1,'Property inspected. Condition matches listing.','None','none','passed',NULL,NULL);
INSERT IGNORE INTO agent_verifications (id,tenancy_id,agent_id,started_at,submitted_at,deadline_at,property_matches_listing,property_address_correct,facilities_match,landlord_id_matches,ownership_doc_sighted,inspection_notes,issues_found,issue_severity,outcome,student_proceeded_with_disclosure,student_decision_at) VALUES (34,36,15,'2024-08-17 00:00:00','2024-08-27 00:00:00','2024-08-24 00:00:00',1,1,1,1,1,'Property inspected. Condition matches listing.','None','none','passed',NULL,NULL);
INSERT IGNORE INTO agent_verifications (id,tenancy_id,agent_id,started_at,submitted_at,deadline_at,property_matches_listing,property_address_correct,facilities_match,landlord_id_matches,ownership_doc_sighted,inspection_notes,issues_found,issue_severity,outcome,student_proceeded_with_disclosure,student_decision_at) VALUES (35,37,16,'2024-08-18 00:00:00','2024-08-28 00:00:00','2024-08-25 00:00:00',1,1,1,1,1,'Property inspected. Condition matches listing.','None','none','passed',NULL,NULL);
INSERT IGNORE INTO agent_verifications (id,tenancy_id,agent_id,started_at,submitted_at,deadline_at,property_matches_listing,property_address_correct,facilities_match,landlord_id_matches,ownership_doc_sighted,inspection_notes,issues_found,issue_severity,outcome,student_proceeded_with_disclosure,student_decision_at) VALUES (36,38,34,'2024-08-19 00:00:00','2024-08-29 00:00:00','2024-08-26 00:00:00',1,1,1,1,1,'Property inspected. Condition matches listing.','None','none','passed',NULL,NULL);
INSERT IGNORE INTO agent_verifications (id,tenancy_id,agent_id,started_at,submitted_at,deadline_at,property_matches_listing,property_address_correct,facilities_match,landlord_id_matches,ownership_doc_sighted,inspection_notes,issues_found,issue_severity,outcome,student_proceeded_with_disclosure,student_decision_at) VALUES (37,39,35,'2024-08-20 00:00:00','2024-08-30 00:00:00','2024-08-27 00:00:00',1,1,1,1,1,'Property inspected. Condition matches listing.','None','none','passed',NULL,NULL);
INSERT IGNORE INTO agent_verifications (id,tenancy_id,agent_id,started_at,submitted_at,deadline_at,property_matches_listing,property_address_correct,facilities_match,landlord_id_matches,ownership_doc_sighted,inspection_notes,issues_found,issue_severity,outcome,student_proceeded_with_disclosure,student_decision_at) VALUES (38,40,15,'2024-08-21 00:00:00','2024-08-31 00:00:00','2024-08-28 00:00:00',1,1,1,1,1,'Property inspected. Condition matches listing.','None','none','passed',NULL,NULL);
INSERT IGNORE INTO agent_verifications (id,tenancy_id,agent_id,started_at,submitted_at,deadline_at,property_matches_listing,property_address_correct,facilities_match,landlord_id_matches,ownership_doc_sighted,inspection_notes,issues_found,issue_severity,outcome,student_proceeded_with_disclosure,student_decision_at) VALUES (39,41,16,'2024-08-22 00:00:00','2024-09-01 00:00:00','2024-08-29 00:00:00',1,1,1,1,1,'Property inspected. Condition matches listing.','None','none','passed',NULL,NULL);
INSERT IGNORE INTO agent_verifications (id,tenancy_id,agent_id,started_at,submitted_at,deadline_at,property_matches_listing,property_address_correct,facilities_match,landlord_id_matches,ownership_doc_sighted,inspection_notes,issues_found,issue_severity,outcome,student_proceeded_with_disclosure,student_decision_at) VALUES (40,42,34,'2024-08-23 00:00:00','2024-09-02 00:00:00','2024-08-30 00:00:00',1,1,1,1,1,'Property inspected. Condition matches listing.','None','none','passed',NULL,NULL);
INSERT IGNORE INTO agent_verifications (id,tenancy_id,agent_id,started_at,submitted_at,deadline_at,property_matches_listing,property_address_correct,facilities_match,landlord_id_matches,ownership_doc_sighted,inspection_notes,issues_found,issue_severity,outcome,student_proceeded_with_disclosure,student_decision_at) VALUES (41,43,35,'2024-08-24 00:00:00','2024-09-03 00:00:00','2024-08-31 00:00:00',1,1,1,1,1,'Property inspected. Condition matches listing.','None','none','passed',NULL,NULL);
INSERT IGNORE INTO agent_verifications (id,tenancy_id,agent_id,started_at,submitted_at,deadline_at,property_matches_listing,property_address_correct,facilities_match,landlord_id_matches,ownership_doc_sighted,inspection_notes,issues_found,issue_severity,outcome,student_proceeded_with_disclosure,student_decision_at) VALUES (42,44,15,'2024-08-25 00:00:00','2024-09-04 00:00:00','2024-09-01 00:00:00',1,1,1,1,1,'Property inspected. Condition matches listing.','None','none','passed',NULL,NULL);
INSERT IGNORE INTO agent_verifications (id,tenancy_id,agent_id,started_at,submitted_at,deadline_at,property_matches_listing,property_address_correct,facilities_match,landlord_id_matches,ownership_doc_sighted,inspection_notes,issues_found,issue_severity,outcome,student_proceeded_with_disclosure,student_decision_at) VALUES (43,45,16,'2024-08-26 00:00:00','2024-09-05 00:00:00','2024-09-02 00:00:00',1,1,1,1,1,'Property inspected. Condition matches listing.','None','none','passed',NULL,NULL);
INSERT IGNORE INTO agent_verifications (id,tenancy_id,agent_id,started_at,submitted_at,deadline_at,property_matches_listing,property_address_correct,facilities_match,landlord_id_matches,ownership_doc_sighted,inspection_notes,issues_found,issue_severity,outcome,student_proceeded_with_disclosure,student_decision_at) VALUES (44,46,34,'2024-08-27 00:00:00','2024-09-06 00:00:00','2024-09-03 00:00:00',1,1,1,1,1,'Property inspected. Condition matches listing.','None','none','passed',NULL,NULL);
INSERT IGNORE INTO agent_verifications (id,tenancy_id,agent_id,started_at,submitted_at,deadline_at,property_matches_listing,property_address_correct,facilities_match,landlord_id_matches,ownership_doc_sighted,inspection_notes,issues_found,issue_severity,outcome,student_proceeded_with_disclosure,student_decision_at) VALUES (45,47,35,'2024-08-28 00:00:00','2024-09-07 00:00:00','2024-09-04 00:00:00',1,1,1,1,1,'Property inspected. Condition matches listing.','None','none','passed',NULL,NULL);
INSERT IGNORE INTO agent_verifications (id,tenancy_id,agent_id,started_at,submitted_at,deadline_at,property_matches_listing,property_address_correct,facilities_match,landlord_id_matches,ownership_doc_sighted,inspection_notes,issues_found,issue_severity,outcome,student_proceeded_with_disclosure,student_decision_at) VALUES (46,60,15,'2024-09-10 00:00:00',NULL,'2024-09-17 00:00:00',NULL,1,NULL,1,1,'Inspection ongoing or issues found.','None','none','in_progress',NULL,NULL);
INSERT IGNORE INTO agent_verifications (id,tenancy_id,agent_id,started_at,submitted_at,deadline_at,property_matches_listing,property_address_correct,facilities_match,landlord_id_matches,ownership_doc_sighted,inspection_notes,issues_found,issue_severity,outcome,student_proceeded_with_disclosure,student_decision_at) VALUES (47,61,16,'2024-09-11 00:00:00',NULL,'2024-09-18 00:00:00',NULL,1,NULL,1,1,'Inspection ongoing or issues found.','None','none','in_progress',NULL,NULL);
INSERT IGNORE INTO agent_verifications (id,tenancy_id,agent_id,started_at,submitted_at,deadline_at,property_matches_listing,property_address_correct,facilities_match,landlord_id_matches,ownership_doc_sighted,inspection_notes,issues_found,issue_severity,outcome,student_proceeded_with_disclosure,student_decision_at) VALUES (48,62,34,'2024-09-12 00:00:00','2024-08-25 00:00:00','2024-09-19 00:00:00',1,1,1,1,1,'Property inspected. Condition matches listing.','None','none','passed',NULL,NULL);
INSERT IGNORE INTO agent_verifications (id,tenancy_id,agent_id,started_at,submitted_at,deadline_at,property_matches_listing,property_address_correct,facilities_match,landlord_id_matches,ownership_doc_sighted,inspection_notes,issues_found,issue_severity,outcome,student_proceeded_with_disclosure,student_decision_at) VALUES (49,63,35,'2024-09-13 00:00:00','2024-08-26 00:00:00','2024-09-20 00:00:00',1,1,1,1,1,'Property inspected. Condition matches listing.','None','none','passed',NULL,NULL);
INSERT IGNORE INTO agent_verifications (id,tenancy_id,agent_id,started_at,submitted_at,deadline_at,property_matches_listing,property_address_correct,facilities_match,landlord_id_matches,ownership_doc_sighted,inspection_notes,issues_found,issue_severity,outcome,student_proceeded_with_disclosure,student_decision_at) VALUES (50,66,34,'2024-09-16 00:00:00','2024-08-29 00:00:00','2024-09-23 00:00:00',1,1,1,1,1,'Property inspected. Condition matches listing.','None','none','passed',NULL,NULL);
INSERT IGNORE INTO agent_verifications (id,tenancy_id,agent_id,started_at,submitted_at,deadline_at,property_matches_listing,property_address_correct,facilities_match,landlord_id_matches,ownership_doc_sighted,inspection_notes,issues_found,issue_severity,outcome,student_proceeded_with_disclosure,student_decision_at) VALUES (51,67,35,'2024-09-17 00:00:00','2024-08-30 00:00:00','2024-09-24 00:00:00',1,1,1,1,1,'Property inspected. Condition matches listing.','None','none','passed',NULL,NULL);
INSERT IGNORE INTO agent_verifications (id,tenancy_id,agent_id,started_at,submitted_at,deadline_at,property_matches_listing,property_address_correct,facilities_match,landlord_id_matches,ownership_doc_sighted,inspection_notes,issues_found,issue_severity,outcome,student_proceeded_with_disclosure,student_decision_at) VALUES (52,68,15,'2024-09-18 00:00:00','2024-08-31 00:00:00','2024-09-25 00:00:00',1,1,1,1,1,'Property inspected. Condition matches listing.','None','none','passed',NULL,NULL);
INSERT IGNORE INTO agent_verifications (id,tenancy_id,agent_id,started_at,submitted_at,deadline_at,property_matches_listing,property_address_correct,facilities_match,landlord_id_matches,ownership_doc_sighted,inspection_notes,issues_found,issue_severity,outcome,student_proceeded_with_disclosure,student_decision_at) VALUES (53,69,16,'2024-09-19 00:00:00','2024-09-01 00:00:00','2024-09-26 00:00:00',1,1,1,1,1,'Property inspected. Condition matches listing.','None','none','passed',NULL,NULL);
INSERT IGNORE INTO agent_verifications (id,tenancy_id,agent_id,started_at,submitted_at,deadline_at,property_matches_listing,property_address_correct,facilities_match,landlord_id_matches,ownership_doc_sighted,inspection_notes,issues_found,issue_severity,outcome,student_proceeded_with_disclosure,student_decision_at) VALUES (54,70,34,'2024-09-20 00:00:00','2024-09-02 00:00:00','2024-09-27 00:00:00',1,1,1,1,1,'Property inspected. Condition matches listing.','None','none','passed',NULL,NULL);
INSERT IGNORE INTO agent_verifications (id,tenancy_id,agent_id,started_at,submitted_at,deadline_at,property_matches_listing,property_address_correct,facilities_match,landlord_id_matches,ownership_doc_sighted,inspection_notes,issues_found,issue_severity,outcome,student_proceeded_with_disclosure,student_decision_at) VALUES (55,71,35,'2024-09-21 00:00:00','2024-09-03 00:00:00','2024-09-28 00:00:00',1,1,1,1,1,'Property inspected. Condition matches listing.','None','none','passed',NULL,NULL);
INSERT IGNORE INTO agent_verifications (id,tenancy_id,agent_id,started_at,submitted_at,deadline_at,property_matches_listing,property_address_correct,facilities_match,landlord_id_matches,ownership_doc_sighted,inspection_notes,issues_found,issue_severity,outcome,student_proceeded_with_disclosure,student_decision_at) VALUES (56,72,15,'2024-09-22 00:00:00','2024-09-04 00:00:00','2024-09-29 00:00:00',1,1,1,1,1,'Property inspected. Condition matches listing.','None','none','passed',NULL,NULL);
INSERT IGNORE INTO agent_verifications (id,tenancy_id,agent_id,started_at,submitted_at,deadline_at,property_matches_listing,property_address_correct,facilities_match,landlord_id_matches,ownership_doc_sighted,inspection_notes,issues_found,issue_severity,outcome,student_proceeded_with_disclosure,student_decision_at) VALUES (57,73,16,'2024-09-23 00:00:00','2024-09-05 00:00:00','2024-09-30 00:00:00',1,1,1,1,1,'Property inspected. Condition matches listing.','None','none','passed',NULL,NULL);
INSERT IGNORE INTO agent_verifications (id,tenancy_id,agent_id,started_at,submitted_at,deadline_at,property_matches_listing,property_address_correct,facilities_match,landlord_id_matches,ownership_doc_sighted,inspection_notes,issues_found,issue_severity,outcome,student_proceeded_with_disclosure,student_decision_at) VALUES (58,74,34,'2024-09-24 00:00:00','2024-09-06 00:00:00','2024-10-01 00:00:00',1,1,1,1,1,'Property inspected. Condition matches listing.','None','none','passed',NULL,NULL);
INSERT IGNORE INTO agent_verifications (id,tenancy_id,agent_id,started_at,submitted_at,deadline_at,property_matches_listing,property_address_correct,facilities_match,landlord_id_matches,ownership_doc_sighted,inspection_notes,issues_found,issue_severity,outcome,student_proceeded_with_disclosure,student_decision_at) VALUES (59,75,35,'2024-09-25 00:00:00','2024-09-07 00:00:00','2024-10-02 00:00:00',1,1,1,1,1,'Property inspected. Condition matches listing.','None','none','passed',NULL,NULL);
INSERT IGNORE INTO agent_verifications (id,tenancy_id,agent_id,started_at,submitted_at,deadline_at,property_matches_listing,property_address_correct,facilities_match,landlord_id_matches,ownership_doc_sighted,inspection_notes,issues_found,issue_severity,outcome,student_proceeded_with_disclosure,student_decision_at) VALUES (60,76,15,'2024-09-26 00:00:00','2024-09-08 00:00:00','2024-10-03 00:00:00',1,1,1,1,1,'Property inspected. Condition matches listing.','None','none','passed',NULL,NULL);
INSERT IGNORE INTO agent_verifications (id,tenancy_id,agent_id,started_at,submitted_at,deadline_at,property_matches_listing,property_address_correct,facilities_match,landlord_id_matches,ownership_doc_sighted,inspection_notes,issues_found,issue_severity,outcome,student_proceeded_with_disclosure,student_decision_at) VALUES (61,77,16,'2024-09-27 00:00:00','2024-09-09 00:00:00','2024-10-04 00:00:00',1,1,1,1,1,'Property inspected. Condition matches listing.','None','none','passed',NULL,NULL);
INSERT IGNORE INTO agent_verifications (id,tenancy_id,agent_id,started_at,submitted_at,deadline_at,property_matches_listing,property_address_correct,facilities_match,landlord_id_matches,ownership_doc_sighted,inspection_notes,issues_found,issue_severity,outcome,student_proceeded_with_disclosure,student_decision_at) VALUES (62,78,34,'2024-09-28 00:00:00','2024-09-10 00:00:00','2024-10-05 00:00:00',1,1,1,1,1,'Property inspected. Condition matches listing.','None','none','passed',NULL,NULL);
INSERT IGNORE INTO agent_verifications (id,tenancy_id,agent_id,started_at,submitted_at,deadline_at,property_matches_listing,property_address_correct,facilities_match,landlord_id_matches,ownership_doc_sighted,inspection_notes,issues_found,issue_severity,outcome,student_proceeded_with_disclosure,student_decision_at) VALUES (63,79,35,'2024-09-29 00:00:00','2024-09-11 00:00:00','2024-10-06 00:00:00',1,1,1,1,1,'Property inspected. Condition matches listing.','None','none','passed',NULL,NULL);
INSERT IGNORE INTO agent_verifications (id,tenancy_id,agent_id,started_at,submitted_at,deadline_at,property_matches_listing,property_address_correct,facilities_match,landlord_id_matches,ownership_doc_sighted,inspection_notes,issues_found,issue_severity,outcome,student_proceeded_with_disclosure,student_decision_at) VALUES (64,80,15,'2024-09-30 00:00:00','2024-09-12 00:00:00','2024-10-07 00:00:00',1,1,1,1,1,'Property inspected. Condition matches listing.','None','none','passed',NULL,NULL);
INSERT IGNORE INTO agent_verifications (id,tenancy_id,agent_id,started_at,submitted_at,deadline_at,property_matches_listing,property_address_correct,facilities_match,landlord_id_matches,ownership_doc_sighted,inspection_notes,issues_found,issue_severity,outcome,student_proceeded_with_disclosure,student_decision_at) VALUES (65,85,16,'2025-01-26 00:00:00',NULL,'2025-02-02 00:00:00',NULL,1,NULL,1,1,'Inspection ongoing or issues found.','None','none','in_progress',NULL,NULL);
INSERT IGNORE INTO agent_verifications (id,tenancy_id,agent_id,started_at,submitted_at,deadline_at,property_matches_listing,property_address_correct,facilities_match,landlord_id_matches,ownership_doc_sighted,inspection_notes,issues_found,issue_severity,outcome,student_proceeded_with_disclosure,student_decision_at) VALUES (66,86,34,'2025-01-27 00:00:00',NULL,'2025-02-03 00:00:00',NULL,1,NULL,1,1,'Inspection ongoing or issues found.','None','none','in_progress',NULL,NULL);
INSERT IGNORE INTO agent_verifications (id,tenancy_id,agent_id,started_at,submitted_at,deadline_at,property_matches_listing,property_address_correct,facilities_match,landlord_id_matches,ownership_doc_sighted,inspection_notes,issues_found,issue_severity,outcome,student_proceeded_with_disclosure,student_decision_at) VALUES (67,87,35,'2025-01-28 00:00:00','2025-01-28 00:00:00','2025-02-04 00:00:00',1,1,1,1,1,'Property inspected. Condition matches listing.','None','none','passed',NULL,NULL);
INSERT IGNORE INTO agent_verifications (id,tenancy_id,agent_id,started_at,submitted_at,deadline_at,property_matches_listing,property_address_correct,facilities_match,landlord_id_matches,ownership_doc_sighted,inspection_notes,issues_found,issue_severity,outcome,student_proceeded_with_disclosure,student_decision_at) VALUES (68,88,15,'2025-01-29 00:00:00','2025-01-29 00:00:00','2025-02-05 00:00:00',1,1,1,1,1,'Property inspected. Condition matches listing.','None','none','passed',NULL,NULL);
INSERT IGNORE INTO agent_verifications (id,tenancy_id,agent_id,started_at,submitted_at,deadline_at,property_matches_listing,property_address_correct,facilities_match,landlord_id_matches,ownership_doc_sighted,inspection_notes,issues_found,issue_severity,outcome,student_proceeded_with_disclosure,student_decision_at) VALUES (69,91,35,'2025-02-01 00:00:00','2025-02-01 00:00:00','2025-02-08 00:00:00',1,1,1,1,1,'Property inspected. Condition matches listing.','None','none','passed',NULL,NULL);
INSERT IGNORE INTO agent_verifications (id,tenancy_id,agent_id,started_at,submitted_at,deadline_at,property_matches_listing,property_address_correct,facilities_match,landlord_id_matches,ownership_doc_sighted,inspection_notes,issues_found,issue_severity,outcome,student_proceeded_with_disclosure,student_decision_at) VALUES (70,92,15,'2025-02-02 00:00:00','2025-02-02 00:00:00','2025-02-09 00:00:00',1,1,1,1,1,'Property inspected. Condition matches listing.','None','none','passed',NULL,NULL);
INSERT IGNORE INTO agent_verifications (id,tenancy_id,agent_id,started_at,submitted_at,deadline_at,property_matches_listing,property_address_correct,facilities_match,landlord_id_matches,ownership_doc_sighted,inspection_notes,issues_found,issue_severity,outcome,student_proceeded_with_disclosure,student_decision_at) VALUES (71,93,16,'2025-02-03 00:00:00','2025-02-03 00:00:00','2025-02-10 00:00:00',1,1,1,1,1,'Property inspected. Condition matches listing.','None','none','passed',NULL,NULL);
INSERT IGNORE INTO agent_verifications (id,tenancy_id,agent_id,started_at,submitted_at,deadline_at,property_matches_listing,property_address_correct,facilities_match,landlord_id_matches,ownership_doc_sighted,inspection_notes,issues_found,issue_severity,outcome,student_proceeded_with_disclosure,student_decision_at) VALUES (72,94,34,'2025-02-04 00:00:00','2025-02-04 00:00:00','2025-02-11 00:00:00',1,1,1,1,1,'Property inspected. Condition matches listing.','None','none','passed',NULL,NULL);
INSERT IGNORE INTO agent_verifications (id,tenancy_id,agent_id,started_at,submitted_at,deadline_at,property_matches_listing,property_address_correct,facilities_match,landlord_id_matches,ownership_doc_sighted,inspection_notes,issues_found,issue_severity,outcome,student_proceeded_with_disclosure,student_decision_at) VALUES (73,95,35,'2025-02-05 00:00:00','2025-02-05 00:00:00','2025-02-12 00:00:00',1,1,1,1,1,'Property inspected. Condition matches listing.','None','none','passed',NULL,NULL);
INSERT IGNORE INTO agent_verifications (id,tenancy_id,agent_id,started_at,submitted_at,deadline_at,property_matches_listing,property_address_correct,facilities_match,landlord_id_matches,ownership_doc_sighted,inspection_notes,issues_found,issue_severity,outcome,student_proceeded_with_disclosure,student_decision_at) VALUES (74,96,15,'2025-02-06 00:00:00','2025-02-06 00:00:00','2025-02-13 00:00:00',1,1,1,1,1,'Property inspected. Condition matches listing.','None','none','passed',NULL,NULL);
INSERT IGNORE INTO agent_verifications (id,tenancy_id,agent_id,started_at,submitted_at,deadline_at,property_matches_listing,property_address_correct,facilities_match,landlord_id_matches,ownership_doc_sighted,inspection_notes,issues_found,issue_severity,outcome,student_proceeded_with_disclosure,student_decision_at) VALUES (75,97,16,'2025-02-07 00:00:00','2025-02-07 00:00:00','2025-02-14 00:00:00',1,1,1,1,1,'Property inspected. Condition matches listing.','None','none','passed',NULL,NULL);
INSERT IGNORE INTO agent_verifications (id,tenancy_id,agent_id,started_at,submitted_at,deadline_at,property_matches_listing,property_address_correct,facilities_match,landlord_id_matches,ownership_doc_sighted,inspection_notes,issues_found,issue_severity,outcome,student_proceeded_with_disclosure,student_decision_at) VALUES (76,98,34,'2025-02-08 00:00:00','2025-02-08 00:00:00','2025-02-15 00:00:00',1,1,1,1,1,'Property inspected. Condition matches listing.','None','none','passed',NULL,NULL);
INSERT IGNORE INTO agent_verifications (id,tenancy_id,agent_id,started_at,submitted_at,deadline_at,property_matches_listing,property_address_correct,facilities_match,landlord_id_matches,ownership_doc_sighted,inspection_notes,issues_found,issue_severity,outcome,student_proceeded_with_disclosure,student_decision_at) VALUES (77,99,35,'2025-02-09 00:00:00','2025-02-09 00:00:00','2025-02-16 00:00:00',1,1,1,1,1,'Property inspected. Condition matches listing.','None','none','passed',NULL,NULL);
INSERT IGNORE INTO agent_verifications (id,tenancy_id,agent_id,started_at,submitted_at,deadline_at,property_matches_listing,property_address_correct,facilities_match,landlord_id_matches,ownership_doc_sighted,inspection_notes,issues_found,issue_severity,outcome,student_proceeded_with_disclosure,student_decision_at) VALUES (78,100,15,'2025-02-10 00:00:00','2025-02-10 00:00:00','2025-02-17 00:00:00',1,1,1,1,1,'Property inspected. Condition matches listing.','None','none','passed',NULL,NULL);
INSERT IGNORE INTO agent_verifications (id,tenancy_id,agent_id,started_at,submitted_at,deadline_at,property_matches_listing,property_address_correct,facilities_match,landlord_id_matches,ownership_doc_sighted,inspection_notes,issues_found,issue_severity,outcome,student_proceeded_with_disclosure,student_decision_at) VALUES (79,101,16,'2025-02-11 00:00:00','2025-02-11 00:00:00','2025-02-18 00:00:00',1,1,1,1,1,'Property inspected. Condition matches listing.','None','none','passed',NULL,NULL);
INSERT IGNORE INTO agent_verifications (id,tenancy_id,agent_id,started_at,submitted_at,deadline_at,property_matches_listing,property_address_correct,facilities_match,landlord_id_matches,ownership_doc_sighted,inspection_notes,issues_found,issue_severity,outcome,student_proceeded_with_disclosure,student_decision_at) VALUES (80,102,34,'2025-02-12 00:00:00','2025-02-12 00:00:00','2025-02-19 00:00:00',1,1,1,1,1,'Property inspected. Condition matches listing.','None','none','passed',NULL,NULL);
INSERT IGNORE INTO agent_verifications (id,tenancy_id,agent_id,started_at,submitted_at,deadline_at,property_matches_listing,property_address_correct,facilities_match,landlord_id_matches,ownership_doc_sighted,inspection_notes,issues_found,issue_severity,outcome,student_proceeded_with_disclosure,student_decision_at) VALUES (81,103,35,'2025-02-13 00:00:00','2025-02-13 00:00:00','2025-02-20 00:00:00',1,1,1,1,1,'Property inspected. Condition matches listing.','None','none','passed',NULL,NULL);
INSERT IGNORE INTO agent_verifications (id,tenancy_id,agent_id,started_at,submitted_at,deadline_at,property_matches_listing,property_address_correct,facilities_match,landlord_id_matches,ownership_doc_sighted,inspection_notes,issues_found,issue_severity,outcome,student_proceeded_with_disclosure,student_decision_at) VALUES (82,104,15,'2025-02-14 00:00:00','2025-02-14 00:00:00','2025-02-21 00:00:00',1,1,1,1,1,'Property inspected. Condition matches listing.','None','none','passed',NULL,NULL);
INSERT IGNORE INTO agent_verifications (id,tenancy_id,agent_id,started_at,submitted_at,deadline_at,property_matches_listing,property_address_correct,facilities_match,landlord_id_matches,ownership_doc_sighted,inspection_notes,issues_found,issue_severity,outcome,student_proceeded_with_disclosure,student_decision_at) VALUES (83,105,16,'2025-02-15 00:00:00','2025-02-15 00:00:00','2025-02-22 00:00:00',1,1,1,1,1,'Property inspected. Condition matches listing.','None','none','passed',NULL,NULL);
INSERT IGNORE INTO agent_verifications (id,tenancy_id,agent_id,started_at,submitted_at,deadline_at,property_matches_listing,property_address_correct,facilities_match,landlord_id_matches,ownership_doc_sighted,inspection_notes,issues_found,issue_severity,outcome,student_proceeded_with_disclosure,student_decision_at) VALUES (84,106,34,'2025-02-16 00:00:00','2025-02-16 00:00:00','2025-02-23 00:00:00',1,1,1,1,1,'Property inspected. Condition matches listing.','None','none','passed',NULL,NULL);
INSERT IGNORE INTO agent_verifications (id,tenancy_id,agent_id,started_at,submitted_at,deadline_at,property_matches_listing,property_address_correct,facilities_match,landlord_id_matches,ownership_doc_sighted,inspection_notes,issues_found,issue_severity,outcome,student_proceeded_with_disclosure,student_decision_at) VALUES (85,107,35,'2025-02-17 00:00:00','2025-02-17 00:00:00','2025-02-24 00:00:00',1,1,1,1,1,'Property inspected. Condition matches listing.','None','none','passed',NULL,NULL);
INSERT IGNORE INTO agent_verifications (id,tenancy_id,agent_id,started_at,submitted_at,deadline_at,property_matches_listing,property_address_correct,facilities_match,landlord_id_matches,ownership_doc_sighted,inspection_notes,issues_found,issue_severity,outcome,student_proceeded_with_disclosure,student_decision_at) VALUES (86,108,15,'2025-02-18 00:00:00','2025-02-18 00:00:00','2025-02-25 00:00:00',1,1,1,1,1,'Property inspected. Condition matches listing.','None','none','passed',NULL,NULL);
INSERT IGNORE INTO agent_verifications (id,tenancy_id,agent_id,started_at,submitted_at,deadline_at,property_matches_listing,property_address_correct,facilities_match,landlord_id_matches,ownership_doc_sighted,inspection_notes,issues_found,issue_severity,outcome,student_proceeded_with_disclosure,student_decision_at) VALUES (87,109,16,'2025-02-19 00:00:00','2025-01-22 00:00:00','2025-02-26 00:00:00',1,1,1,1,1,'Property inspected. Condition matches listing.','None','none','passed',NULL,NULL);
INSERT IGNORE INTO agent_verifications (id,tenancy_id,agent_id,started_at,submitted_at,deadline_at,property_matches_listing,property_address_correct,facilities_match,landlord_id_matches,ownership_doc_sighted,inspection_notes,issues_found,issue_severity,outcome,student_proceeded_with_disclosure,student_decision_at) VALUES (88,110,34,'2025-02-20 00:00:00','2025-01-23 00:00:00','2025-02-27 00:00:00',1,1,1,1,1,'Property inspected. Condition matches listing.','None','none','passed',NULL,NULL);
INSERT IGNORE INTO agent_verifications (id,tenancy_id,agent_id,started_at,submitted_at,deadline_at,property_matches_listing,property_address_correct,facilities_match,landlord_id_matches,ownership_doc_sighted,inspection_notes,issues_found,issue_severity,outcome,student_proceeded_with_disclosure,student_decision_at) VALUES (89,111,35,'2025-02-21 00:00:00','2025-01-24 00:00:00','2025-02-28 00:00:00',1,1,1,1,1,'Property inspected. Condition matches listing.','None','none','passed',NULL,NULL);
INSERT IGNORE INTO agent_verifications (id,tenancy_id,agent_id,started_at,submitted_at,deadline_at,property_matches_listing,property_address_correct,facilities_match,landlord_id_matches,ownership_doc_sighted,inspection_notes,issues_found,issue_severity,outcome,student_proceeded_with_disclosure,student_decision_at) VALUES (90,112,15,'2025-02-22 00:00:00','2025-01-25 00:00:00','2025-03-01 00:00:00',1,1,1,1,1,'Property inspected. Condition matches listing.','None','none','passed',NULL,NULL);
INSERT IGNORE INTO agent_verifications (id,tenancy_id,agent_id,started_at,submitted_at,deadline_at,property_matches_listing,property_address_correct,facilities_match,landlord_id_matches,ownership_doc_sighted,inspection_notes,issues_found,issue_severity,outcome,student_proceeded_with_disclosure,student_decision_at) VALUES (91,113,16,'2025-02-23 00:00:00','2025-01-26 00:00:00','2025-03-02 00:00:00',1,1,1,1,1,'Property inspected. Condition matches listing.','None','none','passed',NULL,NULL);
INSERT IGNORE INTO agent_verifications (id,tenancy_id,agent_id,started_at,submitted_at,deadline_at,property_matches_listing,property_address_correct,facilities_match,landlord_id_matches,ownership_doc_sighted,inspection_notes,issues_found,issue_severity,outcome,student_proceeded_with_disclosure,student_decision_at) VALUES (92,114,34,'2025-02-24 00:00:00','2025-01-27 00:00:00','2025-03-03 00:00:00',1,1,1,1,1,'Property inspected. Condition matches listing.','None','none','passed',NULL,NULL);
INSERT IGNORE INTO agent_verifications (id,tenancy_id,agent_id,started_at,submitted_at,deadline_at,property_matches_listing,property_address_correct,facilities_match,landlord_id_matches,ownership_doc_sighted,inspection_notes,issues_found,issue_severity,outcome,student_proceeded_with_disclosure,student_decision_at) VALUES (93,115,35,'2025-02-25 00:00:00','2025-01-28 00:00:00','2025-03-04 00:00:00',1,1,1,1,1,'Property inspected. Condition matches listing.','None','none','passed',NULL,NULL);
INSERT IGNORE INTO agent_verifications (id,tenancy_id,agent_id,started_at,submitted_at,deadline_at,property_matches_listing,property_address_correct,facilities_match,landlord_id_matches,ownership_doc_sighted,inspection_notes,issues_found,issue_severity,outcome,student_proceeded_with_disclosure,student_decision_at) VALUES (94,116,15,'2025-02-26 00:00:00','2025-01-29 00:00:00','2025-03-05 00:00:00',1,1,1,1,1,'Property inspected. Condition matches listing.','None','none','passed',NULL,NULL);
INSERT IGNORE INTO agent_verifications (id,tenancy_id,agent_id,started_at,submitted_at,deadline_at,property_matches_listing,property_address_correct,facilities_match,landlord_id_matches,ownership_doc_sighted,inspection_notes,issues_found,issue_severity,outcome,student_proceeded_with_disclosure,student_decision_at) VALUES (95,117,16,'2025-02-27 00:00:00','2025-01-30 00:00:00','2025-03-06 00:00:00',1,1,1,1,1,'Property inspected. Condition matches listing.','None','none','passed',NULL,NULL);
INSERT IGNORE INTO agent_verifications (id,tenancy_id,agent_id,started_at,submitted_at,deadline_at,property_matches_listing,property_address_correct,facilities_match,landlord_id_matches,ownership_doc_sighted,inspection_notes,issues_found,issue_severity,outcome,student_proceeded_with_disclosure,student_decision_at) VALUES (96,118,34,'2025-02-28 00:00:00','2025-01-31 00:00:00','2025-03-07 00:00:00',1,1,1,1,1,'Property inspected. Condition matches listing.','None','none','passed',NULL,NULL);
INSERT IGNORE INTO agent_verifications (id,tenancy_id,agent_id,started_at,submitted_at,deadline_at,property_matches_listing,property_address_correct,facilities_match,landlord_id_matches,ownership_doc_sighted,inspection_notes,issues_found,issue_severity,outcome,student_proceeded_with_disclosure,student_decision_at) VALUES (97,119,35,'2025-03-01 00:00:00','2025-02-01 00:00:00','2025-03-08 00:00:00',1,1,1,1,1,'Property inspected. Condition matches listing.','None','none','passed',NULL,NULL);
INSERT IGNORE INTO agent_verifications (id,tenancy_id,agent_id,started_at,submitted_at,deadline_at,property_matches_listing,property_address_correct,facilities_match,landlord_id_matches,ownership_doc_sighted,inspection_notes,issues_found,issue_severity,outcome,student_proceeded_with_disclosure,student_decision_at) VALUES (98,120,15,'2025-03-02 00:00:00','2025-02-02 00:00:00','2025-03-09 00:00:00',1,1,1,1,1,'Property inspected. Condition matches listing.','None','none','passed',NULL,NULL);
INSERT IGNORE INTO agent_verifications (id,tenancy_id,agent_id,started_at,submitted_at,deadline_at,property_matches_listing,property_address_correct,facilities_match,landlord_id_matches,ownership_doc_sighted,inspection_notes,issues_found,issue_severity,outcome,student_proceeded_with_disclosure,student_decision_at) VALUES (99,121,16,'2025-03-03 00:00:00','2025-02-03 00:00:00','2025-03-10 00:00:00',1,1,1,1,1,'Property inspected. Condition matches listing.','None','none','passed',NULL,NULL);
INSERT IGNORE INTO agent_verifications (id,tenancy_id,agent_id,started_at,submitted_at,deadline_at,property_matches_listing,property_address_correct,facilities_match,landlord_id_matches,ownership_doc_sighted,inspection_notes,issues_found,issue_severity,outcome,student_proceeded_with_disclosure,student_decision_at) VALUES (100,122,34,'2025-03-04 00:00:00','2025-02-04 00:00:00','2025-03-11 00:00:00',1,1,1,1,1,'Property inspected. Condition matches listing.','None','none','passed',NULL,NULL);
INSERT IGNORE INTO agent_verifications (id,tenancy_id,agent_id,started_at,submitted_at,deadline_at,property_matches_listing,property_address_correct,facilities_match,landlord_id_matches,ownership_doc_sighted,inspection_notes,issues_found,issue_severity,outcome,student_proceeded_with_disclosure,student_decision_at) VALUES (101,135,35,'2025-03-17 00:00:00',NULL,'2025-03-24 00:00:00',NULL,1,NULL,1,1,'Inspection ongoing or issues found.','None','none','in_progress',NULL,NULL);
INSERT IGNORE INTO agent_verifications (id,tenancy_id,agent_id,started_at,submitted_at,deadline_at,property_matches_listing,property_address_correct,facilities_match,landlord_id_matches,ownership_doc_sighted,inspection_notes,issues_found,issue_severity,outcome,student_proceeded_with_disclosure,student_decision_at) VALUES (102,136,15,'2025-03-18 00:00:00',NULL,'2025-03-25 00:00:00',NULL,1,NULL,1,1,'Inspection ongoing or issues found.','None','none','in_progress',NULL,NULL);
INSERT IGNORE INTO agent_verifications (id,tenancy_id,agent_id,started_at,submitted_at,deadline_at,property_matches_listing,property_address_correct,facilities_match,landlord_id_matches,ownership_doc_sighted,inspection_notes,issues_found,issue_severity,outcome,student_proceeded_with_disclosure,student_decision_at) VALUES (103,137,16,'2025-03-19 00:00:00','2025-01-22 00:00:00','2025-03-26 00:00:00',1,1,1,1,1,'Property inspected. Condition matches listing.','None','none','passed',NULL,NULL);
INSERT IGNORE INTO agent_verifications (id,tenancy_id,agent_id,started_at,submitted_at,deadline_at,property_matches_listing,property_address_correct,facilities_match,landlord_id_matches,ownership_doc_sighted,inspection_notes,issues_found,issue_severity,outcome,student_proceeded_with_disclosure,student_decision_at) VALUES (104,138,34,'2025-03-20 00:00:00','2025-01-23 00:00:00','2025-03-27 00:00:00',1,1,1,1,1,'Property inspected. Condition matches listing.','None','none','passed',NULL,NULL);
INSERT IGNORE INTO agent_verifications (id,tenancy_id,agent_id,started_at,submitted_at,deadline_at,property_matches_listing,property_address_correct,facilities_match,landlord_id_matches,ownership_doc_sighted,inspection_notes,issues_found,issue_severity,outcome,student_proceeded_with_disclosure,student_decision_at) VALUES (105,141,16,'2025-03-23 00:00:00','2025-01-26 00:00:00','2025-03-30 00:00:00',1,1,1,1,1,'Property inspected. Condition matches listing.','None','none','passed',NULL,NULL);
INSERT IGNORE INTO agent_verifications (id,tenancy_id,agent_id,started_at,submitted_at,deadline_at,property_matches_listing,property_address_correct,facilities_match,landlord_id_matches,ownership_doc_sighted,inspection_notes,issues_found,issue_severity,outcome,student_proceeded_with_disclosure,student_decision_at) VALUES (106,142,34,'2025-03-24 00:00:00','2025-01-27 00:00:00','2025-03-31 00:00:00',1,1,1,1,1,'Property inspected. Condition matches listing.','None','none','passed',NULL,NULL);
INSERT IGNORE INTO agent_verifications (id,tenancy_id,agent_id,started_at,submitted_at,deadline_at,property_matches_listing,property_address_correct,facilities_match,landlord_id_matches,ownership_doc_sighted,inspection_notes,issues_found,issue_severity,outcome,student_proceeded_with_disclosure,student_decision_at) VALUES (107,143,35,'2025-03-25 00:00:00','2025-01-28 00:00:00','2025-04-01 00:00:00',1,1,1,1,1,'Property inspected. Condition matches listing.','None','none','passed',NULL,NULL);
INSERT IGNORE INTO agent_verifications (id,tenancy_id,agent_id,started_at,submitted_at,deadline_at,property_matches_listing,property_address_correct,facilities_match,landlord_id_matches,ownership_doc_sighted,inspection_notes,issues_found,issue_severity,outcome,student_proceeded_with_disclosure,student_decision_at) VALUES (108,144,15,'2025-03-26 00:00:00','2025-01-29 00:00:00','2025-04-02 00:00:00',1,1,1,1,1,'Property inspected. Condition matches listing.','None','none','passed',NULL,NULL);
INSERT IGNORE INTO agent_verifications (id,tenancy_id,agent_id,started_at,submitted_at,deadline_at,property_matches_listing,property_address_correct,facilities_match,landlord_id_matches,ownership_doc_sighted,inspection_notes,issues_found,issue_severity,outcome,student_proceeded_with_disclosure,student_decision_at) VALUES (109,145,16,'2025-03-27 00:00:00','2025-01-30 00:00:00','2025-04-03 00:00:00',1,1,1,1,1,'Property inspected. Condition matches listing.','None','none','passed',NULL,NULL);
INSERT IGNORE INTO agent_verifications (id,tenancy_id,agent_id,started_at,submitted_at,deadline_at,property_matches_listing,property_address_correct,facilities_match,landlord_id_matches,ownership_doc_sighted,inspection_notes,issues_found,issue_severity,outcome,student_proceeded_with_disclosure,student_decision_at) VALUES (110,146,34,'2025-03-28 00:00:00','2025-01-31 00:00:00','2025-04-04 00:00:00',1,1,1,1,1,'Property inspected. Condition matches listing.','None','none','passed',NULL,NULL);
INSERT IGNORE INTO agent_verifications (id,tenancy_id,agent_id,started_at,submitted_at,deadline_at,property_matches_listing,property_address_correct,facilities_match,landlord_id_matches,ownership_doc_sighted,inspection_notes,issues_found,issue_severity,outcome,student_proceeded_with_disclosure,student_decision_at) VALUES (111,147,35,'2025-03-29 00:00:00','2025-02-01 00:00:00','2025-04-05 00:00:00',1,1,1,1,1,'Property inspected. Condition matches listing.','None','none','passed',NULL,NULL);
INSERT IGNORE INTO agent_verifications (id,tenancy_id,agent_id,started_at,submitted_at,deadline_at,property_matches_listing,property_address_correct,facilities_match,landlord_id_matches,ownership_doc_sighted,inspection_notes,issues_found,issue_severity,outcome,student_proceeded_with_disclosure,student_decision_at) VALUES (112,148,15,'2025-03-30 00:00:00','2025-02-02 00:00:00','2025-04-06 00:00:00',1,1,1,1,1,'Property inspected. Condition matches listing.','None','none','passed',NULL,NULL);
INSERT IGNORE INTO agent_verifications (id,tenancy_id,agent_id,started_at,submitted_at,deadline_at,property_matches_listing,property_address_correct,facilities_match,landlord_id_matches,ownership_doc_sighted,inspection_notes,issues_found,issue_severity,outcome,student_proceeded_with_disclosure,student_decision_at) VALUES (113,149,16,'2025-03-31 00:00:00','2025-02-03 00:00:00','2025-04-07 00:00:00',1,1,1,1,1,'Property inspected. Condition matches listing.','None','none','passed',NULL,NULL);
INSERT IGNORE INTO agent_verifications (id,tenancy_id,agent_id,started_at,submitted_at,deadline_at,property_matches_listing,property_address_correct,facilities_match,landlord_id_matches,ownership_doc_sighted,inspection_notes,issues_found,issue_severity,outcome,student_proceeded_with_disclosure,student_decision_at) VALUES (114,150,34,'2025-04-01 00:00:00','2025-02-04 00:00:00','2025-04-08 00:00:00',1,1,1,1,1,'Property inspected. Condition matches listing.','None','none','passed',NULL,NULL);
INSERT IGNORE INTO agent_verifications (id,tenancy_id,agent_id,started_at,submitted_at,deadline_at,property_matches_listing,property_address_correct,facilities_match,landlord_id_matches,ownership_doc_sighted,inspection_notes,issues_found,issue_severity,outcome,student_proceeded_with_disclosure,student_decision_at) VALUES (115,151,15,'2025-01-22 09:00:00','2025-01-26 00:00:00','2025-01-29 09:00:00',1,1,1,1,1,'Property inspected. Condition matches listing.','None','none','passed',NULL,NULL);
INSERT IGNORE INTO agent_verifications (id,tenancy_id,agent_id,started_at,submitted_at,deadline_at,property_matches_listing,property_address_correct,facilities_match,landlord_id_matches,ownership_doc_sighted,inspection_notes,issues_found,issue_severity,outcome,student_proceeded_with_disclosure,student_decision_at) VALUES (116,152,16,'2024-08-12 09:00:00','2024-08-23 00:00:00','2024-08-19 09:00:00',1,1,1,1,1,'Property inspected. Condition matches listing.','None','none','passed',NULL,NULL);
INSERT IGNORE INTO agent_verifications (id,tenancy_id,agent_id,started_at,submitted_at,deadline_at,property_matches_listing,property_address_correct,facilities_match,landlord_id_matches,ownership_doc_sighted,inspection_notes,issues_found,issue_severity,outcome,student_proceeded_with_disclosure,student_decision_at) VALUES (117,153,34,'2025-01-24 08:00:00','2025-01-29 00:00:00','2025-01-31 08:00:00',1,1,1,1,1,'Property inspected. Condition matches listing.','None','none','passed',NULL,NULL);
INSERT IGNORE INTO agent_verifications (id,tenancy_id,agent_id,started_at,submitted_at,deadline_at,property_matches_listing,property_address_correct,facilities_match,landlord_id_matches,ownership_doc_sighted,inspection_notes,issues_found,issue_severity,outcome,student_proceeded_with_disclosure,student_decision_at) VALUES (118,154,35,'2024-02-15 00:00:00','2024-02-05 00:00:00','2024-02-22 00:00:00',1,1,1,1,1,'Property inspected. Condition matches listing.','None','none','passed',NULL,NULL);

-- ============================================================
-- CONTRACTS
-- ============================================================
INSERT IGNORE INTO contracts (id,contract_code,tenancy_id,student_id,landlord_id,agent_id,property_id,start_date,end_date,monthly_rent,deposit,terms,student_signed_at,landlord_signed_at,agent_signed_at,generated_at,generated_by,status,activated_at,created_at) VALUES (1,'RB-3C80385E',1,36,236,16,34,'2024-02-01','2024-07-30',1200.00,2400.00,'Standard tenancy agreement. Monthly rent payable on the 1st of each month. Security deposit non-refundable for early termination without cause. Property to be maintained in good condition throughout tenancy.','2024-01-25 00:00:00','2024-01-25 01:00:00','2024-01-25 02:00:00','2024-01-26 00:00:00',16,'active','2024-01-25 02:00:00','2024-01-25 00:00:00');
INSERT IGNORE INTO contracts (id,contract_code,tenancy_id,student_id,landlord_id,agent_id,property_id,start_date,end_date,monthly_rent,deposit,terms,student_signed_at,landlord_signed_at,agent_signed_at,generated_at,generated_by,status,activated_at,created_at) VALUES (2,'RB-E2A04028',2,37,237,34,35,'2024-02-02','2025-02-01',1000.00,2000.00,'Standard tenancy agreement. Monthly rent payable on the 1st of each month. Security deposit non-refundable for early termination without cause. Property to be maintained in good condition throughout tenancy.','2024-01-26 00:00:00','2024-01-26 01:00:00','2024-01-26 02:00:00','2024-01-27 00:00:00',34,'active','2024-01-26 02:00:00','2024-01-26 00:00:00');
INSERT IGNORE INTO contracts (id,contract_code,tenancy_id,student_id,landlord_id,agent_id,property_id,start_date,end_date,monthly_rent,deposit,terms,student_signed_at,landlord_signed_at,agent_signed_at,generated_at,generated_by,status,activated_at,created_at) VALUES (3,'RB-6B833001',3,38,238,35,36,'2024-02-03','2024-08-01',1100.00,2200.00,'Standard tenancy agreement. Monthly rent payable on the 1st of each month. Security deposit non-refundable for early termination without cause. Property to be maintained in good condition throughout tenancy.','2024-01-27 00:00:00','2024-01-27 01:00:00','2024-01-27 02:00:00','2024-01-28 00:00:00',35,'active','2024-01-27 02:00:00','2024-01-27 00:00:00');
INSERT IGNORE INTO contracts (id,contract_code,tenancy_id,student_id,landlord_id,agent_id,property_id,start_date,end_date,monthly_rent,deposit,terms,student_signed_at,landlord_signed_at,agent_signed_at,generated_at,generated_by,status,activated_at,created_at) VALUES (4,'RB-E641CA9F',4,39,239,15,37,'2024-02-04','2025-02-03',800.00,1600.00,'Standard tenancy agreement. Monthly rent payable on the 1st of each month. Security deposit non-refundable for early termination without cause. Property to be maintained in good condition throughout tenancy.','2024-01-28 00:00:00','2024-01-28 01:00:00','2024-01-28 02:00:00','2024-01-29 00:00:00',15,'active','2024-01-28 02:00:00','2024-01-28 00:00:00');
INSERT IGNORE INTO contracts (id,contract_code,tenancy_id,student_id,landlord_id,agent_id,property_id,start_date,end_date,monthly_rent,deposit,terms,student_signed_at,landlord_signed_at,agent_signed_at,generated_at,generated_by,status,activated_at,created_at) VALUES (5,'RB-434CA7D0',5,40,240,16,38,'2024-02-05','2024-08-03',700.00,1400.00,'Standard tenancy agreement. Monthly rent payable on the 1st of each month. Security deposit non-refundable for early termination without cause. Property to be maintained in good condition throughout tenancy.','2024-01-29 00:00:00','2024-01-29 01:00:00','2024-01-29 02:00:00','2024-01-30 00:00:00',16,'active','2024-01-29 02:00:00','2024-01-29 00:00:00');
INSERT IGNORE INTO contracts (id,contract_code,tenancy_id,student_id,landlord_id,agent_id,property_id,start_date,end_date,monthly_rent,deposit,terms,student_signed_at,landlord_signed_at,agent_signed_at,generated_at,generated_by,status,activated_at,created_at) VALUES (6,'RB-ED096211',7,42,238,35,40,'2024-02-07','2024-08-05',285.00,570.00,'Standard tenancy agreement. Monthly rent payable on the 1st of each month. Security deposit non-refundable for early termination without cause. Property to be maintained in good condition throughout tenancy.','2024-01-31 00:00:00','2024-01-31 01:00:00','2024-01-31 02:00:00','2024-02-01 00:00:00',35,'active','2024-01-31 02:00:00','2024-01-31 00:00:00');
INSERT IGNORE INTO contracts (id,contract_code,tenancy_id,student_id,landlord_id,agent_id,property_id,start_date,end_date,monthly_rent,deposit,terms,student_signed_at,landlord_signed_at,agent_signed_at,generated_at,generated_by,status,activated_at,created_at) VALUES (7,'RB-7A378C8C',8,43,238,15,41,'2024-02-08','2025-02-07',295.00,590.00,'Standard tenancy agreement. Monthly rent payable on the 1st of each month. Security deposit non-refundable for early termination without cause. Property to be maintained in good condition throughout tenancy.','2024-02-01 00:00:00','2024-02-01 01:00:00','2024-02-01 02:00:00','2024-02-02 00:00:00',15,'active','2024-02-01 02:00:00','2024-02-01 00:00:00');
INSERT IGNORE INTO contracts (id,contract_code,tenancy_id,student_id,landlord_id,agent_id,property_id,start_date,end_date,monthly_rent,deposit,terms,student_signed_at,landlord_signed_at,agent_signed_at,generated_at,generated_by,status,activated_at,created_at) VALUES (8,'RB-A71DA661',10,45,245,34,43,'2024-02-10','2025-02-09',315.00,630.00,'Standard tenancy agreement. Monthly rent payable on the 1st of each month. Security deposit non-refundable for early termination without cause. Property to be maintained in good condition throughout tenancy.','2024-02-03 00:00:00','2024-02-03 01:00:00','2024-02-03 02:00:00','2024-02-04 00:00:00',34,'active','2024-02-03 02:00:00','2024-02-03 00:00:00');
INSERT IGNORE INTO contracts (id,contract_code,tenancy_id,student_id,landlord_id,agent_id,property_id,start_date,end_date,monthly_rent,deposit,terms,student_signed_at,landlord_signed_at,agent_signed_at,generated_at,generated_by,status,activated_at,created_at) VALUES (9,'RB-4BB76906',11,46,246,35,44,'2024-02-11','2024-08-09',280.00,560.00,'Standard tenancy agreement. Monthly rent payable on the 1st of each month. Security deposit non-refundable for early termination without cause. Property to be maintained in good condition throughout tenancy.','2024-02-04 00:00:00','2024-02-04 01:00:00','2024-02-04 02:00:00','2024-02-05 00:00:00',35,'active','2024-02-04 02:00:00','2024-02-04 00:00:00');
INSERT IGNORE INTO contracts (id,contract_code,tenancy_id,student_id,landlord_id,agent_id,property_id,start_date,end_date,monthly_rent,deposit,terms,student_signed_at,landlord_signed_at,agent_signed_at,generated_at,generated_by,status,activated_at,created_at) VALUES (10,'RB-A96DCDCE',12,47,247,15,45,'2024-02-12','2025-02-11',280.00,560.00,'Standard tenancy agreement. Monthly rent payable on the 1st of each month. Security deposit non-refundable for early termination without cause. Property to be maintained in good condition throughout tenancy.','2024-02-05 00:00:00','2024-02-05 01:00:00','2024-02-05 02:00:00','2024-02-06 00:00:00',15,'active','2024-02-05 02:00:00','2024-02-05 00:00:00');
INSERT IGNORE INTO contracts (id,contract_code,tenancy_id,student_id,landlord_id,agent_id,property_id,start_date,end_date,monthly_rent,deposit,terms,student_signed_at,landlord_signed_at,agent_signed_at,generated_at,generated_by,status,activated_at,created_at) VALUES (11,'RB-1E9D78D9',13,48,248,16,46,'2024-02-13','2024-08-11',290.00,580.00,'Standard tenancy agreement. Monthly rent payable on the 1st of each month. Security deposit non-refundable for early termination without cause. Property to be maintained in good condition throughout tenancy.','2024-02-06 00:00:00','2024-02-06 01:00:00','2024-02-06 02:00:00','2024-02-07 00:00:00',16,'active','2024-02-06 02:00:00','2024-02-06 00:00:00');
INSERT IGNORE INTO contracts (id,contract_code,tenancy_id,student_id,landlord_id,agent_id,property_id,start_date,end_date,monthly_rent,deposit,terms,student_signed_at,landlord_signed_at,agent_signed_at,generated_at,generated_by,status,activated_at,created_at) VALUES (12,'RB-BE2CCE6B',14,49,249,34,47,'2024-02-14','2025-02-13',300.00,600.00,'Standard tenancy agreement. Monthly rent payable on the 1st of each month. Security deposit non-refundable for early termination without cause. Property to be maintained in good condition throughout tenancy.','2024-02-07 00:00:00','2024-02-07 01:00:00','2024-02-07 02:00:00','2024-02-08 00:00:00',34,'active','2024-02-07 02:00:00','2024-02-07 00:00:00');
INSERT IGNORE INTO contracts (id,contract_code,tenancy_id,student_id,landlord_id,agent_id,property_id,start_date,end_date,monthly_rent,deposit,terms,student_signed_at,landlord_signed_at,agent_signed_at,generated_at,generated_by,status,activated_at,created_at) VALUES (13,'RB-6DC42C19',16,51,236,15,49,'2024-02-16','2025-02-15',320.00,640.00,'Standard tenancy agreement. Monthly rent payable on the 1st of each month. Security deposit non-refundable for early termination without cause. Property to be maintained in good condition throughout tenancy.','2024-02-09 00:00:00','2024-02-09 01:00:00','2024-02-09 02:00:00','2024-02-10 00:00:00',15,'active','2024-02-09 02:00:00','2024-02-09 00:00:00');
INSERT IGNORE INTO contracts (id,contract_code,tenancy_id,student_id,landlord_id,agent_id,property_id,start_date,end_date,monthly_rent,deposit,terms,student_signed_at,landlord_signed_at,agent_signed_at,generated_at,generated_by,status,activated_at,created_at) VALUES (14,'RB-09BA95AC',17,52,237,16,50,'2024-02-17','2024-08-15',280.00,560.00,'Standard tenancy agreement. Monthly rent payable on the 1st of each month. Security deposit non-refundable for early termination without cause. Property to be maintained in good condition throughout tenancy.','2024-02-10 00:00:00','2024-02-10 01:00:00','2024-02-10 02:00:00','2024-02-11 00:00:00',16,'active','2024-02-10 02:00:00','2024-02-10 00:00:00');
INSERT IGNORE INTO contracts (id,contract_code,tenancy_id,student_id,landlord_id,agent_id,property_id,start_date,end_date,monthly_rent,deposit,terms,student_signed_at,landlord_signed_at,agent_signed_at,generated_at,generated_by,status,activated_at,created_at) VALUES (15,'RB-7AEC67FC',18,53,238,34,51,'2024-02-18','2025-02-17',290.00,580.00,'Standard tenancy agreement. Monthly rent payable on the 1st of each month. Security deposit non-refundable for early termination without cause. Property to be maintained in good condition throughout tenancy.','2024-02-11 00:00:00','2024-02-11 01:00:00','2024-02-11 02:00:00','2024-02-12 00:00:00',34,'completed','2024-02-11 02:00:00','2024-02-11 00:00:00');
INSERT IGNORE INTO contracts (id,contract_code,tenancy_id,student_id,landlord_id,agent_id,property_id,start_date,end_date,monthly_rent,deposit,terms,student_signed_at,landlord_signed_at,agent_signed_at,generated_at,generated_by,status,activated_at,created_at) VALUES (16,'RB-2E111670',19,54,239,35,52,'2024-02-19','2024-08-17',1050.00,2100.00,'Standard tenancy agreement. Monthly rent payable on the 1st of each month. Security deposit non-refundable for early termination without cause. Property to be maintained in good condition throughout tenancy.','2024-02-12 00:00:00','2024-02-12 01:00:00','2024-02-12 02:00:00','2024-02-13 00:00:00',35,'completed','2024-02-12 02:00:00','2024-02-12 00:00:00');
INSERT IGNORE INTO contracts (id,contract_code,tenancy_id,student_id,landlord_id,agent_id,property_id,start_date,end_date,monthly_rent,deposit,terms,student_signed_at,landlord_signed_at,agent_signed_at,generated_at,generated_by,status,activated_at,created_at) VALUES (17,'RB-1FC1C177',20,55,240,15,53,'2024-02-20','2025-02-19',1200.00,2400.00,'Standard tenancy agreement. Monthly rent payable on the 1st of each month. Security deposit non-refundable for early termination without cause. Property to be maintained in good condition throughout tenancy.','2024-02-13 00:00:00','2024-02-13 01:00:00','2024-02-13 02:00:00','2024-02-14 00:00:00',15,'completed','2024-02-13 02:00:00','2024-02-13 00:00:00');
INSERT IGNORE INTO contracts (id,contract_code,tenancy_id,student_id,landlord_id,agent_id,property_id,start_date,end_date,monthly_rent,deposit,terms,student_signed_at,landlord_signed_at,agent_signed_at,generated_at,generated_by,status,activated_at,created_at) VALUES (18,'RB-E3CBF740',21,56,241,16,54,'2024-02-21','2024-08-19',1100.00,2200.00,'Standard tenancy agreement. Monthly rent payable on the 1st of each month. Security deposit non-refundable for early termination without cause. Property to be maintained in good condition throughout tenancy.','2024-02-14 00:00:00','2024-02-14 01:00:00','2024-02-14 02:00:00','2024-02-15 00:00:00',16,'completed','2024-02-14 02:00:00','2024-02-14 00:00:00');
INSERT IGNORE INTO contracts (id,contract_code,tenancy_id,student_id,landlord_id,agent_id,property_id,start_date,end_date,monthly_rent,deposit,terms,student_signed_at,landlord_signed_at,agent_signed_at,generated_at,generated_by,status,activated_at,created_at) VALUES (19,'RB-84FAD2EF',22,57,242,34,55,'2024-02-22','2025-02-21',1150.00,2300.00,'Standard tenancy agreement. Monthly rent payable on the 1st of each month. Security deposit non-refundable for early termination without cause. Property to be maintained in good condition throughout tenancy.','2024-02-15 00:00:00','2024-02-15 01:00:00','2024-02-15 02:00:00','2024-02-16 00:00:00',34,'completed','2024-02-15 02:00:00','2024-02-15 00:00:00');
INSERT IGNORE INTO contracts (id,contract_code,tenancy_id,student_id,landlord_id,agent_id,property_id,start_date,end_date,monthly_rent,deposit,terms,student_signed_at,landlord_signed_at,agent_signed_at,generated_at,generated_by,status,activated_at,created_at) VALUES (20,'RB-F728DCDA',23,58,243,35,56,'2024-02-23','2024-08-21',1000.00,2000.00,'Standard tenancy agreement. Monthly rent payable on the 1st of each month. Security deposit non-refundable for early termination without cause. Property to be maintained in good condition throughout tenancy.','2024-02-16 00:00:00','2024-02-16 01:00:00','2024-02-16 02:00:00','2024-02-17 00:00:00',35,'completed','2024-02-16 02:00:00','2024-02-16 00:00:00');
INSERT IGNORE INTO contracts (id,contract_code,tenancy_id,student_id,landlord_id,agent_id,property_id,start_date,end_date,monthly_rent,deposit,terms,student_signed_at,landlord_signed_at,agent_signed_at,generated_at,generated_by,status,activated_at,created_at) VALUES (21,'RB-EC8AAC8C',24,59,244,15,57,'2024-02-24','2025-02-23',800.00,1600.00,'Standard tenancy agreement. Monthly rent payable on the 1st of each month. Security deposit non-refundable for early termination without cause. Property to be maintained in good condition throughout tenancy.','2024-02-17 00:00:00','2024-02-17 01:00:00','2024-02-17 02:00:00','2024-02-18 00:00:00',15,'completed','2024-02-17 02:00:00','2024-02-17 00:00:00');
INSERT IGNORE INTO contracts (id,contract_code,tenancy_id,student_id,landlord_id,agent_id,property_id,start_date,end_date,monthly_rent,deposit,terms,student_signed_at,landlord_signed_at,agent_signed_at,generated_at,generated_by,status,activated_at,created_at) VALUES (22,'RB-A5E67D9C',25,60,245,16,58,'2024-02-25','2024-08-23',700.00,1400.00,'Standard tenancy agreement. Monthly rent payable on the 1st of each month. Security deposit non-refundable for early termination without cause. Property to be maintained in good condition throughout tenancy.','2024-02-18 00:00:00','2024-02-18 01:00:00','2024-02-18 02:00:00','2024-02-19 00:00:00',16,'completed','2024-02-18 02:00:00','2024-02-18 00:00:00');
INSERT IGNORE INTO contracts (id,contract_code,tenancy_id,student_id,landlord_id,agent_id,property_id,start_date,end_date,monthly_rent,deposit,terms,student_signed_at,landlord_signed_at,agent_signed_at,generated_at,generated_by,status,activated_at,created_at) VALUES (23,'RB-930067D2',26,61,246,34,59,'2024-02-26','2025-02-25',750.00,1500.00,'Standard tenancy agreement. Monthly rent payable on the 1st of each month. Security deposit non-refundable for early termination without cause. Property to be maintained in good condition throughout tenancy.','2024-02-19 00:00:00','2024-02-19 01:00:00','2024-02-19 02:00:00','2024-02-20 00:00:00',34,'completed','2024-02-19 02:00:00','2024-02-19 00:00:00');
INSERT IGNORE INTO contracts (id,contract_code,tenancy_id,student_id,landlord_id,agent_id,property_id,start_date,end_date,monthly_rent,deposit,terms,student_signed_at,landlord_signed_at,agent_signed_at,generated_at,generated_by,status,activated_at,created_at) VALUES (24,'RB-06F9E38A',27,62,247,35,60,'2024-02-27','2024-08-25',280.00,560.00,'Standard tenancy agreement. Monthly rent payable on the 1st of each month. Security deposit non-refundable for early termination without cause. Property to be maintained in good condition throughout tenancy.','2024-02-20 00:00:00','2024-02-20 01:00:00','2024-02-20 02:00:00','2024-02-21 00:00:00',35,'completed','2024-02-20 02:00:00','2024-02-20 00:00:00');
INSERT IGNORE INTO contracts (id,contract_code,tenancy_id,student_id,landlord_id,agent_id,property_id,start_date,end_date,monthly_rent,deposit,terms,student_signed_at,landlord_signed_at,agent_signed_at,generated_at,generated_by,status,activated_at,created_at) VALUES (25,'RB-86FBFCF2',28,63,248,15,61,'2024-02-28','2025-02-27',290.00,580.00,'Standard tenancy agreement. Monthly rent payable on the 1st of each month. Security deposit non-refundable for early termination without cause. Property to be maintained in good condition throughout tenancy.','2024-02-21 00:00:00','2024-02-21 01:00:00','2024-02-21 02:00:00','2024-02-22 00:00:00',15,'completed','2024-02-21 02:00:00','2024-02-21 00:00:00');
INSERT IGNORE INTO contracts (id,contract_code,tenancy_id,student_id,landlord_id,agent_id,property_id,start_date,end_date,monthly_rent,deposit,terms,student_signed_at,landlord_signed_at,agent_signed_at,generated_at,generated_by,status,activated_at,created_at) VALUES (26,'RB-9307C387',29,64,249,16,62,'2024-02-01','2024-07-30',300.00,600.00,'Standard tenancy agreement. Monthly rent payable on the 1st of each month. Security deposit non-refundable for early termination without cause. Property to be maintained in good condition throughout tenancy.','2024-01-25 00:00:00','2024-01-25 01:00:00','2024-01-25 02:00:00','2024-02-23 00:00:00',16,'completed','2024-01-25 02:00:00','2024-02-22 00:00:00');
INSERT IGNORE INTO contracts (id,contract_code,tenancy_id,student_id,landlord_id,agent_id,property_id,start_date,end_date,monthly_rent,deposit,terms,student_signed_at,landlord_signed_at,agent_signed_at,generated_at,generated_by,status,activated_at,created_at) VALUES (27,'RB-C402E8A2',30,65,250,34,63,'2024-02-02','2025-02-01',310.00,620.00,'Standard tenancy agreement. Monthly rent payable on the 1st of each month. Security deposit non-refundable for early termination without cause. Property to be maintained in good condition throughout tenancy.','2024-01-26 00:00:00','2024-01-26 01:00:00','2024-01-26 02:00:00','2024-02-24 00:00:00',34,'completed','2024-01-26 02:00:00','2024-02-23 00:00:00');
INSERT IGNORE INTO contracts (id,contract_code,tenancy_id,student_id,landlord_id,agent_id,property_id,start_date,end_date,monthly_rent,deposit,terms,student_signed_at,landlord_signed_at,agent_signed_at,generated_at,generated_by,status,activated_at,created_at) VALUES (28,'RB-2A05AE6A',31,86,242,35,80,'2024-09-01','2025-02-28',1100.00,2200.00,'Standard tenancy agreement. Monthly rent payable on the 1st of each month. Security deposit non-refundable for early termination without cause. Property to be maintained in good condition throughout tenancy.','2024-08-25 00:00:00','2024-08-25 01:00:00','2024-08-25 02:00:00','2024-08-11 00:00:00',35,'active','2024-08-25 02:00:00','2024-08-10 00:00:00');
INSERT IGNORE INTO contracts (id,contract_code,tenancy_id,student_id,landlord_id,agent_id,property_id,start_date,end_date,monthly_rent,deposit,terms,student_signed_at,landlord_signed_at,agent_signed_at,generated_at,generated_by,status,activated_at,created_at) VALUES (29,'RB-1439AED5',32,87,242,15,80,'2024-09-02','2025-09-02',1100.00,2200.00,'Standard tenancy agreement. Monthly rent payable on the 1st of each month. Security deposit non-refundable for early termination without cause. Property to be maintained in good condition throughout tenancy.','2024-08-26 00:00:00','2024-08-26 01:00:00','2024-08-26 02:00:00','2024-08-12 00:00:00',15,'active','2024-08-26 02:00:00','2024-08-11 00:00:00');
INSERT IGNORE INTO contracts (id,contract_code,tenancy_id,student_id,landlord_id,agent_id,property_id,start_date,end_date,monthly_rent,deposit,terms,student_signed_at,landlord_signed_at,agent_signed_at,generated_at,generated_by,status,activated_at,created_at) VALUES (30,'RB-78A016FA',33,88,242,16,80,'2024-09-03','2025-03-02',1100.00,2200.00,'Standard tenancy agreement. Monthly rent payable on the 1st of each month. Security deposit non-refundable for early termination without cause. Property to be maintained in good condition throughout tenancy.','2024-08-27 00:00:00','2024-08-27 01:00:00','2024-08-27 02:00:00','2024-08-13 00:00:00',16,'active','2024-08-27 02:00:00','2024-08-12 00:00:00');
INSERT IGNORE INTO contracts (id,contract_code,tenancy_id,student_id,landlord_id,agent_id,property_id,start_date,end_date,monthly_rent,deposit,terms,student_signed_at,landlord_signed_at,agent_signed_at,generated_at,generated_by,status,activated_at,created_at) VALUES (31,'RB-1565117A',34,89,242,34,80,'2024-09-04','2025-09-04',1100.00,2200.00,'Standard tenancy agreement. Monthly rent payable on the 1st of each month. Security deposit non-refundable for early termination without cause. Property to be maintained in good condition throughout tenancy.','2024-08-28 00:00:00','2024-08-28 01:00:00','2024-08-28 02:00:00','2024-08-14 00:00:00',34,'active','2024-08-28 02:00:00','2024-08-13 00:00:00');
INSERT IGNORE INTO contracts (id,contract_code,tenancy_id,student_id,landlord_id,agent_id,property_id,start_date,end_date,monthly_rent,deposit,terms,student_signed_at,landlord_signed_at,agent_signed_at,generated_at,generated_by,status,activated_at,created_at) VALUES (32,'RB-9B559DBB',35,90,236,35,34,'2024-09-05','2025-03-04',1200.00,2400.00,'Standard tenancy agreement. Monthly rent payable on the 1st of each month. Security deposit non-refundable for early termination without cause. Property to be maintained in good condition throughout tenancy.','2024-08-29 00:00:00','2024-08-29 01:00:00','2024-08-29 02:00:00','2024-08-15 00:00:00',35,'completed','2024-08-29 02:00:00','2024-08-14 00:00:00');
INSERT IGNORE INTO contracts (id,contract_code,tenancy_id,student_id,landlord_id,agent_id,property_id,start_date,end_date,monthly_rent,deposit,terms,student_signed_at,landlord_signed_at,agent_signed_at,generated_at,generated_by,status,activated_at,created_at) VALUES (33,'RB-FDA6A8A4',36,91,241,15,39,'2024-09-06','2025-09-06',780.00,1560.00,'Standard tenancy agreement. Monthly rent payable on the 1st of each month. Security deposit non-refundable for early termination without cause. Property to be maintained in good condition throughout tenancy.','2024-08-30 00:00:00','2024-08-30 01:00:00','2024-08-30 02:00:00','2024-08-16 00:00:00',15,'completed','2024-08-30 02:00:00','2024-08-15 00:00:00');
INSERT IGNORE INTO contracts (id,contract_code,tenancy_id,student_id,landlord_id,agent_id,property_id,start_date,end_date,monthly_rent,deposit,terms,student_signed_at,landlord_signed_at,agent_signed_at,generated_at,generated_by,status,activated_at,created_at) VALUES (34,'RB-C186F9A2',37,92,238,16,40,'2024-09-07','2025-03-06',285.00,570.00,'Standard tenancy agreement. Monthly rent payable on the 1st of each month. Security deposit non-refundable for early termination without cause. Property to be maintained in good condition throughout tenancy.','2024-08-31 00:00:00','2024-08-31 01:00:00','2024-08-31 02:00:00','2024-08-17 00:00:00',16,'completed','2024-08-31 02:00:00','2024-08-16 00:00:00');
INSERT IGNORE INTO contracts (id,contract_code,tenancy_id,student_id,landlord_id,agent_id,property_id,start_date,end_date,monthly_rent,deposit,terms,student_signed_at,landlord_signed_at,agent_signed_at,generated_at,generated_by,status,activated_at,created_at) VALUES (35,'RB-417DEFC5',38,93,238,34,41,'2024-09-08','2025-09-08',295.00,590.00,'Standard tenancy agreement. Monthly rent payable on the 1st of each month. Security deposit non-refundable for early termination without cause. Property to be maintained in good condition throughout tenancy.','2024-09-01 00:00:00','2024-09-01 01:00:00','2024-09-01 02:00:00','2024-08-18 00:00:00',34,'completed','2024-09-01 02:00:00','2024-08-17 00:00:00');
INSERT IGNORE INTO contracts (id,contract_code,tenancy_id,student_id,landlord_id,agent_id,property_id,start_date,end_date,monthly_rent,deposit,terms,student_signed_at,landlord_signed_at,agent_signed_at,generated_at,generated_by,status,activated_at,created_at) VALUES (36,'RB-205BE5DD',39,94,238,35,42,'2024-09-09','2025-03-08',305.00,610.00,'Standard tenancy agreement. Monthly rent payable on the 1st of each month. Security deposit non-refundable for early termination without cause. Property to be maintained in good condition throughout tenancy.','2024-09-02 00:00:00','2024-09-02 01:00:00','2024-09-02 02:00:00','2024-08-19 00:00:00',35,'completed','2024-09-02 02:00:00','2024-08-18 00:00:00');
INSERT IGNORE INTO contracts (id,contract_code,tenancy_id,student_id,landlord_id,agent_id,property_id,start_date,end_date,monthly_rent,deposit,terms,student_signed_at,landlord_signed_at,agent_signed_at,generated_at,generated_by,status,activated_at,created_at) VALUES (37,'RB-CB758948',40,95,245,15,43,'2024-09-10','2025-09-10',315.00,630.00,'Standard tenancy agreement. Monthly rent payable on the 1st of each month. Security deposit non-refundable for early termination without cause. Property to be maintained in good condition throughout tenancy.','2024-09-03 00:00:00','2024-09-03 01:00:00','2024-09-03 02:00:00','2024-08-20 00:00:00',15,'completed','2024-09-03 02:00:00','2024-08-19 00:00:00');
INSERT IGNORE INTO contracts (id,contract_code,tenancy_id,student_id,landlord_id,agent_id,property_id,start_date,end_date,monthly_rent,deposit,terms,student_signed_at,landlord_signed_at,agent_signed_at,generated_at,generated_by,status,activated_at,created_at) VALUES (38,'RB-4B7771EC',41,96,246,16,44,'2024-09-11','2025-03-10',280.00,560.00,'Standard tenancy agreement. Monthly rent payable on the 1st of each month. Security deposit non-refundable for early termination without cause. Property to be maintained in good condition throughout tenancy.','2024-09-04 00:00:00','2024-09-04 01:00:00','2024-09-04 02:00:00','2024-08-21 00:00:00',16,'completed','2024-09-04 02:00:00','2024-08-20 00:00:00');
INSERT IGNORE INTO contracts (id,contract_code,tenancy_id,student_id,landlord_id,agent_id,property_id,start_date,end_date,monthly_rent,deposit,terms,student_signed_at,landlord_signed_at,agent_signed_at,generated_at,generated_by,status,activated_at,created_at) VALUES (39,'RB-19610F10',42,97,247,34,45,'2024-09-12','2025-09-12',280.00,560.00,'Standard tenancy agreement. Monthly rent payable on the 1st of each month. Security deposit non-refundable for early termination without cause. Property to be maintained in good condition throughout tenancy.','2024-09-05 00:00:00','2024-09-05 01:00:00','2024-09-05 02:00:00','2024-08-22 00:00:00',34,'completed','2024-09-05 02:00:00','2024-08-21 00:00:00');
INSERT IGNORE INTO contracts (id,contract_code,tenancy_id,student_id,landlord_id,agent_id,property_id,start_date,end_date,monthly_rent,deposit,terms,student_signed_at,landlord_signed_at,agent_signed_at,generated_at,generated_by,status,activated_at,created_at) VALUES (40,'RB-6CE42E34',43,98,248,35,46,'2024-09-13','2025-03-12',290.00,580.00,'Standard tenancy agreement. Monthly rent payable on the 1st of each month. Security deposit non-refundable for early termination without cause. Property to be maintained in good condition throughout tenancy.','2024-09-06 00:00:00','2024-09-06 01:00:00','2024-09-06 02:00:00','2024-08-23 00:00:00',35,'completed','2024-09-06 02:00:00','2024-08-22 00:00:00');
INSERT IGNORE INTO contracts (id,contract_code,tenancy_id,student_id,landlord_id,agent_id,property_id,start_date,end_date,monthly_rent,deposit,terms,student_signed_at,landlord_signed_at,agent_signed_at,generated_at,generated_by,status,activated_at,created_at) VALUES (41,'RB-075404E0',44,99,249,15,47,'2024-09-14','2025-09-14',300.00,600.00,'Standard tenancy agreement. Monthly rent payable on the 1st of each month. Security deposit non-refundable for early termination without cause. Property to be maintained in good condition throughout tenancy.','2024-09-07 00:00:00','2024-09-07 01:00:00','2024-09-07 02:00:00','2024-08-24 00:00:00',15,'completed','2024-09-07 02:00:00','2024-08-23 00:00:00');
INSERT IGNORE INTO contracts (id,contract_code,tenancy_id,student_id,landlord_id,agent_id,property_id,start_date,end_date,monthly_rent,deposit,terms,student_signed_at,landlord_signed_at,agent_signed_at,generated_at,generated_by,status,activated_at,created_at) VALUES (42,'RB-0FB58196',45,100,250,16,48,'2024-09-15','2025-03-14',310.00,620.00,'Standard tenancy agreement. Monthly rent payable on the 1st of each month. Security deposit non-refundable for early termination without cause. Property to be maintained in good condition throughout tenancy.','2024-09-08 00:00:00','2024-09-08 01:00:00','2024-09-08 02:00:00','2024-08-25 00:00:00',16,'completed','2024-09-08 02:00:00','2024-08-24 00:00:00');
INSERT IGNORE INTO contracts (id,contract_code,tenancy_id,student_id,landlord_id,agent_id,property_id,start_date,end_date,monthly_rent,deposit,terms,student_signed_at,landlord_signed_at,agent_signed_at,generated_at,generated_by,status,activated_at,created_at) VALUES (43,'RB-4907432E',46,101,236,34,49,'2024-09-16','2025-09-16',320.00,640.00,'Standard tenancy agreement. Monthly rent payable on the 1st of each month. Security deposit non-refundable for early termination without cause. Property to be maintained in good condition throughout tenancy.','2024-09-09 00:00:00','2024-09-09 01:00:00','2024-09-09 02:00:00','2024-08-26 00:00:00',34,'completed','2024-09-09 02:00:00','2024-08-25 00:00:00');
INSERT IGNORE INTO contracts (id,contract_code,tenancy_id,student_id,landlord_id,agent_id,property_id,start_date,end_date,monthly_rent,deposit,terms,student_signed_at,landlord_signed_at,agent_signed_at,generated_at,generated_by,status,activated_at,created_at) VALUES (44,'RB-682ECC97',47,102,237,35,50,'2024-09-17','2025-03-16',280.00,560.00,'Standard tenancy agreement. Monthly rent payable on the 1st of each month. Security deposit non-refundable for early termination without cause. Property to be maintained in good condition throughout tenancy.','2024-09-10 00:00:00','2024-09-10 01:00:00','2024-09-10 02:00:00','2024-08-27 00:00:00',35,'completed','2024-09-10 02:00:00','2024-08-26 00:00:00');
INSERT IGNORE INTO contracts (id,contract_code,tenancy_id,student_id,landlord_id,agent_id,property_id,start_date,end_date,monthly_rent,deposit,terms,student_signed_at,landlord_signed_at,agent_signed_at,generated_at,generated_by,status,activated_at,created_at) VALUES (45,'RB-E5DC8A93',62,117,237,34,65,'2024-09-04','2025-09-04',280.00,560.00,'Standard tenancy agreement. Monthly rent payable on the 1st of each month. Security deposit non-refundable for early termination without cause. Property to be maintained in good condition throughout tenancy.',NULL,NULL,NULL,'2024-09-11 00:00:00',34,'pending_signatures',NULL,'2024-09-10 00:00:00');
INSERT IGNORE INTO contracts (id,contract_code,tenancy_id,student_id,landlord_id,agent_id,property_id,start_date,end_date,monthly_rent,deposit,terms,student_signed_at,landlord_signed_at,agent_signed_at,generated_at,generated_by,status,activated_at,created_at) VALUES (46,'RB-F45D0CFD',63,118,238,35,66,'2024-09-05','2025-03-04',290.00,580.00,'Standard tenancy agreement. Monthly rent payable on the 1st of each month. Security deposit non-refundable for early termination without cause. Property to be maintained in good condition throughout tenancy.',NULL,NULL,NULL,'2024-09-12 00:00:00',35,'pending_signatures',NULL,'2024-09-11 00:00:00');
INSERT IGNORE INTO contracts (id,contract_code,tenancy_id,student_id,landlord_id,agent_id,property_id,start_date,end_date,monthly_rent,deposit,terms,student_signed_at,landlord_signed_at,agent_signed_at,generated_at,generated_by,status,activated_at,created_at) VALUES (47,'RB-66747517',66,121,241,34,69,'2024-09-08','2025-09-08',320.00,640.00,'Standard tenancy agreement. Monthly rent payable on the 1st of each month. Security deposit non-refundable for early termination without cause. Property to be maintained in good condition throughout tenancy.','2024-09-01 00:00:00','2024-09-01 01:00:00','2024-09-01 02:00:00','2024-09-15 00:00:00',34,'active','2024-09-01 02:00:00','2024-09-14 00:00:00');
INSERT IGNORE INTO contracts (id,contract_code,tenancy_id,student_id,landlord_id,agent_id,property_id,start_date,end_date,monthly_rent,deposit,terms,student_signed_at,landlord_signed_at,agent_signed_at,generated_at,generated_by,status,activated_at,created_at) VALUES (48,'RB-2AD62DD6',67,122,242,35,70,'2024-09-09','2025-03-08',285.00,570.00,'Standard tenancy agreement. Monthly rent payable on the 1st of each month. Security deposit non-refundable for early termination without cause. Property to be maintained in good condition throughout tenancy.','2024-09-02 00:00:00','2024-09-02 01:00:00','2024-09-02 02:00:00','2024-09-16 00:00:00',35,'active','2024-09-02 02:00:00','2024-09-15 00:00:00');
INSERT IGNORE INTO contracts (id,contract_code,tenancy_id,student_id,landlord_id,agent_id,property_id,start_date,end_date,monthly_rent,deposit,terms,student_signed_at,landlord_signed_at,agent_signed_at,generated_at,generated_by,status,activated_at,created_at) VALUES (49,'RB-33638BDF',68,123,243,15,71,'2024-09-10','2025-09-10',295.00,590.00,'Standard tenancy agreement. Monthly rent payable on the 1st of each month. Security deposit non-refundable for early termination without cause. Property to be maintained in good condition throughout tenancy.','2024-09-03 00:00:00','2024-09-03 01:00:00','2024-09-03 02:00:00','2024-09-17 00:00:00',15,'active','2024-09-03 02:00:00','2024-09-16 00:00:00');
INSERT IGNORE INTO contracts (id,contract_code,tenancy_id,student_id,landlord_id,agent_id,property_id,start_date,end_date,monthly_rent,deposit,terms,student_signed_at,landlord_signed_at,agent_signed_at,generated_at,generated_by,status,activated_at,created_at) VALUES (50,'RB-B42B04EE',69,124,244,16,72,'2024-09-11','2025-03-10',1200.00,2400.00,'Standard tenancy agreement. Monthly rent payable on the 1st of each month. Security deposit non-refundable for early termination without cause. Property to be maintained in good condition throughout tenancy.','2024-09-04 00:00:00','2024-09-04 01:00:00','2024-09-04 02:00:00','2024-09-18 00:00:00',16,'active','2024-09-04 02:00:00','2024-09-17 00:00:00');
INSERT IGNORE INTO contracts (id,contract_code,tenancy_id,student_id,landlord_id,agent_id,property_id,start_date,end_date,monthly_rent,deposit,terms,student_signed_at,landlord_signed_at,agent_signed_at,generated_at,generated_by,status,activated_at,created_at) VALUES (51,'RB-BE53FE9F',70,125,245,34,73,'2024-09-12','2025-09-12',1050.00,2100.00,'Standard tenancy agreement. Monthly rent payable on the 1st of each month. Security deposit non-refundable for early termination without cause. Property to be maintained in good condition throughout tenancy.','2024-09-05 00:00:00','2024-09-05 01:00:00','2024-09-05 02:00:00','2024-09-19 00:00:00',34,'active','2024-09-05 02:00:00','2024-09-18 00:00:00');
INSERT IGNORE INTO contracts (id,contract_code,tenancy_id,student_id,landlord_id,agent_id,property_id,start_date,end_date,monthly_rent,deposit,terms,student_signed_at,landlord_signed_at,agent_signed_at,generated_at,generated_by,status,activated_at,created_at) VALUES (52,'RB-07321B8E',71,126,236,35,74,'2024-09-13','2025-03-12',1100.00,2200.00,'Standard tenancy agreement. Monthly rent payable on the 1st of each month. Security deposit non-refundable for early termination without cause. Property to be maintained in good condition throughout tenancy.','2024-09-06 00:00:00','2024-09-06 01:00:00','2024-09-06 02:00:00','2024-09-20 00:00:00',35,'active','2024-09-06 02:00:00','2024-09-19 00:00:00');
INSERT IGNORE INTO contracts (id,contract_code,tenancy_id,student_id,landlord_id,agent_id,property_id,start_date,end_date,monthly_rent,deposit,terms,student_signed_at,landlord_signed_at,agent_signed_at,generated_at,generated_by,status,activated_at,created_at) VALUES (53,'RB-C00A1C27',72,127,237,15,75,'2024-09-14','2025-09-14',1000.00,2000.00,'Standard tenancy agreement. Monthly rent payable on the 1st of each month. Security deposit non-refundable for early termination without cause. Property to be maintained in good condition throughout tenancy.','2024-09-07 00:00:00','2024-09-07 01:00:00','2024-09-07 02:00:00','2024-09-21 00:00:00',15,'active','2024-09-07 02:00:00','2024-09-20 00:00:00');
INSERT IGNORE INTO contracts (id,contract_code,tenancy_id,student_id,landlord_id,agent_id,property_id,start_date,end_date,monthly_rent,deposit,terms,student_signed_at,landlord_signed_at,agent_signed_at,generated_at,generated_by,status,activated_at,created_at) VALUES (54,'RB-1855BD5A',73,128,238,16,76,'2024-09-15','2025-03-14',1050.00,2100.00,'Standard tenancy agreement. Monthly rent payable on the 1st of each month. Security deposit non-refundable for early termination without cause. Property to be maintained in good condition throughout tenancy.','2024-09-08 00:00:00','2024-09-08 01:00:00','2024-09-08 02:00:00','2024-09-22 00:00:00',16,'active','2024-09-08 02:00:00','2024-09-21 00:00:00');
INSERT IGNORE INTO contracts (id,contract_code,tenancy_id,student_id,landlord_id,agent_id,property_id,start_date,end_date,monthly_rent,deposit,terms,student_signed_at,landlord_signed_at,agent_signed_at,generated_at,generated_by,status,activated_at,created_at) VALUES (55,'RB-F832F418',74,129,239,34,77,'2024-09-16','2025-09-16',750.00,1500.00,'Standard tenancy agreement. Monthly rent payable on the 1st of each month. Security deposit non-refundable for early termination without cause. Property to be maintained in good condition throughout tenancy.','2024-09-09 00:00:00','2024-09-09 01:00:00','2024-09-09 02:00:00','2024-09-23 00:00:00',34,'active','2024-09-09 02:00:00','2024-09-22 00:00:00');
INSERT IGNORE INTO contracts (id,contract_code,tenancy_id,student_id,landlord_id,agent_id,property_id,start_date,end_date,monthly_rent,deposit,terms,student_signed_at,landlord_signed_at,agent_signed_at,generated_at,generated_by,status,activated_at,created_at) VALUES (56,'RB-D0CB8064',75,130,240,35,78,'2024-09-17','2025-03-16',780.00,1560.00,'Standard tenancy agreement. Monthly rent payable on the 1st of each month. Security deposit non-refundable for early termination without cause. Property to be maintained in good condition throughout tenancy.','2024-09-10 00:00:00','2024-09-10 01:00:00','2024-09-10 02:00:00','2024-09-24 00:00:00',35,'active','2024-09-10 02:00:00','2024-09-23 00:00:00');
INSERT IGNORE INTO contracts (id,contract_code,tenancy_id,student_id,landlord_id,agent_id,property_id,start_date,end_date,monthly_rent,deposit,terms,student_signed_at,landlord_signed_at,agent_signed_at,generated_at,generated_by,status,activated_at,created_at) VALUES (57,'RB-2CE7EF39',76,131,241,15,79,'2024-09-18','2025-09-18',800.00,1600.00,'Standard tenancy agreement. Monthly rent payable on the 1st of each month. Security deposit non-refundable for early termination without cause. Property to be maintained in good condition throughout tenancy.','2024-09-11 00:00:00','2024-09-11 01:00:00','2024-09-11 02:00:00','2024-09-25 00:00:00',15,'active','2024-09-11 02:00:00','2024-09-24 00:00:00');
INSERT IGNORE INTO contracts (id,contract_code,tenancy_id,student_id,landlord_id,agent_id,property_id,start_date,end_date,monthly_rent,deposit,terms,student_signed_at,landlord_signed_at,agent_signed_at,generated_at,generated_by,status,activated_at,created_at) VALUES (58,'RB-D8261393',77,132,242,16,80,'2024-09-19','2025-03-18',1100.00,2200.00,'Standard tenancy agreement. Monthly rent payable on the 1st of each month. Security deposit non-refundable for early termination without cause. Property to be maintained in good condition throughout tenancy.','2024-09-12 00:00:00','2024-09-12 01:00:00','2024-09-12 02:00:00','2024-09-26 00:00:00',16,'active','2024-09-12 02:00:00','2024-09-25 00:00:00');
INSERT IGNORE INTO contracts (id,contract_code,tenancy_id,student_id,landlord_id,agent_id,property_id,start_date,end_date,monthly_rent,deposit,terms,student_signed_at,landlord_signed_at,agent_signed_at,generated_at,generated_by,status,activated_at,created_at) VALUES (59,'RB-62DA3077',78,133,243,34,81,'2024-09-20','2025-09-20',290.00,580.00,'Standard tenancy agreement. Monthly rent payable on the 1st of each month. Security deposit non-refundable for early termination without cause. Property to be maintained in good condition throughout tenancy.','2024-09-13 00:00:00','2024-09-13 01:00:00','2024-09-13 02:00:00','2024-09-27 00:00:00',34,'active','2024-09-13 02:00:00','2024-09-26 00:00:00');
INSERT IGNORE INTO contracts (id,contract_code,tenancy_id,student_id,landlord_id,agent_id,property_id,start_date,end_date,monthly_rent,deposit,terms,student_signed_at,landlord_signed_at,agent_signed_at,generated_at,generated_by,status,activated_at,created_at) VALUES (60,'RB-C5900395',79,134,244,35,82,'2024-09-21','2025-03-20',310.00,620.00,'Standard tenancy agreement. Monthly rent payable on the 1st of each month. Security deposit non-refundable for early termination without cause. Property to be maintained in good condition throughout tenancy.','2024-09-14 00:00:00','2024-09-14 01:00:00','2024-09-14 02:00:00','2024-09-28 00:00:00',35,'active','2024-09-14 02:00:00','2024-09-27 00:00:00');
INSERT IGNORE INTO contracts (id,contract_code,tenancy_id,student_id,landlord_id,agent_id,property_id,start_date,end_date,monthly_rent,deposit,terms,student_signed_at,landlord_signed_at,agent_signed_at,generated_at,generated_by,status,activated_at,created_at) VALUES (61,'RB-518DBCD9',80,135,245,15,83,'2024-09-22','2025-09-22',300.00,600.00,'Standard tenancy agreement. Monthly rent payable on the 1st of each month. Security deposit non-refundable for early termination without cause. Property to be maintained in good condition throughout tenancy.','2024-09-15 00:00:00','2024-09-15 01:00:00','2024-09-15 02:00:00','2024-09-29 00:00:00',15,'active','2024-09-15 02:00:00','2024-09-28 00:00:00');
INSERT IGNORE INTO contracts (id,contract_code,tenancy_id,student_id,landlord_id,agent_id,property_id,start_date,end_date,monthly_rent,deposit,terms,student_signed_at,landlord_signed_at,agent_signed_at,generated_at,generated_by,status,activated_at,created_at) VALUES (62,'RB-40978084',87,162,238,35,40,'2025-02-07','2025-08-06',285.00,570.00,'Standard tenancy agreement. Monthly rent payable on the 1st of each month. Security deposit non-refundable for early termination without cause. Property to be maintained in good condition throughout tenancy.',NULL,NULL,NULL,'2025-01-27 00:00:00',35,'pending_signatures',NULL,'2025-01-26 00:00:00');
INSERT IGNORE INTO contracts (id,contract_code,tenancy_id,student_id,landlord_id,agent_id,property_id,start_date,end_date,monthly_rent,deposit,terms,student_signed_at,landlord_signed_at,agent_signed_at,generated_at,generated_by,status,activated_at,created_at) VALUES (63,'RB-B38F491E',88,163,238,15,41,'2025-02-08','2026-02-08',295.00,590.00,'Standard tenancy agreement. Monthly rent payable on the 1st of each month. Security deposit non-refundable for early termination without cause. Property to be maintained in good condition throughout tenancy.',NULL,NULL,NULL,'2025-01-28 00:00:00',15,'pending_signatures',NULL,'2025-01-27 00:00:00');
INSERT IGNORE INTO contracts (id,contract_code,tenancy_id,student_id,landlord_id,agent_id,property_id,start_date,end_date,monthly_rent,deposit,terms,student_signed_at,landlord_signed_at,agent_signed_at,generated_at,generated_by,status,activated_at,created_at) VALUES (64,'RB-2E242C2E',91,166,246,35,44,'2025-02-11','2025-08-10',280.00,560.00,'Standard tenancy agreement. Monthly rent payable on the 1st of each month. Security deposit non-refundable for early termination without cause. Property to be maintained in good condition throughout tenancy.','2025-02-04 00:00:00','2025-02-04 01:00:00','2025-02-04 02:00:00','2025-01-31 00:00:00',35,'active','2025-02-04 02:00:00','2025-01-30 00:00:00');
INSERT IGNORE INTO contracts (id,contract_code,tenancy_id,student_id,landlord_id,agent_id,property_id,start_date,end_date,monthly_rent,deposit,terms,student_signed_at,landlord_signed_at,agent_signed_at,generated_at,generated_by,status,activated_at,created_at) VALUES (65,'RB-DA4CA161',92,167,247,15,45,'2025-02-12','2026-02-12',280.00,560.00,'Standard tenancy agreement. Monthly rent payable on the 1st of each month. Security deposit non-refundable for early termination without cause. Property to be maintained in good condition throughout tenancy.','2025-02-05 00:00:00','2025-02-05 01:00:00','2025-02-05 02:00:00','2025-02-01 00:00:00',15,'active','2025-02-05 02:00:00','2025-01-31 00:00:00');
INSERT IGNORE INTO contracts (id,contract_code,tenancy_id,student_id,landlord_id,agent_id,property_id,start_date,end_date,monthly_rent,deposit,terms,student_signed_at,landlord_signed_at,agent_signed_at,generated_at,generated_by,status,activated_at,created_at) VALUES (66,'RB-09B842E2',93,168,248,16,46,'2025-02-13','2025-08-12',290.00,580.00,'Standard tenancy agreement. Monthly rent payable on the 1st of each month. Security deposit non-refundable for early termination without cause. Property to be maintained in good condition throughout tenancy.','2025-02-06 00:00:00','2025-02-06 01:00:00','2025-02-06 02:00:00','2025-02-02 00:00:00',16,'active','2025-02-06 02:00:00','2025-02-01 00:00:00');
INSERT IGNORE INTO contracts (id,contract_code,tenancy_id,student_id,landlord_id,agent_id,property_id,start_date,end_date,monthly_rent,deposit,terms,student_signed_at,landlord_signed_at,agent_signed_at,generated_at,generated_by,status,activated_at,created_at) VALUES (67,'RB-37B07052',94,169,249,34,47,'2025-02-14','2026-02-14',300.00,600.00,'Standard tenancy agreement. Monthly rent payable on the 1st of each month. Security deposit non-refundable for early termination without cause. Property to be maintained in good condition throughout tenancy.','2025-02-07 00:00:00','2025-02-07 01:00:00','2025-02-07 02:00:00','2025-02-03 00:00:00',34,'active','2025-02-07 02:00:00','2025-02-02 00:00:00');
INSERT IGNORE INTO contracts (id,contract_code,tenancy_id,student_id,landlord_id,agent_id,property_id,start_date,end_date,monthly_rent,deposit,terms,student_signed_at,landlord_signed_at,agent_signed_at,generated_at,generated_by,status,activated_at,created_at) VALUES (68,'RB-E6C9E69E',95,170,250,35,48,'2025-02-15','2025-08-14',310.00,620.00,'Standard tenancy agreement. Monthly rent payable on the 1st of each month. Security deposit non-refundable for early termination without cause. Property to be maintained in good condition throughout tenancy.','2025-02-08 00:00:00','2025-02-08 01:00:00','2025-02-08 02:00:00','2025-02-04 00:00:00',35,'active','2025-02-08 02:00:00','2025-02-03 00:00:00');
INSERT IGNORE INTO contracts (id,contract_code,tenancy_id,student_id,landlord_id,agent_id,property_id,start_date,end_date,monthly_rent,deposit,terms,student_signed_at,landlord_signed_at,agent_signed_at,generated_at,generated_by,status,activated_at,created_at) VALUES (69,'RB-B678B3D3',96,171,236,15,49,'2025-02-16','2026-02-16',320.00,640.00,'Standard tenancy agreement. Monthly rent payable on the 1st of each month. Security deposit non-refundable for early termination without cause. Property to be maintained in good condition throughout tenancy.','2025-02-09 00:00:00','2025-02-09 01:00:00','2025-02-09 02:00:00','2025-02-05 00:00:00',15,'active','2025-02-09 02:00:00','2025-02-04 00:00:00');
INSERT IGNORE INTO contracts (id,contract_code,tenancy_id,student_id,landlord_id,agent_id,property_id,start_date,end_date,monthly_rent,deposit,terms,student_signed_at,landlord_signed_at,agent_signed_at,generated_at,generated_by,status,activated_at,created_at) VALUES (70,'RB-D69D94B9',97,172,237,16,50,'2025-02-17','2025-08-16',280.00,560.00,'Standard tenancy agreement. Monthly rent payable on the 1st of each month. Security deposit non-refundable for early termination without cause. Property to be maintained in good condition throughout tenancy.','2025-02-10 00:00:00','2025-02-10 01:00:00','2025-02-10 02:00:00','2025-02-06 00:00:00',16,'active','2025-02-10 02:00:00','2025-02-05 00:00:00');
INSERT IGNORE INTO contracts (id,contract_code,tenancy_id,student_id,landlord_id,agent_id,property_id,start_date,end_date,monthly_rent,deposit,terms,student_signed_at,landlord_signed_at,agent_signed_at,generated_at,generated_by,status,activated_at,created_at) VALUES (71,'RB-C9CAB1CD',98,173,238,34,51,'2025-02-18','2026-02-18',290.00,580.00,'Standard tenancy agreement. Monthly rent payable on the 1st of each month. Security deposit non-refundable for early termination without cause. Property to be maintained in good condition throughout tenancy.','2025-02-11 00:00:00','2025-02-11 01:00:00','2025-02-11 02:00:00','2025-02-07 00:00:00',34,'active','2025-02-11 02:00:00','2025-02-06 00:00:00');
INSERT IGNORE INTO contracts (id,contract_code,tenancy_id,student_id,landlord_id,agent_id,property_id,start_date,end_date,monthly_rent,deposit,terms,student_signed_at,landlord_signed_at,agent_signed_at,generated_at,generated_by,status,activated_at,created_at) VALUES (72,'RB-63A3C031',99,174,239,35,52,'2025-02-19','2025-08-18',1050.00,2100.00,'Standard tenancy agreement. Monthly rent payable on the 1st of each month. Security deposit non-refundable for early termination without cause. Property to be maintained in good condition throughout tenancy.','2025-02-12 00:00:00','2025-02-12 01:00:00','2025-02-12 02:00:00','2025-02-08 00:00:00',35,'active','2025-02-12 02:00:00','2025-02-07 00:00:00');
INSERT IGNORE INTO contracts (id,contract_code,tenancy_id,student_id,landlord_id,agent_id,property_id,start_date,end_date,monthly_rent,deposit,terms,student_signed_at,landlord_signed_at,agent_signed_at,generated_at,generated_by,status,activated_at,created_at) VALUES (73,'RB-A4E161A0',100,175,240,15,53,'2025-02-20','2026-02-20',1200.00,2400.00,'Standard tenancy agreement. Monthly rent payable on the 1st of each month. Security deposit non-refundable for early termination without cause. Property to be maintained in good condition throughout tenancy.','2025-02-13 00:00:00','2025-02-13 01:00:00','2025-02-13 02:00:00','2025-02-09 00:00:00',15,'active','2025-02-13 02:00:00','2025-02-08 00:00:00');
INSERT IGNORE INTO contracts (id,contract_code,tenancy_id,student_id,landlord_id,agent_id,property_id,start_date,end_date,monthly_rent,deposit,terms,student_signed_at,landlord_signed_at,agent_signed_at,generated_at,generated_by,status,activated_at,created_at) VALUES (74,'RB-26EC907F',101,176,241,16,54,'2025-02-21','2025-08-20',1100.00,2200.00,'Standard tenancy agreement. Monthly rent payable on the 1st of each month. Security deposit non-refundable for early termination without cause. Property to be maintained in good condition throughout tenancy.','2025-02-14 00:00:00','2025-02-14 01:00:00','2025-02-14 02:00:00','2025-02-10 00:00:00',16,'active','2025-02-14 02:00:00','2025-02-09 00:00:00');
INSERT IGNORE INTO contracts (id,contract_code,tenancy_id,student_id,landlord_id,agent_id,property_id,start_date,end_date,monthly_rent,deposit,terms,student_signed_at,landlord_signed_at,agent_signed_at,generated_at,generated_by,status,activated_at,created_at) VALUES (75,'RB-84D63EEF',102,177,242,34,55,'2025-02-22','2026-02-22',1150.00,2300.00,'Standard tenancy agreement. Monthly rent payable on the 1st of each month. Security deposit non-refundable for early termination without cause. Property to be maintained in good condition throughout tenancy.','2025-02-15 00:00:00','2025-02-15 01:00:00','2025-02-15 02:00:00','2025-02-11 00:00:00',34,'active','2025-02-15 02:00:00','2025-02-10 00:00:00');
INSERT IGNORE INTO contracts (id,contract_code,tenancy_id,student_id,landlord_id,agent_id,property_id,start_date,end_date,monthly_rent,deposit,terms,student_signed_at,landlord_signed_at,agent_signed_at,generated_at,generated_by,status,activated_at,created_at) VALUES (76,'RB-E7781C3A',103,178,243,35,56,'2025-02-23','2025-08-22',1000.00,2000.00,'Standard tenancy agreement. Monthly rent payable on the 1st of each month. Security deposit non-refundable for early termination without cause. Property to be maintained in good condition throughout tenancy.','2025-02-16 00:00:00','2025-02-16 01:00:00','2025-02-16 02:00:00','2025-02-12 00:00:00',35,'active','2025-02-16 02:00:00','2025-02-11 00:00:00');
INSERT IGNORE INTO contracts (id,contract_code,tenancy_id,student_id,landlord_id,agent_id,property_id,start_date,end_date,monthly_rent,deposit,terms,student_signed_at,landlord_signed_at,agent_signed_at,generated_at,generated_by,status,activated_at,created_at) VALUES (77,'RB-330D39DF',104,179,244,15,57,'2025-02-24','2026-02-24',800.00,1600.00,'Standard tenancy agreement. Monthly rent payable on the 1st of each month. Security deposit non-refundable for early termination without cause. Property to be maintained in good condition throughout tenancy.','2025-02-17 00:00:00','2025-02-17 01:00:00','2025-02-17 02:00:00','2025-02-13 00:00:00',15,'active','2025-02-17 02:00:00','2025-02-12 00:00:00');
INSERT IGNORE INTO contracts (id,contract_code,tenancy_id,student_id,landlord_id,agent_id,property_id,start_date,end_date,monthly_rent,deposit,terms,student_signed_at,landlord_signed_at,agent_signed_at,generated_at,generated_by,status,activated_at,created_at) VALUES (78,'RB-2C06BCC6',105,180,245,16,58,'2025-02-25','2025-08-24',700.00,1400.00,'Standard tenancy agreement. Monthly rent payable on the 1st of each month. Security deposit non-refundable for early termination without cause. Property to be maintained in good condition throughout tenancy.','2025-02-18 00:00:00','2025-02-18 01:00:00','2025-02-18 02:00:00','2025-02-14 00:00:00',16,'active','2025-02-18 02:00:00','2025-02-13 00:00:00');
INSERT IGNORE INTO contracts (id,contract_code,tenancy_id,student_id,landlord_id,agent_id,property_id,start_date,end_date,monthly_rent,deposit,terms,student_signed_at,landlord_signed_at,agent_signed_at,generated_at,generated_by,status,activated_at,created_at) VALUES (79,'RB-EA237519',106,181,246,34,59,'2025-02-26','2026-02-26',750.00,1500.00,'Standard tenancy agreement. Monthly rent payable on the 1st of each month. Security deposit non-refundable for early termination without cause. Property to be maintained in good condition throughout tenancy.','2025-02-19 00:00:00','2025-02-19 01:00:00','2025-02-19 02:00:00','2025-02-15 00:00:00',34,'active','2025-02-19 02:00:00','2025-02-14 00:00:00');
INSERT IGNORE INTO contracts (id,contract_code,tenancy_id,student_id,landlord_id,agent_id,property_id,start_date,end_date,monthly_rent,deposit,terms,student_signed_at,landlord_signed_at,agent_signed_at,generated_at,generated_by,status,activated_at,created_at) VALUES (80,'RB-6D038F4C',107,182,247,35,60,'2025-02-27','2025-08-26',280.00,560.00,'Standard tenancy agreement. Monthly rent payable on the 1st of each month. Security deposit non-refundable for early termination without cause. Property to be maintained in good condition throughout tenancy.','2025-02-20 00:00:00','2025-02-20 01:00:00','2025-02-20 02:00:00','2025-02-16 00:00:00',35,'active','2025-02-20 02:00:00','2025-02-15 00:00:00');
INSERT IGNORE INTO contracts (id,contract_code,tenancy_id,student_id,landlord_id,agent_id,property_id,start_date,end_date,monthly_rent,deposit,terms,student_signed_at,landlord_signed_at,agent_signed_at,generated_at,generated_by,status,activated_at,created_at) VALUES (81,'RB-87392AFA',108,183,248,15,61,'2025-02-28','2026-02-28',290.00,580.00,'Standard tenancy agreement. Monthly rent payable on the 1st of each month. Security deposit non-refundable for early termination without cause. Property to be maintained in good condition throughout tenancy.','2025-02-21 00:00:00','2025-02-21 01:00:00','2025-02-21 02:00:00','2025-02-17 00:00:00',15,'completed','2025-02-21 02:00:00','2025-02-16 00:00:00');
INSERT IGNORE INTO contracts (id,contract_code,tenancy_id,student_id,landlord_id,agent_id,property_id,start_date,end_date,monthly_rent,deposit,terms,student_signed_at,landlord_signed_at,agent_signed_at,generated_at,generated_by,status,activated_at,created_at) VALUES (82,'RB-4E7AF9B9',109,184,249,16,62,'2025-02-01','2025-07-31',300.00,600.00,'Standard tenancy agreement. Monthly rent payable on the 1st of each month. Security deposit non-refundable for early termination without cause. Property to be maintained in good condition throughout tenancy.','2025-01-25 00:00:00','2025-01-25 01:00:00','2025-01-25 02:00:00','2025-02-18 00:00:00',16,'completed','2025-01-25 02:00:00','2025-02-17 00:00:00');
INSERT IGNORE INTO contracts (id,contract_code,tenancy_id,student_id,landlord_id,agent_id,property_id,start_date,end_date,monthly_rent,deposit,terms,student_signed_at,landlord_signed_at,agent_signed_at,generated_at,generated_by,status,activated_at,created_at) VALUES (83,'RB-4BAF170C',110,185,250,34,63,'2025-02-02','2026-02-02',310.00,620.00,'Standard tenancy agreement. Monthly rent payable on the 1st of each month. Security deposit non-refundable for early termination without cause. Property to be maintained in good condition throughout tenancy.','2025-01-26 00:00:00','2025-01-26 01:00:00','2025-01-26 02:00:00','2025-02-19 00:00:00',34,'completed','2025-01-26 02:00:00','2025-02-18 00:00:00');
INSERT IGNORE INTO contracts (id,contract_code,tenancy_id,student_id,landlord_id,agent_id,property_id,start_date,end_date,monthly_rent,deposit,terms,student_signed_at,landlord_signed_at,agent_signed_at,generated_at,generated_by,status,activated_at,created_at) VALUES (84,'RB-E7B6D3C6',111,186,236,35,64,'2025-02-03','2025-08-02',320.00,640.00,'Standard tenancy agreement. Monthly rent payable on the 1st of each month. Security deposit non-refundable for early termination without cause. Property to be maintained in good condition throughout tenancy.','2025-01-27 00:00:00','2025-01-27 01:00:00','2025-01-27 02:00:00','2025-02-20 00:00:00',35,'completed','2025-01-27 02:00:00','2025-02-19 00:00:00');
INSERT IGNORE INTO contracts (id,contract_code,tenancy_id,student_id,landlord_id,agent_id,property_id,start_date,end_date,monthly_rent,deposit,terms,student_signed_at,landlord_signed_at,agent_signed_at,generated_at,generated_by,status,activated_at,created_at) VALUES (85,'RB-BF0017A4',112,187,237,15,65,'2025-02-04','2026-02-04',280.00,560.00,'Standard tenancy agreement. Monthly rent payable on the 1st of each month. Security deposit non-refundable for early termination without cause. Property to be maintained in good condition throughout tenancy.','2025-01-28 00:00:00','2025-01-28 01:00:00','2025-01-28 02:00:00','2025-02-21 00:00:00',15,'completed','2025-01-28 02:00:00','2025-02-20 00:00:00');
INSERT IGNORE INTO contracts (id,contract_code,tenancy_id,student_id,landlord_id,agent_id,property_id,start_date,end_date,monthly_rent,deposit,terms,student_signed_at,landlord_signed_at,agent_signed_at,generated_at,generated_by,status,activated_at,created_at) VALUES (86,'RB-F82F7D22',113,188,238,16,66,'2025-02-05','2025-08-04',290.00,580.00,'Standard tenancy agreement. Monthly rent payable on the 1st of each month. Security deposit non-refundable for early termination without cause. Property to be maintained in good condition throughout tenancy.','2025-01-29 00:00:00','2025-01-29 01:00:00','2025-01-29 02:00:00','2025-02-22 00:00:00',16,'completed','2025-01-29 02:00:00','2025-02-21 00:00:00');
INSERT IGNORE INTO contracts (id,contract_code,tenancy_id,student_id,landlord_id,agent_id,property_id,start_date,end_date,monthly_rent,deposit,terms,student_signed_at,landlord_signed_at,agent_signed_at,generated_at,generated_by,status,activated_at,created_at) VALUES (87,'RB-C2BA514B',114,189,239,34,67,'2025-02-06','2026-02-06',310.00,620.00,'Standard tenancy agreement. Monthly rent payable on the 1st of each month. Security deposit non-refundable for early termination without cause. Property to be maintained in good condition throughout tenancy.','2025-01-30 00:00:00','2025-01-30 01:00:00','2025-01-30 02:00:00','2025-02-23 00:00:00',34,'completed','2025-01-30 02:00:00','2025-02-22 00:00:00');
INSERT IGNORE INTO contracts (id,contract_code,tenancy_id,student_id,landlord_id,agent_id,property_id,start_date,end_date,monthly_rent,deposit,terms,student_signed_at,landlord_signed_at,agent_signed_at,generated_at,generated_by,status,activated_at,created_at) VALUES (88,'RB-E931FD27',115,190,240,35,68,'2025-02-07','2025-08-06',300.00,600.00,'Standard tenancy agreement. Monthly rent payable on the 1st of each month. Security deposit non-refundable for early termination without cause. Property to be maintained in good condition throughout tenancy.','2025-01-31 00:00:00','2025-01-31 01:00:00','2025-01-31 02:00:00','2025-02-24 00:00:00',35,'completed','2025-01-31 02:00:00','2025-02-23 00:00:00');
INSERT IGNORE INTO contracts (id,contract_code,tenancy_id,student_id,landlord_id,agent_id,property_id,start_date,end_date,monthly_rent,deposit,terms,student_signed_at,landlord_signed_at,agent_signed_at,generated_at,generated_by,status,activated_at,created_at) VALUES (89,'RB-4B1AFC4D',116,191,241,15,69,'2025-02-08','2026-02-08',320.00,640.00,'Standard tenancy agreement. Monthly rent payable on the 1st of each month. Security deposit non-refundable for early termination without cause. Property to be maintained in good condition throughout tenancy.','2025-02-01 00:00:00','2025-02-01 01:00:00','2025-02-01 02:00:00','2025-02-25 00:00:00',15,'completed','2025-02-01 02:00:00','2025-02-24 00:00:00');
INSERT IGNORE INTO contracts (id,contract_code,tenancy_id,student_id,landlord_id,agent_id,property_id,start_date,end_date,monthly_rent,deposit,terms,student_signed_at,landlord_signed_at,agent_signed_at,generated_at,generated_by,status,activated_at,created_at) VALUES (90,'RB-528097B6',117,192,242,16,70,'2025-02-09','2025-08-08',285.00,570.00,'Standard tenancy agreement. Monthly rent payable on the 1st of each month. Security deposit non-refundable for early termination without cause. Property to be maintained in good condition throughout tenancy.','2025-02-02 00:00:00','2025-02-02 01:00:00','2025-02-02 02:00:00','2025-02-26 00:00:00',16,'completed','2025-02-02 02:00:00','2025-02-25 00:00:00');
INSERT IGNORE INTO contracts (id,contract_code,tenancy_id,student_id,landlord_id,agent_id,property_id,start_date,end_date,monthly_rent,deposit,terms,student_signed_at,landlord_signed_at,agent_signed_at,generated_at,generated_by,status,activated_at,created_at) VALUES (91,'RB-C9216613',118,193,243,34,71,'2025-02-10','2026-02-10',295.00,590.00,'Standard tenancy agreement. Monthly rent payable on the 1st of each month. Security deposit non-refundable for early termination without cause. Property to be maintained in good condition throughout tenancy.','2025-02-03 00:00:00','2025-02-03 01:00:00','2025-02-03 02:00:00','2025-02-27 00:00:00',34,'completed','2025-02-03 02:00:00','2025-02-26 00:00:00');
INSERT IGNORE INTO contracts (id,contract_code,tenancy_id,student_id,landlord_id,agent_id,property_id,start_date,end_date,monthly_rent,deposit,terms,student_signed_at,landlord_signed_at,agent_signed_at,generated_at,generated_by,status,activated_at,created_at) VALUES (92,'RB-184F9CB8',119,194,244,35,72,'2025-02-11','2025-08-10',1200.00,2400.00,'Standard tenancy agreement. Monthly rent payable on the 1st of each month. Security deposit non-refundable for early termination without cause. Property to be maintained in good condition throughout tenancy.','2025-02-04 00:00:00','2025-02-04 01:00:00','2025-02-04 02:00:00','2025-02-28 00:00:00',35,'completed','2025-02-04 02:00:00','2025-02-27 00:00:00');
INSERT IGNORE INTO contracts (id,contract_code,tenancy_id,student_id,landlord_id,agent_id,property_id,start_date,end_date,monthly_rent,deposit,terms,student_signed_at,landlord_signed_at,agent_signed_at,generated_at,generated_by,status,activated_at,created_at) VALUES (93,'RB-9543723B',120,195,245,15,73,'2025-02-12','2026-02-12',1050.00,2100.00,'Standard tenancy agreement. Monthly rent payable on the 1st of each month. Security deposit non-refundable for early termination without cause. Property to be maintained in good condition throughout tenancy.','2025-02-05 00:00:00','2025-02-05 01:00:00','2025-02-05 02:00:00','2025-03-01 00:00:00',15,'completed','2025-02-05 02:00:00','2025-02-28 00:00:00');
INSERT IGNORE INTO contracts (id,contract_code,tenancy_id,student_id,landlord_id,agent_id,property_id,start_date,end_date,monthly_rent,deposit,terms,student_signed_at,landlord_signed_at,agent_signed_at,generated_at,generated_by,status,activated_at,created_at) VALUES (94,'RB-09DF162B',121,196,236,16,74,'2025-02-13','2025-08-12',1100.00,2200.00,'Standard tenancy agreement. Monthly rent payable on the 1st of each month. Security deposit non-refundable for early termination without cause. Property to be maintained in good condition throughout tenancy.','2025-02-06 00:00:00','2025-02-06 01:00:00','2025-02-06 02:00:00','2025-03-02 00:00:00',16,'completed','2025-02-06 02:00:00','2025-03-01 00:00:00');
INSERT IGNORE INTO contracts (id,contract_code,tenancy_id,student_id,landlord_id,agent_id,property_id,start_date,end_date,monthly_rent,deposit,terms,student_signed_at,landlord_signed_at,agent_signed_at,generated_at,generated_by,status,activated_at,created_at) VALUES (95,'RB-59F13FE8',122,197,237,34,75,'2025-02-14','2026-02-14',1000.00,2000.00,'Standard tenancy agreement. Monthly rent payable on the 1st of each month. Security deposit non-refundable for early termination without cause. Property to be maintained in good condition throughout tenancy.','2025-02-07 00:00:00','2025-02-07 01:00:00','2025-02-07 02:00:00','2025-03-03 00:00:00',34,'completed','2025-02-07 02:00:00','2025-03-02 00:00:00');
INSERT IGNORE INTO contracts (id,contract_code,tenancy_id,student_id,landlord_id,agent_id,property_id,start_date,end_date,monthly_rent,deposit,terms,student_signed_at,landlord_signed_at,agent_signed_at,generated_at,generated_by,status,activated_at,created_at) VALUES (96,'RB-C2DFBF3E',137,212,252,16,90,'2025-02-01','2025-07-31',280.00,560.00,'Standard tenancy agreement. Monthly rent payable on the 1st of each month. Security deposit non-refundable for early termination without cause. Property to be maintained in good condition throughout tenancy.',NULL,NULL,NULL,'2025-03-18 00:00:00',16,'pending_signatures',NULL,'2025-03-17 00:00:00');
INSERT IGNORE INTO contracts (id,contract_code,tenancy_id,student_id,landlord_id,agent_id,property_id,start_date,end_date,monthly_rent,deposit,terms,student_signed_at,landlord_signed_at,agent_signed_at,generated_at,generated_by,status,activated_at,created_at) VALUES (97,'RB-70C75E0B',138,213,253,34,91,'2025-02-02','2026-02-02',290.00,580.00,'Standard tenancy agreement. Monthly rent payable on the 1st of each month. Security deposit non-refundable for early termination without cause. Property to be maintained in good condition throughout tenancy.',NULL,NULL,NULL,'2025-03-19 00:00:00',34,'pending_signatures',NULL,'2025-03-18 00:00:00');
INSERT IGNORE INTO contracts (id,contract_code,tenancy_id,student_id,landlord_id,agent_id,property_id,start_date,end_date,monthly_rent,deposit,terms,student_signed_at,landlord_signed_at,agent_signed_at,generated_at,generated_by,status,activated_at,created_at) VALUES (98,'RB-17F2C2E0',141,216,256,16,94,'2025-02-05','2025-08-04',1200.00,2400.00,'Standard tenancy agreement. Monthly rent payable on the 1st of each month. Security deposit non-refundable for early termination without cause. Property to be maintained in good condition throughout tenancy.','2025-01-29 00:00:00','2025-01-29 01:00:00','2025-01-29 02:00:00','2025-03-22 00:00:00',16,'active','2025-01-29 02:00:00','2025-03-21 00:00:00');
INSERT IGNORE INTO contracts (id,contract_code,tenancy_id,student_id,landlord_id,agent_id,property_id,start_date,end_date,monthly_rent,deposit,terms,student_signed_at,landlord_signed_at,agent_signed_at,generated_at,generated_by,status,activated_at,created_at) VALUES (99,'RB-0C74AE25',142,217,257,34,95,'2025-02-06','2026-02-06',1000.00,2000.00,'Standard tenancy agreement. Monthly rent payable on the 1st of each month. Security deposit non-refundable for early termination without cause. Property to be maintained in good condition throughout tenancy.','2025-01-30 00:00:00','2025-01-30 01:00:00','2025-01-30 02:00:00','2025-03-23 00:00:00',34,'active','2025-01-30 02:00:00','2025-03-22 00:00:00');
INSERT IGNORE INTO contracts (id,contract_code,tenancy_id,student_id,landlord_id,agent_id,property_id,start_date,end_date,monthly_rent,deposit,terms,student_signed_at,landlord_signed_at,agent_signed_at,generated_at,generated_by,status,activated_at,created_at) VALUES (100,'RB-7B275FB4',143,218,258,35,96,'2025-02-07','2025-08-06',1100.00,2200.00,'Standard tenancy agreement. Monthly rent payable on the 1st of each month. Security deposit non-refundable for early termination without cause. Property to be maintained in good condition throughout tenancy.','2025-01-31 00:00:00','2025-01-31 01:00:00','2025-01-31 02:00:00','2025-03-24 00:00:00',35,'active','2025-01-31 02:00:00','2025-03-23 00:00:00');
INSERT IGNORE INTO contracts (id,contract_code,tenancy_id,student_id,landlord_id,agent_id,property_id,start_date,end_date,monthly_rent,deposit,terms,student_signed_at,landlord_signed_at,agent_signed_at,generated_at,generated_by,status,activated_at,created_at) VALUES (101,'RB-E2212883',144,219,259,15,97,'2025-02-08','2026-02-08',800.00,1600.00,'Standard tenancy agreement. Monthly rent payable on the 1st of each month. Security deposit non-refundable for early termination without cause. Property to be maintained in good condition throughout tenancy.','2025-02-01 00:00:00','2025-02-01 01:00:00','2025-02-01 02:00:00','2025-03-25 00:00:00',15,'active','2025-02-01 02:00:00','2025-03-24 00:00:00');
INSERT IGNORE INTO contracts (id,contract_code,tenancy_id,student_id,landlord_id,agent_id,property_id,start_date,end_date,monthly_rent,deposit,terms,student_signed_at,landlord_signed_at,agent_signed_at,generated_at,generated_by,status,activated_at,created_at) VALUES (102,'RB-11CA64AF',145,220,260,16,98,'2025-02-09','2025-08-08',700.00,1400.00,'Standard tenancy agreement. Monthly rent payable on the 1st of each month. Security deposit non-refundable for early termination without cause. Property to be maintained in good condition throughout tenancy.','2025-02-02 00:00:00','2025-02-02 01:00:00','2025-02-02 02:00:00','2025-03-26 00:00:00',16,'active','2025-02-02 02:00:00','2025-03-25 00:00:00');
INSERT IGNORE INTO contracts (id,contract_code,tenancy_id,student_id,landlord_id,agent_id,property_id,start_date,end_date,monthly_rent,deposit,terms,student_signed_at,landlord_signed_at,agent_signed_at,generated_at,generated_by,status,activated_at,created_at) VALUES (103,'RB-88EFFA10',146,221,236,34,99,'2025-02-10','2026-02-10',780.00,1560.00,'Standard tenancy agreement. Monthly rent payable on the 1st of each month. Security deposit non-refundable for early termination without cause. Property to be maintained in good condition throughout tenancy.','2025-02-03 00:00:00','2025-02-03 01:00:00','2025-02-03 02:00:00','2025-03-27 00:00:00',34,'active','2025-02-03 02:00:00','2025-03-26 00:00:00');
INSERT IGNORE INTO contracts (id,contract_code,tenancy_id,student_id,landlord_id,agent_id,property_id,start_date,end_date,monthly_rent,deposit,terms,student_signed_at,landlord_signed_at,agent_signed_at,generated_at,generated_by,status,activated_at,created_at) VALUES (104,'RB-F48A07EF',147,222,237,35,100,'2025-02-11','2025-08-10',285.00,570.00,'Standard tenancy agreement. Monthly rent payable on the 1st of each month. Security deposit non-refundable for early termination without cause. Property to be maintained in good condition throughout tenancy.','2025-02-04 00:00:00','2025-02-04 01:00:00','2025-02-04 02:00:00','2025-03-28 00:00:00',35,'active','2025-02-04 02:00:00','2025-03-27 00:00:00');
INSERT IGNORE INTO contracts (id,contract_code,tenancy_id,student_id,landlord_id,agent_id,property_id,start_date,end_date,monthly_rent,deposit,terms,student_signed_at,landlord_signed_at,agent_signed_at,generated_at,generated_by,status,activated_at,created_at) VALUES (105,'RB-A6B63192',148,223,238,15,101,'2025-02-12','2026-02-12',295.00,590.00,'Standard tenancy agreement. Monthly rent payable on the 1st of each month. Security deposit non-refundable for early termination without cause. Property to be maintained in good condition throughout tenancy.','2025-02-05 00:00:00','2025-02-05 01:00:00','2025-02-05 02:00:00','2025-03-29 00:00:00',15,'active','2025-02-05 02:00:00','2025-03-28 00:00:00');
INSERT IGNORE INTO contracts (id,contract_code,tenancy_id,student_id,landlord_id,agent_id,property_id,start_date,end_date,monthly_rent,deposit,terms,student_signed_at,landlord_signed_at,agent_signed_at,generated_at,generated_by,status,activated_at,created_at) VALUES (106,'RB-A7ADFDAA',149,224,239,16,102,'2025-02-13','2025-08-12',305.00,610.00,'Standard tenancy agreement. Monthly rent payable on the 1st of each month. Security deposit non-refundable for early termination without cause. Property to be maintained in good condition throughout tenancy.','2025-02-06 00:00:00','2025-02-06 01:00:00','2025-02-06 02:00:00','2025-03-30 00:00:00',16,'active','2025-02-06 02:00:00','2025-03-29 00:00:00');
INSERT IGNORE INTO contracts (id,contract_code,tenancy_id,student_id,landlord_id,agent_id,property_id,start_date,end_date,monthly_rent,deposit,terms,student_signed_at,landlord_signed_at,agent_signed_at,generated_at,generated_by,status,activated_at,created_at) VALUES (107,'RB-6D83ED6A',150,225,240,34,103,'2025-02-14','2026-02-14',315.00,630.00,'Standard tenancy agreement. Monthly rent payable on the 1st of each month. Security deposit non-refundable for early termination without cause. Property to be maintained in good condition throughout tenancy.','2025-02-07 00:00:00','2025-02-07 01:00:00','2025-02-07 02:00:00','2025-03-31 00:00:00',34,'active','2025-02-07 02:00:00','2025-03-30 00:00:00');
INSERT IGNORE INTO contracts (id,contract_code,tenancy_id,student_id,landlord_id,agent_id,property_id,start_date,end_date,monthly_rent,deposit,terms,student_signed_at,landlord_signed_at,agent_signed_at,generated_at,generated_by,status,activated_at,created_at) VALUES (108,'RB-79FFA958',151,200,236,15,34,'2025-02-05','2025-08-05',1200.00,2400.00,'Standard tenancy agreement. Monthly rent payable on the 1st of each month. Security deposit non-refundable for early termination without cause. Property to be maintained in good condition throughout tenancy.','2025-01-29 00:00:00','2025-01-29 01:00:00','2025-01-29 02:00:00','2025-01-21 09:00:00',15,'active','2025-01-29 02:00:00','2025-01-20 09:00:00');
INSERT IGNORE INTO contracts (id,contract_code,tenancy_id,student_id,landlord_id,agent_id,property_id,start_date,end_date,monthly_rent,deposit,terms,student_signed_at,landlord_signed_at,agent_signed_at,generated_at,generated_by,status,activated_at,created_at) VALUES (109,'RB-8A07AE32',152,120,237,16,50,'2024-09-02','2025-01-31',280.00,560.00,'Standard tenancy agreement. Monthly rent payable on the 1st of each month. Security deposit non-refundable for early termination without cause. Property to be maintained in good condition throughout tenancy.','2024-08-26 00:00:00','2024-08-26 01:00:00','2024-08-26 02:00:00','2024-08-11 09:00:00',16,'completed','2024-08-26 02:00:00','2024-08-10 09:00:00');
INSERT IGNORE INTO contracts (id,contract_code,tenancy_id,student_id,landlord_id,agent_id,property_id,start_date,end_date,monthly_rent,deposit,terms,student_signed_at,landlord_signed_at,agent_signed_at,generated_at,generated_by,status,activated_at,created_at) VALUES (110,'RB-0F901AA9',153,120,237,34,65,'2025-02-08','2025-08-07',280.00,560.00,'Standard tenancy agreement. Monthly rent payable on the 1st of each month. Security deposit non-refundable for early termination without cause. Property to be maintained in good condition throughout tenancy.','2025-02-01 00:00:00','2025-02-01 01:00:00','2025-02-01 02:00:00','2025-01-23 08:00:00',34,'active','2025-02-01 02:00:00','2025-01-22 08:00:00');
INSERT IGNORE INTO contracts (id,contract_code,tenancy_id,student_id,landlord_id,agent_id,property_id,start_date,end_date,monthly_rent,deposit,terms,student_signed_at,landlord_signed_at,agent_signed_at,generated_at,generated_by,status,activated_at,created_at) VALUES (111,'RB-2D630C09',154,50,250,35,48,'2024-02-15','2024-08-13',310.00,620.00,'Standard tenancy agreement. Monthly rent payable on the 1st of each month. Security deposit non-refundable for early termination without cause. Property to be maintained in good condition throughout tenancy.','2024-02-08 00:00:00','2024-02-08 01:00:00','2024-02-08 02:00:00','2024-02-14 00:00:00',35,'active','2024-02-08 02:00:00','2024-02-13 00:00:00');

-- ============================================================
-- REPORTS (~15 rows)
-- ============================================================
INSERT IGNORE INTO reports (id,reporter_id,reported_user_id,context_type,context_id,reason,details,status,created_at,reviewed_at,reviewed_by) VALUES (1,45,238,'general',NULL,'scam','Landlord listed a property that does not exist. Sent fake photos and asked for deposit upfront.','pending','2024-03-15 10:00:00',NULL,NULL);
INSERT IGNORE INTO reports (id,reporter_id,reported_user_id,context_type,context_id,reason,details,status,created_at,reviewed_at,reviewed_by) VALUES (2,50,62,'message',1,'harassment','This student sent threatening messages after I declined to share a house.','pending','2024-04-10 14:30:00',NULL,NULL);
INSERT IGNORE INTO reports (id,reporter_id,reported_user_id,context_type,context_id,reason,details,status,created_at,reviewed_at,reviewed_by) VALUES (3,72,15,'general',NULL,'misconduct','Agent was unprofessional during inspection and demanded extra payment for the inspection report.','reviewed','2024-05-20 09:00:00','2024-06-01 11:00:00',17);
INSERT IGNORE INTO reports (id,reporter_id,reported_user_id,context_type,context_id,reason,details,status,created_at,reviewed_at,reviewed_by) VALUES (4,88,240,'tenancy',3,'fake_information','Listing photos show a fully furnished room but actual property has almost no furniture.','actioned','2024-10-05 16:00:00','2024-10-20 10:00:00',17);
INSERT IGNORE INTO reports (id,reporter_id,reported_user_id,context_type,context_id,reason,details,status,created_at,reviewed_at,reviewed_by) VALUES (5,95,244,'tenancy',8,'fraud','Landlord collected RM600 deposit but property was already rented to someone else. Not responding to calls.','actioned','2024-11-12 08:30:00','2024-11-25 15:00:00',17);
INSERT IGNORE INTO reports (id,reporter_id,reported_user_id,context_type,context_id,reason,details,status,created_at,reviewed_at,reviewed_by) VALUES (6,110,250,'general',NULL,'other','Minor dispute over maintenance responsibility. Both parties later resolved it amicably.','dismissed','2025-01-08 12:00:00','2025-01-15 09:00:00',17);
INSERT IGNORE INTO reports (id,reporter_id,reported_user_id,context_type,context_id,reason,details,status,created_at,reviewed_at,reviewed_by) VALUES (7,130,255,'general',NULL,'scam','Landlord asking for 3 months deposit before viewing. Refused to show property first.','pending','2025-02-14 10:00:00',NULL,NULL);
INSERT IGNORE INTO reports (id,reporter_id,reported_user_id,context_type,context_id,reason,details,status,created_at,reviewed_at,reviewed_by) VALUES (8,140,58,'message',5,'harassment','Repeated unwanted messages and threats after rental dispute.','pending','2025-03-01 11:00:00',NULL,NULL);
INSERT IGNORE INTO reports (id,reporter_id,reported_user_id,context_type,context_id,reason,details,status,created_at,reviewed_at,reviewed_by) VALUES (9,160,262,'tenancy',12,'fake_information','Room size stated as 12sqm but actual size is less than 8sqm. Ceiling leaks badly.','reviewed','2025-03-20 14:00:00','2025-04-02 10:00:00',16);
INSERT IGNORE INTO reports (id,reporter_id,reported_user_id,context_type,context_id,reason,details,status,created_at,reviewed_at,reviewed_by) VALUES (10,170,258,'general',NULL,'fraud','Same property listed under multiple accounts at different prices.','pending','2025-04-05 09:30:00',NULL,NULL);
INSERT IGNORE INTO reports (id,reporter_id,reported_user_id,context_type,context_id,reason,details,status,created_at,reviewed_at,reviewed_by) VALUES (11,180,16,'general',NULL,'misconduct','Agent contacted landlord directly to negotiate a deal without going through the platform.','reviewed','2025-04-18 13:00:00','2025-05-01 10:00:00',17);
INSERT IGNORE INTO reports (id,reporter_id,reported_user_id,context_type,context_id,reason,details,status,created_at,reviewed_at,reviewed_by) VALUES (12,190,46,'message',9,'other','Student filed complaint about late reply but misunderstood the response time policy.','dismissed','2025-05-10 10:00:00','2025-05-12 09:00:00',16);
INSERT IGNORE INTO reports (id,reporter_id,reported_user_id,context_type,context_id,reason,details,status,created_at,reviewed_at,reviewed_by) VALUES (13,200,252,'general',NULL,'scam','Property listing copy-pasted from another platform. Photos belong to a different location entirely.','actioned','2025-05-20 11:00:00','2025-06-01 15:00:00',17);
INSERT IGNORE INTO reports (id,reporter_id,reported_user_id,context_type,context_id,reason,details,status,created_at,reviewed_at,reviewed_by) VALUES (14,210,75,'message',15,'harassment','Landlord keeps calling after student cancelled tenancy. Very aggressive behavior.','pending','2025-06-01 14:00:00',NULL,NULL);
INSERT IGNORE INTO reports (id,reporter_id,reported_user_id,context_type,context_id,reason,details,status,created_at,reviewed_at,reviewed_by) VALUES (15,220,265,'tenancy',20,'fake_information','WiFi speed stated as 100Mbps but actual speed never exceeds 5Mbps. Router shared with 20+ tenants.','pending','2025-06-10 09:00:00',NULL,NULL);

SET FOREIGN_KEY_CHECKS=1;

-- Seed complete. Check counts:
-- SELECT 'users' tbl, COUNT(*) n FROM users UNION ALL SELECT 'properties',COUNT(*) FROM properties UNION ALL SELECT 'tenancies',COUNT(*) FROM tenancies UNION ALL SELECT 'reports',COUNT(*) FROM reports;
